479490,0.02,0.03
479502,0.02,0.03
479514,0.01,0.03
479526,0.01,0.04
479538,0.03,0.03
479550,0.02,0.03
479562,0.02,0.04
479574,0.02,0.03
479586,0.02,0.03
479598,0.01,0.03
479610,0.02,0.04
479622,0.01,0.03
479634,0.02,0.03
479646,0.01,0.03
479658,0.02,0.03
479670,0.02,0.04
479682,0.02,0.03
479694,0.01,0.03
479706,0.02,0.03
479718,0.02,0.03
479730,0.02,0.03
479742,0.03,0.04
479754,0.01,0.03
479766,0.02,0.04
479778,0.01,0.03
479790,0.02,0.03
479802,0.02,0.03
479814,0.01,0.04
479826,0.02,0.03
479838,0.02,0.03
479850,0.02,0.03
479862,0.02,0.03
479874,0.02,0.04
479886,0.02,0.03
479898,0.02,0.03
479910,0.01,0.03
479922,0.02,0.03
479934,0.02,0.03
479946,0.02,0.04
479958,0.02,0.03
479970,0.02,0.04
479982,0.02,0.04
479994,0.02,0.03
480006,0.01,0.03
480018,0.01,0.03
480030,0.02,0.03
480042,0.01,0.03
480054,0.01,0.03
480066,0.01,0.03
480078,0.01,0.03
480090,0.01,0.04
480102,0.02,0.03
480114,0.03,0.03
480126,0.01,0.03
480138,0.02,0.03
480150,0.02,0.03
480162,0.02,0.03
480174,0.01,0.03
480186,0.02,0.03
480198,0.02,0.03
480210,0.02,0.04
480222,0.02,0.03
480234,0.02,0.04
480246,0.01,0.04
480258,0.01,0.04
480270,0.02,0.03
480282,0.01,0.04
480294,0.02,0.03
480306,0.02,0.03
480318,0.02,0.03
480330,0.01,0.03
480342,0.01,0.03
480354,0.01,0.03
480366,0.02,0.03
480378,0.01,0.03
480390,0.02,0.03
480402,0.02,0.03
480414,0.02,0.03
480426,0.02,0.03
480438,0.02,0.03
480450,0.02,0.03
480462,0.01,0.03
480474,0.01,0.03
480486,0.02,0.03
480498,0.02,0.03
480510,0.02,0.03
480522,0.01,0.03
480534,0.01,0.03
480546,0.02,0.03
480558,0.02,0.04
480570,0.01,0.04
480582,0.01,0.04
480594,0.02,0.03
480606,0.02,0.03
480618,0.02,0.04
480630,0.01,0.03
480642,0.01,0.03
480654,0.01,0.03
480666,0.02,0.03
480678,0.02,0.04
480690,0.02,0.03
480702,0.02,0.03
480714,0.01,0.04
480726,0.01,0.03
480738,0.02,0.03
480750,0.02,0.03
480762,0.02,0.03
480774,0.02,0.04
480786,0.02,0.04
480798,0.02,0.03
480810,0.02,0.04
480822,0.03,0.03
480834,0.02,0.04
480846,0.02,0.03
480858,0.02,0.03
480870,0.03,0.04
480882,0.02,0.03
480894,0.02,0.03
480906,0.02,0.04
480918,0.02,0.04
480930,0.02,0.03
480942,0.02,0.03
480954,0.02,0.03
480966,0.03,0.03
480978,0.03,0.03
480990,0.04,0.02
481002,0.04,0.02
481014,0.03,0.02
481026,0.04,0.02
481038,0.05,0.01
481050,0.04,0.01
481062,0.04,-0.00
481074,0.03,-0.01
481086,0.04,-0.00
481098,0.02,-0.00
481110,0.04,-0.01
481122,0.03,-0.01
481134,0.03,-0.01
481146,0.02,-0.01
481158,0.02,-0.02
481170,0.03,-0.01
481182,0.02,-0.00
481194,0.02,0.00
481206,0.02,0.01
481218,0.02,0.01
481230,0.02,0.02
481242,0.02,0.01
481254,0.02,0.02
481266,0.02,0.02
481278,0.02,0.02
481290,0.01,0.03
481302,0.02,0.03
481314,0.01,0.04
481326,0.01,0.10
481338,0.03,0.15
481350,0.01,0.23
481362,0.01,0.31
481374,-0.00,0.40
481386,-0.02,0.51
481398,-0.04,0.61
481410,-0.06,0.70
481422,-0.08,0.76
481434,-0.08,0.76
481446,-0.09,0.77
481458,-0.09,0.77
481470,-0.08,0.77
481482,-0.09,0.77
481494,-0.08,0.77
481506,-0.09,0.77
481518,-0.09,0.77
481530,-0.08,0.77
481542,-0.08,0.78
481554,-0.08,0.78
481566,-0.09,0.77
481578,-0.08,0.78
481590,-0.09,0.78
481602,-0.09,0.77
481614,-0.07,0.78
481626,-0.09,0.78
481638,-0.08,0.78
481650,-0.09,0.78
481662,-0.09,0.78
481674,-0.08,0.78
481686,-0.09,0.78
481698,-0.09,0.78
481710,-0.09,0.78
481722,-0.09,0.77
481734,-0.09,0.78
481746,-0.09,0.78
481758,-0.09,0.77
481770,-0.10,0.79
481782,-0.09,0.78
481794,-0.10,0.79
481806,-0.10,0.79
481818,-0.10,0.79
481830,-0.09,0.79
481842,-0.09,0.79
481854,-0.09,0.79
481866,-0.09,0.79
481878,-0.09,0.80
481890,-0.08,0.80
481902,-0.09,0.79
481914,-0.08,0.80
481926,-0.09,0.80
481938,-0.08,0.79
481950,-0.09,0.79
481962,-0.09,0.79
481974,-0.09,0.79
481986,-0.08,0.77
481998,-0.07,0.76
482010,-0.08,0.75
482022,-0.07,0.73
482034,-0.07,0.71
482046,-0.05,0.68
482058,-0.04,0.64
482070,-0.04,0.60
482082,-0.03,0.55
482094,-0.02,0.50
482106,-0.02,0.45
482118,-0.01,0.39
482130,-0.00,0.34
482142,0.00,0.29
482154,-0.00,0.22
482166,0.01,0.16
482178,0.01,0.11
482190,0.02,0.06
482202,0.02,0.01
482214,0.02,0.01
482226,0.02,0.01
482238,0.02,0.02
482250,0.02,0.02
482262,0.02,0.02
482274,0.02,0.02
482286,0.03,0.01
482298,0.02,0.01
482310,0.02,0.02
482322,0.02,0.02
482334,0.02,0.02
482346,0.02,0.01
482358,0.02,0.02
482370,0.02,0.02
482382,0.02,0.02
482394,0.01,0.02
482406,0.01,0.02
482418,0.02,0.02
482430,0.01,0.02
482442,0.02,0.02
482454,0.01,0.01
482466,0.01,0.02
482478,0.02,0.01
482490,0.02,0.03
482502,0.02,0.03
482514,0.01,0.02
482526,0.02,0.03
482538,0.02,0.02
482550,0.01,0.02
482562,0.02,0.02
482574,0.01,0.02
482586,0.02,0.02
482598,0.02,0.02
482610,0.01,0.02
482622,0.02,0.02
482634,0.02,0.02
482646,0.01,0.02
482658,0.02,0.03
482670,0.01,0.02
482682,0.02,0.03
482694,0.02,0.02
482706,0.02,0.02
482718,0.02,0.02
482730,0.02,0.02
482742,0.01,0.03
482754,0.02,0.02
482766,0.01,0.03
482778,0.02,0.02
482790,0.01,0.02
482802,0.01,0.02
482814,0.02,0.02
482826,0.01,0.03
482838,0.02,0.03
482850,0.02,0.02
482862,0.01,0.03
482874,0.02,0.03
482886,0.01,0.02
482898,0.02,0.02
482910,0.01,0.02
482922,0.02,0.03
482934,0.02,0.02
482946,0.02,0.01
482958,0.01,0.02
482970,0.01,0.02
482982,0.02,0.02
482994,0.02,0.02
483006,0.01,0.01
483018,0.01,0.01
483030,0.02,0.01
483042,0.03,0.01
483054,0.02,0.01
483066,0.02,0.01
483078,0.02,0.01
483090,0.02,0.01
483102,0.02,0.01
483114,0.02,0.01
483126,0.01,0.01
483138,0.02,0.01
483150,0.01,0.01
483162,0.01,0.01
483174,0.01,0.01
483186,0.02,0.01
483198,0.01,0.01
483210,0.01,0.01
483222,0.01,0.01
483234,0.01,0.00
483246,0.04,0.01
483258,0.03,0.01
483270,0.03,0.01
483282,0.02,0.01
483294,0.02,0.01
483306,0.03,0.01
483318,0.01,0.01
483330,0.02,0.01
483342,0.02,0.01
483354,0.02,0.01
483366,0.02,0.01
483378,0.02,0.01
483390,0.02,0.00
483402,0.02,0.01
483414,0.02,0.01
483426,0.02,0.01
483438,0.00,0.00
483450,0.01,0.01
483462,0.01,0.01
483474,0.01,0.01
483486,0.01,0.01
483498,0.00,0.01
483510,0.01,0.01
483522,0.01,0.01
483534,0.00,0.01
483546,0.01,0.01
483558,-0.00,0.01
483570,0.01,0.02
483582,0.01,0.01
483594,0.01,0.01
483606,0.01,0.01
483618,0.00,0.01
483630,0.00,0.02
483642,0.01,0.01
483654,0.01,0.01
483666,0.01,0.01
483678,0.00,0.01
483690,0.01,0.02
483702,0.01,0.01
483714,0.01,0.01
483726,0.00,0.01
483738,0.01,0.01
483750,0.00,0.01
483762,0.01,0.01
483774,-0.00,0.01
483786,0.01,0.01
483798,0.01,0.01
483810,-0.00,0.01
483822,0.01,0.01
483834,0.01,0.01
483846,0.00,0.01
483858,0.01,0.01
483870,0.01,0.01
483882,0.02,0.01
483894,0.02,0.02
483906,0.01,0.02
483918,0.01,0.02
483930,0.01,0.02
483942,0.02,0.02
483954,0.01,0.02
483966,0.01,0.02
483978,0.02,0.03
483990,0.01,0.03
484002,0.02,0.03
484014,0.01,0.03
484026,0.02,0.03
484038,0.03,0.04
484050,0.04,0.04
484062,0.01,0.04
484074,0.01,0.04
484086,0.03,0.04
484098,0.01,0.04
484110,0.00,0.05
484122,0.03,0.04
484134,0.02,0.04
484146,0.04,0.04
484158,0.04,0.04
484170,0.04,0.04
484182,0.03,0.05
484194,0.06,0.06
484206,0.16,0.12
484218,0.28,0.21
484230,0.39,0.28
484242,0.41,0.31
484254,0.43,0.32
484266,0.44,0.32
484278,0.51,0.40
484290,0.68,0.54
484302,0.79,0.66
484314,0.80,0.66
484326,0.80,0.66
484338,0.80,0.66
484350,0.80,0.67
484362,0.79,0.66
484374,0.80,0.66
484386,0.79,0.67
484398,0.80,0.67
484410,0.79,0.67
484422,0.79,0.67
484434,0.79,0.67
484446,0.79,0.67
484458,0.79,0.66
484470,0.79,0.67
484482,0.79,0.67
484494,0.79,0.67
484506,0.80,0.67
484518,0.79,0.67
484530,0.79,0.67
484542,0.79,0.67
484554,0.79,0.67
484566,0.79,0.67
484578,0.79,0.67
484590,0.79,0.67
484602,0.79,0.67
484614,0.80,0.67
484626,0.79,0.66
484638,0.79,0.67
484650,0.79,0.67
484662,0.79,0.52
484674,0.78,0.67
484686,0.79,0.67
484698,0.79,0.67
484710,0.79,0.67
484722,0.80,0.67
484734,0.79,0.67
484746,0.79,0.67
484758,0.78,0.67
484770,0.79,0.67
484782,0.79,0.67
484794,0.79,0.67
484806,0.80,0.67
484818,0.79,0.67
484830,0.79,0.66
484842,0.79,0.67
484854,0.78,0.67
484866,0.78,0.67
484878,0.79,0.67
484890,0.79,0.67
484902,0.78,0.67
484914,0.78,0.67
484926,0.79,0.67
484938,0.79,0.67
484950,0.80,0.67
484962,0.79,0.67
484974,0.78,0.66
484986,0.78,0.66
484998,0.78,0.67
485010,0.77,0.66
485022,0.76,0.65
485034,0.77,0.63
485046,0.76,0.62
485058,0.73,0.60
485070,0.68,0.57
485082,0.64,0.54
485094,0.59,0.47
485106,0.52,0.41
485118,0.46,0.35
485130,0.42,0.30
485142,0.34,0.25
485154,0.28,0.21
485166,0.25,0.17
485178,0.17,0.13
485190,0.11,0.10
485202,0.02,0.08
485214,0.01,0.07
485226,0.00,0.07
485238,0.01,0.06
485250,0.01,0.06
485262,-0.00,0.06
485274,-0.01,0.05
485286,-0.01,0.04
485298,-0.01,0.05
485310,-0.01,0.05
485322,-0.01,0.05
485334,-0.02,0.05
485346,-0.01,0.05
485358,-0.01,0.05
485370,-0.02,0.05
485382,-0.01,0.05
485394,-0.02,0.05
485406,-0.01,0.05
485418,-0.01,0.05
485430,-0.01,0.05
485442,-0.01,0.05
485454,-0.02,0.05
485466,-0.02,0.05
485478,-0.02,0.05
485490,-0.01,0.05
485502,-0.01,0.05
485514,-0.02,0.05
485526,-0.02,0.05
485538,-0.01,0.05
485550,-0.02,0.05
485562,-0.01,0.05
485574,-0.02,0.05
485586,-0.01,0.05
485598,-0.02,0.05
485610,-0.02,0.05
485622,-0.02,0.05
485634,-0.01,0.05
485646,-0.01,0.05
485658,-0.01,0.05
485670,-0.01,0.05
485682,-0.01,0.05
485694,-0.01,0.05
485706,-0.01,0.05
485718,-0.02,0.05
485730,-0.01,0.05
485742,-0.01,0.05
485754,-0.02,0.05
485766,-0.02,0.05
485778,-0.02,0.05
485790,-0.02,0.05
485802,-0.01,0.06
485814,-0.01,0.05
485826,-0.01,0.05
485838,-0.01,0.05
485850,-0.02,0.06
485862,-0.01,0.05
485874,-0.01,0.05
485886,-0.02,0.05
485898,-0.01,0.05
485910,-0.02,0.05
485922,-0.01,0.05
485934,-0.00,0.06
485946,-0.01,0.05
485958,-0.01,0.05
485970,-0.01,0.05
485982,0.00,0.05
485994,-0.01,0.05
486006,-0.02,0.06
486018,-0.01,0.05
486030,-0.01,0.05
486042,-0.01,0.05
486054,-0.02,0.05
486066,-0.01,0.05
486078,-0.01,0.05
486090,-0.02,0.06
486102,-0.02,0.06
486114,-0.03,0.06
486126,-0.03,0.06
486138,-0.02,0.06
486150,-0.04,0.06
486162,-0.02,0.06
486174,-0.02,0.07
486186,-0.03,0.06
486198,-0.03,0.07
486210,-0.03,0.06
486222,-0.03,0.07
486234,-0.02,0.07
486246,-0.03,0.07
486258,-0.03,0.07
486270,-0.03,0.07
486282,-0.03,0.07
486294,-0.03,0.07
486306,-0.04,0.07
486318,-0.03,0.07
486330,-0.03,0.07
486342,-0.03,0.07
486354,-0.03,0.07
486366,-0.04,0.07
486378,-0.03,0.07
486390,-0.03,0.07
486402,-0.03,0.07
486414,-0.03,0.07
486426,-0.02,0.07
486438,-0.03,0.06
486450,-0.02,0.07
486462,-0.02,0.07
486474,-0.02,0.07
486486,-0.01,0.06
486498,-0.00,0.07
486510,0.02,0.06
486522,0.01,0.06
486534,0.03,0.06
486546,0.03,0.05
486558,0.05,0.05
486570,0.06,0.05
486582,0.08,0.06
486594,0.09,0.05
486606,0.10,0.04
486618,0.13,0.04
486630,0.14,0.04
486642,0.24,0.05
486654,0.28,0.06
486666,0.33,0.06
486678,0.39,0.07
486690,0.49,0.08
486702,0.54,0.08
486714,0.64,0.09
486726,0.72,0.10
486738,0.77,0.09
486750,0.84,0.09
486762,0.89,0.09
486774,0.89,0.09
486786,0.90,0.09
486798,0.89,0.09
486810,0.89,0.09
486822,0.89,0.09
486834,0.89,0.09
486846,0.89,0.09
486858,0.89,0.09
486870,0.89,0.09
486882,0.88,0.09
486894,0.89,0.10
486906,0.89,0.09
486918,0.88,0.10
486930,0.88,0.10
486942,0.88,0.10
486954,0.88,0.10
486966,0.88,0.10
486978,0.88,0.10
486990,0.88,0.09
487002,0.88,0.09
487014,0.88,0.10
487026,0.88,0.10
487038,0.89,0.09
487050,0.89,0.10
487062,0.88,0.09
487074,0.88,0.10
487086,0.88,0.10
487098,0.88,0.09
487110,0.88,0.10
487122,0.89,0.10
487134,0.88,0.09
487146,0.89,0.09
487158,0.89,0.10
487170,0.88,0.09
487182,0.88,0.09
487194,0.88,0.09
487206,0.88,0.10
487218,0.87,0.09
487230,0.88,0.09
487242,0.89,0.09
487254,0.89,0.09
487266,0.88,0.09
487278,0.88,0.09
487290,0.88,0.10
487302,0.88,0.10
487314,0.88,0.09
487326,0.88,0.09
487338,0.88,0.09
487350,0.88,0.09
487362,0.88,0.10
487374,0.88,0.10
487386,0.89,0.09
487398,0.88,0.09
487410,0.88,0.09
487422,0.89,0.09
487434,0.88,0.09
487446,0.89,0.09
487458,0.88,0.09
487470,0.89,0.09
487482,0.89,0.09
487494,0.88,0.08
487506,0.89,0.09
487518,0.89,0.09
487530,0.89,0.09
487542,0.90,0.08
487554,0.90,0.09
487566,0.90,0.09
487578,0.89,0.09
487590,0.85,0.10
487602,0.83,0.10
487614,0.80,0.11
487626,0.76,0.11
487638,0.76,0.11
487650,0.73,0.11
487662,0.68,0.11
487674,0.66,0.11
487686,0.60,0.10
487698,0.52,0.10
487710,0.47,0.09
487722,0.41,0.09
487734,0.32,0.08
487746,0.26,0.08
487758,0.19,0.07
487770,0.14,0.07
487782,0.08,0.07
487794,0.03,0.06
487806,0.01,0.06
487818,-0.00,0.06
487830,-0.00,0.06
487842,-0.01,0.05
487854,0.00,0.05
487866,0.01,0.05
487878,0.01,0.05
487890,0.00,0.06
487902,0.01,0.05
487914,0.01,0.05
487926,0.01,0.05
487938,0.01,0.05
487950,0.01,0.05
487962,0.01,0.05
487974,0.02,0.06
487986,0.02,0.05
487998,0.01,0.05
488010,0.02,0.05
488022,0.01,0.05
488034,0.02,0.05
488046,0.01,0.05
488058,0.01,0.05
488070,0.01,0.05
488082,0.01,0.05
488094,0.01,0.05
488106,0.02,0.05
488118,0.02,0.05
488130,0.02,0.05
488142,0.02,0.05
488154,0.02,0.05
488166,0.01,0.05
488178,0.02,0.05
488190,0.01,0.04
488202,0.02,0.05
488214,0.02,0.05
488226,0.02,0.05
488238,0.01,0.05
488250,0.01,0.04
488262,0.02,0.05
488274,0.01,0.05
488286,0.02,0.05
488298,0.02,0.05
488310,0.02,0.05
488322,0.02,0.05
488334,0.02,0.05
488346,0.01,0.05
488358,0.02,0.05
488370,0.02,0.04
488382,0.02,0.05
488394,0.01,0.05
488406,0.02,0.05
488418,0.02,0.04
488430,0.02,0.04
488442,0.02,0.04
488454,0.02,0.05
488466,0.02,0.05
488478,0.02,0.04
488490,0.02,0.04
488502,0.02,0.04
488514,0.02,0.05
488526,0.03,0.05
488538,0.03,0.05
488550,0.03,0.05
488562,0.02,0.05
488574,0.02,0.05
488586,0.03,0.05
488598,0.03,0.05
488610,0.02,0.04
488622,0.03,0.04
488634,0.03,0.05
488646,0.03,0.04
488658,0.00,0.04
488670,0.03,0.04
488682,0.03,0.04
488694,0.03,0.05
488706,0.02,0.04
488718,0.02,0.04
488730,0.03,0.04
488742,0.02,0.04
488754,0.02,0.05
488766,0.02,0.05
488778,0.02,0.05
488790,0.01,0.05
488802,0.01,0.06
488814,0.02,0.05
488826,0.01,0.06
488838,0.01,0.06
488850,0.00,0.06
488862,0.01,0.06
488874,0.00,0.06
488886,-0.00,0.06
488898,-0.00,0.07
488910,0.00,0.06
488922,0.00,0.07
488934,-0.00,0.06
488946,-0.00,0.07
488958,-0.00,0.07
488970,0.01,0.07
488982,-0.00,0.07
488994,-0.00,0.07
489006,-0.01,0.07
489018,-0.01,0.07
489030,-0.00,0.07
489042,0.00,0.07
489054,-0.01,0.07
489066,-0.01,0.07
489078,-0.00,0.06
489090,0.01,0.05
489102,0.00,0.04
489114,0.01,0.03
489126,0.03,0.02
489138,0.02,0.01
489150,0.02,-0.00
489162,0.04,-0.01
489174,0.05,-0.02
489186,0.05,-0.02
489198,0.07,-0.03
489210,0.08,-0.04
489222,0.09,-0.05
489234,0.11,-0.07
489246,0.14,-0.07
489258,0.15,-0.09
489270,0.18,-0.11
489282,0.22,-0.15
489294,0.25,-0.18
489306,0.31,-0.22
489318,0.37,-0.26
489330,0.40,-0.32
489342,0.47,-0.36
489354,0.52,-0.42
489366,0.61,-0.49
489378,0.65,-0.54
489390,0.64,-0.53
489402,0.63,-0.53
489414,0.62,-0.52
489426,0.62,-0.52
489438,0.62,-0.52
489450,0.61,-0.52
489462,0.61,-0.51
489474,0.62,-0.51
489486,0.61,-0.51
489498,0.61,-0.51
489510,0.59,-0.50
489522,0.59,-0.50
489534,0.59,-0.50
489546,0.59,-0.49
489558,0.59,-0.50
489570,0.59,-0.50
489582,0.59,-0.50
489594,0.58,-0.50
489606,0.59,-0.50
489618,0.59,-0.50
489630,0.59,-0.50
489642,0.59,-0.50
489654,0.59,-0.50
489666,0.58,-0.49
489678,0.59,-0.50
489690,0.58,-0.50
489702,0.59,-0.50
489714,0.59,-0.50
489726,0.59,-0.49
489738,0.59,-0.49
489750,0.59,-0.50
489762,0.58,-0.50
489774,0.59,-0.50
489786,0.59,-0.50
489798,0.58,-0.50
489810,0.58,-0.50
489822,0.59,-0.50
489834,0.59,-0.50
489846,0.58,-0.50
489858,0.59,-0.51
489870,0.58,-0.50
489882,0.59,-0.50
489894,0.59,-0.50
489906,0.58,-0.51
489918,0.59,-0.50
489930,0.59,-0.50
489942,0.58,-0.50
489954,0.58,-0.50
489966,0.59,-0.51
489978,0.59,-0.51
489990,0.59,-0.50
490002,0.59,-0.50
490014,0.59,-0.51
490026,0.59,-0.51
490038,0.58,-0.51
490050,0.59,-0.51
490062,0.59,-0.51
490074,0.59,-0.51
490086,0.59,-0.50
490098,0.58,-0.51
490110,0.60,-0.50
490122,0.59,-0.51
490134,0.59,-0.51
490146,0.58,-0.51
490158,0.58,-0.51
490170,0.58,-0.51
490182,0.56,-0.49
490194,0.53,-0.47
490206,0.53,-0.44
490218,0.48,-0.40
490230,0.43,-0.36
490242,0.39,-0.31
490254,0.32,-0.27
490266,0.26,-0.23
490278,0.24,-0.19
490290,0.18,-0.16
490302,0.16,-0.12
490314,0.10,-0.10
490326,0.06,-0.07
490338,0.02,-0.04
490350,-0.01,0.00
490362,-0.05,0.04
490374,-0.06,0.03
490386,-0.06,0.05
490398,-0.07,0.05
490410,-0.07,0.06
490422,-0.06,0.06
490434,-0.07,0.06
490446,-0.07,0.05
490458,-0.07,0.06
490470,-0.07,0.05
490482,-0.06,0.06
490494,-0.07,0.05
490506,-0.06,0.05
490518,-0.07,0.05
490530,-0.06,0.05
490542,-0.07,0.05
490554,-0.06,0.05
490566,-0.06,0.05
490578,-0.06,0.06
490590,-0.06,0.05
490602,-0.06,0.05
490614,-0.07,0.05
490626,-0.06,0.05
490638,-0.06,0.05
490650,-0.06,0.05
490662,-0.06,0.05
490674,-0.06,0.04
490686,-0.06,0.05
490698,-0.06,0.05
490710,-0.06,0.05
490722,-0.06,0.05
490734,-0.06,0.05
490746,-0.05,0.05
490758,-0.06,0.05
490770,-0.05,0.05
490782,-0.06,0.05
490794,-0.05,0.05
490806,-0.06,0.05
490818,-0.05,0.04
490830,-0.05,0.05
490842,-0.05,0.05
490854,-0.05,0.05
490866,-0.05,0.05
490878,-0.06,0.05
490890,-0.06,0.04
490902,-0.05,0.05
490914,-0.05,0.04
490926,-0.05,0.05
490938,-0.05,0.05
490950,-0.05,0.04
490962,-0.05,0.04
490974,-0.06,0.05
490986,-0.05,0.04
490998,-0.05,0.04
491010,-0.05,0.04
491022,-0.05,0.04
491034,-0.05,0.04
491046,-0.05,0.04
491058,-0.05,0.04
491070,-0.05,0.04
491082,-0.05,0.04
491094,-0.05,0.04
491106,-0.05,0.04
491118,-0.04,0.05
491130,-0.05,0.04
491142,-0.05,0.04
491154,-0.05,0.04
491166,-0.05,0.05
491178,-0.05,0.04
491190,-0.05,0.04
491202,-0.04,0.04
491214,-0.05,0.04
491226,-0.04,0.04
491238,-0.05,0.04
491250,-0.04,0.04
491262,-0.04,0.05
491274,-0.05,0.04
491286,-0.05,0.04
491298,-0.05,0.04
491310,-0.05,0.04
491322,-0.05,0.05
491334,-0.04,0.04
491346,-0.04,0.04
491358,-0.04,0.04
491370,-0.05,0.04
491382,-0.04,0.05
491394,-0.05,0.04
491406,-0.04,0.04
491418,-0.04,0.04
491430,-0.05,0.04
491442,-0.05,0.04
491454,-0.04,0.04
491466,-0.04,0.04
491478,-0.04,0.04
491490,-0.04,0.04
491502,-0.04,0.05
491514,-0.04,0.05
491526,-0.04,0.06
491538,-0.04,0.06
491550,-0.04,0.07
491562,-0.04,0.07
491574,-0.04,0.08
491586,-0.04,0.08
491598,-0.04,0.08
491610,-0.04,0.07
491622,-0.04,0.08
491634,-0.04,0.08
491646,-0.05,0.08
491658,-0.06,0.07
491670,-0.07,0.07
491682,-0.07,0.05
491694,-0.07,0.04
491706,-0.07,0.05
491718,-0.09,0.04
491730,-0.08,0.04
491742,-0.08,0.03
491754,-0.09,0.02
491766,-0.09,0.01
491778,-0.09,0.01
491790,-0.10,0.01
491802,-0.10,0.01
491814,-0.09,-0.00
491826,-0.10,-0.01
491838,-0.09,-0.02
491850,-0.10,-0.03
491862,-0.09,-0.04
491874,-0.09,-0.05
491886,-0.08,-0.08
491898,-0.08,-0.11
491910,-0.09,-0.14
491922,-0.08,-0.18
491934,-0.08,-0.22
491946,-0.08,-0.26
491958,-0.07,-0.31
491970,-0.07,-0.35
491982,-0.08,-0.40
491994,-0.07,-0.43
492006,-0.07,-0.47
492018,-0.08,-0.52
492030,-0.07,-0.56
492042,-0.08,-0.60
492054,-0.08,-0.66
492066,-0.09,-0.69
492078,-0.09,-0.73
492090,-0.10,-0.75
492102,-0.10,-0.76
492114,-0.10,-0.75
492126,-0.10,-0.76
492138,-0.10,-0.75
492150,-0.10,-0.76
492162,-0.09,-0.75
492174,-0.09,-0.76
492186,-0.10,-0.76
492198,-0.10,-0.75
492210,-0.10,-0.76
492222,-0.10,-0.75
492234,-0.10,-0.75
492246,-0.10,-0.75
492258,-0.10,-0.74
492270,-0.10,-0.75
492282,-0.10,-0.76
492294,-0.10,-0.75
492306,-0.10,-0.76
492318,-0.10,-0.75
492330,-0.10,-0.75
492342,-0.10,-0.75
492354,-0.10,-0.75
492366,-0.10,-0.74
492378,-0.10,-0.75
492390,-0.10,-0.75
492402,-0.10,-0.75
492414,-0.09,-0.75
492426,-0.10,-0.75
492438,-0.10,-0.75
492450,-0.11,-0.75
492462,-0.10,-0.75
492474,-0.11,-0.75
492486,-0.10,-0.75
492498,-0.10,-0.75
492510,-0.10,-0.75
492522,-0.10,-0.75
492534,-0.10,-0.76
492546,-0.09,-0.75
492558,-0.09,-0.75
492570,-0.10,-0.76
492582,-0.09,-0.75
492594,-0.10,-0.76
492606,-0.09,-0.76
492618,-0.10,-0.76
492630,-0.10,-0.76
492642,-0.09,-0.76
492654,-0.09,-0.76
492666,-0.10,-0.76
492678,-0.10,-0.76
492690,-0.10,-0.76
492702,-0.09,-0.77
492714,-0.10,-0.76
492726,-0.12,-0.73
492738,-0.10,-0.72
492750,-0.10,-0.71
492762,-0.11,-0.69
492774,-0.11,-0.66
492786,-0.12,-0.64
492798,-0.11,-0.60
492810,-0.11,-0.56
492822,-0.11,-0.51
492834,-0.10,-0.45
492846,-0.10,-0.39
492858,-0.10,-0.34
492870,-0.12,-0.27
492882,-0.12,-0.22
492894,-0.11,-0.15
492906,-0.10,-0.09
492918,-0.11,-0.03
492930,-0.11,0.02
492942,-0.11,0.06
492954,-0.10,0.06
492966,-0.09,0.04
492978,-0.07,0.04
492990,-0.06,0.02
493002,-0.06,0.02
493014,-0.04,0.01
493026,-0.04,0.00
493038,-0.03,0.00
493050,-0.03,-0.01
493062,-0.03,-0.01
493074,-0.04,0.02
493086,-0.05,0.03
493098,-0.05,0.02
493110,-0.06,0.03
493122,-0.06,0.03
493134,-0.06,0.03
493146,-0.06,0.03
493158,-0.06,0.03
493170,-0.06,0.03
493182,-0.05,0.03
493194,-0.05,0.04
493206,-0.05,0.04
493218,-0.05,0.03
493230,-0.05,0.03
493242,-0.06,0.04
493254,-0.05,0.03
493266,-0.05,0.03
493278,-0.05,0.03
493290,-0.06,0.04
493302,-0.06,0.04
493314,-0.05,0.03
493326,-0.05,0.04
493338,-0.06,0.03
493350,-0.05,0.03
493362,-0.06,0.03
493374,-0.06,0.03
493386,-0.06,0.03
493398,-0.06,0.03
493410,-0.05,0.03
493422,-0.06,0.04
493434,-0.06,0.03
493446,-0.05,0.03
493458,-0.05,0.03
493470,-0.06,0.04
493482,-0.05,0.03
493494,-0.05,0.04
493506,-0.06,0.03
493518,-0.06,0.04
493530,-0.05,0.03
493542,-0.05,0.03
493554,-0.05,0.03
493566,-0.06,0.03
493578,-0.05,0.03
493590,-0.06,0.03
493602,-0.06,0.03
493614,-0.06,0.03
493626,-0.06,0.03
493638,-0.06,0.03
493650,-0.05,0.03
493662,-0.05,0.03
493674,-0.06,0.03
493686,-0.06,0.03
493698,-0.06,0.03
493710,-0.06,0.03
493722,-0.06,0.04
493734,-0.05,0.03
493746,-0.06,0.03
493758,-0.05,0.03
493770,-0.05,0.04
493782,-0.05,0.03
493794,-0.06,0.03
493806,-0.06,0.03
493818,-0.06,0.03
493830,-0.05,0.03
493842,-0.06,0.03
493854,-0.05,0.03
493866,-0.06,0.03
493878,-0.05,0.04
493890,-0.05,0.03
493902,-0.06,0.03
493914,-0.05,0.03
493926,-0.06,0.03
493938,-0.06,0.03
493950,-0.05,0.04
493962,-0.05,0.03
493974,-0.06,0.03
493986,-0.06,0.03
493998,-0.05,0.03
494010,-0.06,0.04
494022,-0.06,0.03
494034,-0.05,0.03
494046,-0.06,0.03
494058,-0.06,0.03
494070,-0.06,0.04
494082,-0.06,0.03
494094,-0.06,0.03
494106,-0.06,0.03
494118,-0.05,0.04
494130,-0.06,0.03
494142,-0.06,0.03
494154,-0.06,0.04
494166,-0.05,0.03
494178,-0.06,0.04
494190,-0.05,0.05
494202,-0.05,0.04
494214,-0.05,0.04
494226,-0.04,0.05
494238,-0.05,0.05
494250,-0.04,0.05
494262,-0.04,0.06
494274,-0.04,0.05
494286,-0.04,0.06
494298,-0.04,0.05
494310,-0.05,0.06
494322,-0.04,0.06
494334,-0.04,0.06
494346,-0.04,0.06
494358,-0.05,0.06
494370,-0.05,0.06
494382,-0.06,0.06
494394,-0.07,0.05
494406,-0.07,0.05
494418,-0.09,0.06
494430,-0.09,0.05
494442,-0.09,0.04
494454,-0.10,0.04
494466,-0.11,0.03
494478,-0.12,0.02
494490,-0.09,0.01
494502,-0.09,0.01
494514,-0.10,0.01
494526,-0.11,0.01
494538,-0.12,-0.01
494550,-0.12,-0.02
494562,-0.14,-0.04
494574,-0.15,-0.05
494586,-0.18,-0.07
494598,-0.19,-0.08
494610,-0.22,-0.11
494622,-0.24,-0.12
494634,-0.23,-0.14
494646,-0.26,-0.17
494658,-0.29,-0.20
494670,-0.33,-0.24
494682,-0.36,-0.29
494694,-0.42,-0.34
494706,-0.47,-0.41
494718,-0.51,-0.45
494730,-0.55,-0.48
494742,-0.59,-0.51
494754,-0.61,-0.55
494766,-0.68,-0.61
494778,-0.71,-0.63
494790,-0.69,-0.63
494802,-0.70,-0.63
494814,-0.70,-0.62
494826,-0.69,-0.62
494838,-0.70,-0.62
494850,-0.70,-0.63
494862,-0.69,-0.63
494874,-0.69,-0.62
494886,-0.69,-0.62
494898,-0.69,-0.62
494910,-0.69,-0.62
494922,-0.70,-0.62
494934,-0.70,-0.62
494946,-0.70,-0.62
494958,-0.70,-0.62
494970,-0.70,-0.62
494982,-0.70,-0.62
494994,-0.70,-0.63
495006,-0.69,-0.63
495018,-0.69,-0.63
495030,-0.69,-0.62
495042,-0.70,-0.63
495054,-0.70,-0.62
495066,-0.70,-0.62
495078,-0.71,-0.62
495090,-0.70,-0.62
495102,-0.70,-0.63
495114,-0.70,-0.62
495126,-0.69,-0.63
495138,-0.70,-0.62
495150,-0.70,-0.63
495162,-0.70,-0.80
495174,-0.70,-0.62
495186,-0.70,-0.62
495198,-0.69,-0.62
495210,-0.69,-0.63
495222,-0.70,-0.63
495234,-0.70,-0.63
495246,-0.70,-0.63
495258,-0.69,-0.63
495270,-0.69,-0.63
495282,-0.70,-0.63
495294,-0.70,-0.63
495306,-0.70,-0.63
495318,-0.70,-0.63
495330,-0.70,-0.63
495342,-0.70,-0.63
495354,-0.69,-0.64
495366,-0.69,-0.64
495378,-0.70,-0.64
495390,-0.70,-0.64
495402,-0.70,-0.64
495414,-0.70,-0.64
495426,-0.70,-0.64
495438,-0.69,-0.64
495450,-0.67,-0.61
495462,-0.64,-0.58
495474,-0.62,-0.55
495486,-0.60,-0.51
495498,-0.57,-0.47
495510,-0.52,-0.43
495522,-0.46,-0.39
495534,-0.44,-0.34
495546,-0.38,-0.30
495558,-0.37,-0.25
495570,-0.29,-0.20
495582,-0.24,-0.16
495594,-0.21,-0.11
495606,-0.16,-0.08
495618,-0.11,-0.03
495630,-0.08,0.01
495642,-0.07,0.01
495654,-0.07,0.02
495666,-0.06,0.02
495678,-0.06,0.03
495690,-0.05,0.03
495702,-0.03,0.03
495714,-0.04,0.03
495726,-0.05,0.03
495738,-0.05,0.03
495750,-0.04,0.03
495762,-0.04,0.03
495774,-0.05,0.03
495786,-0.05,0.03
495798,-0.04,0.03
495810,-0.05,0.03
495822,-0.05,0.03
495834,-0.05,0.03
495846,-0.05,0.04
495858,-0.05,0.03
495870,-0.05,0.03
495882,-0.04,0.03
495894,-0.05,0.04
495906,-0.05,0.03
495918,-0.05,0.03
495930,-0.05,0.03
495942,-0.04,0.03
495954,-0.05,0.03
495966,-0.05,0.03
495978,-0.05,0.03
495990,-0.05,0.02
496002,-0.05,0.03
496014,-0.05,0.03
496026,-0.05,0.03
496038,-0.05,0.03
496050,-0.05,0.03
496062,-0.05,0.03
496074,-0.05,0.03
496086,-0.05,0.03
496098,-0.05,0.03
496110,-0.05,0.03
496122,-0.05,0.03
496134,-0.05,0.03
496146,-0.04,0.02
496158,-0.05,0.03
496170,-0.06,0.03
496182,-0.05,0.03
496194,-0.05,0.03
496206,-0.05,0.03
496218,-0.04,0.03
496230,-0.05,0.02
496242,-0.05,0.03
496254,-0.05,0.03
496266,-0.05,0.02
496278,-0.05,0.03
496290,-0.05,0.03
496302,-0.05,0.03
496314,-0.05,0.03
496326,-0.06,0.03
496338,-0.04,0.03
496350,-0.05,0.03
496362,-0.05,0.03
496374,-0.05,0.02
496386,-0.04,0.03
496398,-0.05,0.03
496410,-0.05,0.03
496422,-0.05,0.03
496434,-0.05,0.03
496446,-0.05,0.03
496458,-0.05,0.03
496470,-0.06,0.03
496482,-0.05,0.03
496494,-0.05,0.02
496506,-0.05,0.03
496518,-0.04,0.03
496530,-0.05,0.03
496542,-0.04,0.03
496554,-0.05,0.03
496566,-0.05,0.03
496578,-0.05,0.02
496590,-0.05,0.03
496602,-0.05,0.03
496614,-0.05,0.03
496626,-0.05,0.03
496638,-0.05,0.03
496650,-0.05,0.03
496662,-0.04,0.03
496674,-0.05,0.03
496686,-0.04,0.03
496698,-0.03,0.03
496710,-0.03,0.03
496722,-0.04,0.03
496734,-0.04,0.03
496746,-0.03,0.02
496758,-0.03,0.02
496770,-0.02,0.01
496782,-0.02,0.01
496794,-0.01,0.02
496806,0.00,0.01
496818,-0.01,0.01
496830,0.00,0.00
496842,-0.01,-0.00
496854,-0.00,0.00
496866,-0.02,0.00
496878,-0.02,-0.00
496890,-0.03,0.00
496902,-0.03,-0.00
496914,-0.04,-0.00
496926,-0.04,-0.01
496938,-0.04,-0.01
496950,-0.05,-0.01
496962,-0.05,-0.01
496974,-0.05,-0.01
496986,-0.06,-0.01
496998,-0.07,-0.01
497010,-0.08,-0.01
497022,-0.08,-0.01
497034,-0.09,-0.02
497046,-0.10,-0.01
497058,-0.10,-0.02
497070,-0.11,-0.02
497082,-0.11,-0.02
497094,-0.10,-0.02
497106,-0.13,-0.02
497118,-0.17,-0.03
497130,-0.21,-0.03
497142,-0.25,-0.03
497154,-0.31,-0.04
497166,-0.34,-0.05
497178,-0.41,-0.05
497190,-0.48,-0.05
497202,-0.51,-0.06
497214,-0.57,-0.07
497226,-0.60,-0.07
497238,-0.64,-0.08
497250,-0.70,-0.08
497262,-0.73,-0.08
497274,-0.73,-0.08
497286,-0.75,-0.07
497298,-0.75,-0.08
497310,-0.74,-0.08
497322,-0.73,-0.08
497334,-0.72,-0.08
497346,-0.72,-0.09
497358,-0.71,-0.08
497370,-0.73,-0.08
497382,-0.74,-0.08
497394,-0.73,-0.08
497406,-0.72,-0.08
497418,-0.71,-0.09
497430,-0.70,-0.08
497442,-0.71,-0.09
497454,-0.70,-0.09
497466,-0.71,-0.09
497478,-0.70,-0.09
497490,-0.70,-0.09
497502,-0.70,-0.09
497514,-0.69,-0.09
497526,-0.69,-0.08
497538,-0.70,-0.09
497550,-0.70,-0.09
497562,-0.69,-0.08
497574,-0.70,-0.10
497586,-0.69,-0.09
497598,-0.69,-0.10
497610,-0.69,-0.09
497622,-0.70,-0.09
497634,-0.70,-0.09
497646,-0.70,-0.09
497658,-0.69,-0.10
497670,-0.69,-0.09
497682,-0.69,-0.09
497694,-0.70,-0.09
497706,-0.70,-0.09
497718,-0.70,-0.09
497730,-0.70,-0.09
497742,-0.70,-0.09
497754,-0.70,-0.09
497766,-0.70,-0.09
497778,-0.70,-0.09
497790,-0.70,-0.10
497802,-0.71,-0.09
497814,-0.70,-0.09
497826,-0.70,-0.09
497838,-0.70,-0.09
497850,-0.71,-0.09
497862,-0.71,-0.09
497874,-0.71,-0.09
497886,-0.72,-0.09
497898,-0.72,-0.08
497910,-0.72,-0.09
497922,-0.71,-0.08
497934,-0.71,-0.09
497946,-0.72,-0.08
497958,-0.72,-0.08
497970,-0.73,-0.08
497982,-0.70,-0.08
497994,-0.67,-0.08
498006,-0.65,-0.07
498018,-0.60,-0.07
498030,-0.58,-0.07
498042,-0.53,-0.05
498054,-0.49,-0.05
498066,-0.44,-0.05
498078,-0.38,-0.05
498090,-0.36,-0.05
498102,-0.29,-0.04
498114,-0.24,-0.04
498126,-0.22,-0.04
498138,-0.17,-0.03
498150,-0.12,-0.03
498162,-0.09,-0.03
498174,-0.04,-0.03
498186,0.00,-0.03
498198,0.03,-0.03
498210,0.01,-0.03
498222,0.01,-0.03
498234,0.01,-0.02
498246,0.00,-0.02
498258,0.01,-0.02
498270,0.01,-0.02
498282,0.01,-0.02
498294,0.01,-0.02
498306,0.00,-0.02
498318,0.01,-0.02
498330,0.00,-0.02
498342,0.00,-0.02
498354,0.01,-0.02
498366,0.00,-0.02
498378,0.00,-0.02
498390,0.00,-0.02
498402,-0.00,-0.01
498414,-0.00,-0.02
498426,0.01,-0.01
498438,0.00,-0.02
498450,-0.00,-0.02
498462,-0.00,-0.01
498474,0.00,-0.02
498486,-0.00,-0.02
498498,-0.00,-0.02
498510,0.00,-0.02
498522,0.00,-0.02
498534,0.00,-0.01
498546,-0.00,-0.02
498558,0.00,-0.02
498570,-0.01,-0.02
498582,-0.00,-0.01
498594,-0.00,-0.01
498606,-0.00,-0.02
498618,-0.01,-0.01
498630,-0.00,-0.01
498642,-0.01,-0.02
498654,-0.00,-0.01
498666,-0.01,-0.02
498678,-0.00,-0.01
498690,-0.01,-0.01
498702,-0.01,-0.01
498714,-0.01,-0.01
498726,-0.01,-0.02
498738,0.00,-0.01
498750,0.01,-0.01
498762,-0.00,-0.01
498774,-0.02,-0.01
498786,-0.01,-0.01
498798,-0.00,-0.01
498810,-0.01,-0.01
498822,-0.00,-0.01
498834,-0.00,-0.01
498846,-0.00,-0.01
498858,-0.00,-0.01
498870,-0.01,-0.01
498882,0.00,-0.01
498894,-0.00,-0.02
498906,-0.01,-0.01
498918,-0.00,-0.00
498930,-0.00,-0.01
498942,-0.01,-0.01
498954,-0.01,-0.02
498966,-0.00,-0.01
498978,0.00,-0.01
498990,-0.00,-0.01
499002,0.00,-0.00
499014,-0.00,-0.01
499026,-0.01,-0.01
499038,-0.01,-0.00
499050,-0.00,-0.01
499062,-0.00,-0.01
499074,-0.00,-0.01
499086,-0.00,-0.01
499098,-0.01,-0.01
499110,-0.00,-0.01
499122,-0.01,-0.01
499134,-0.01,-0.01
499146,-0.00,-0.01
499158,-0.01,-0.01
499170,-0.01,-0.01
499182,-0.01,-0.01
499194,-0.01,-0.01
499206,-0.01,-0.01
499218,-0.01,-0.01
499230,-0.01,-0.01
499242,-0.01,-0.01
499254,-0.01,-0.01
499266,-0.01,-0.01
499278,-0.01,-0.00
499290,-0.01,-0.01
499302,-0.01,-0.01
499314,-0.00,-0.01
499326,-0.01,-0.01
499338,-0.01,-0.01
499350,-0.01,-0.01
499362,-0.00,-0.02
499374,-0.01,-0.01
499386,-0.00,-0.02
499398,-0.01,-0.02
499410,-0.01,-0.01
499422,0.00,-0.01
499434,-0.00,-0.02
499446,-0.00,-0.02
499458,-0.00,-0.02
499470,0.00,-0.02
499482,0.00,-0.03
499494,0.01,-0.03
499506,0.01,-0.02
499518,0.01,-0.03
499530,0.01,-0.04
499542,0.01,-0.03
499554,0.01,-0.03
499566,0.01,-0.03
499578,0.01,-0.03
499590,0.01,-0.03
499602,0.01,-0.03
499614,0.01,-0.03
499626,0.01,-0.03
499638,0.01,-0.03
499650,0.01,-0.03
499662,0.01,-0.03
499674,0.01,-0.03
499686,0.01,-0.03
499698,0.01,-0.03
499710,-0.00,-0.02
499722,0.00,-0.02
499734,-0.01,-0.03
499746,-0.01,-0.01
499758,-0.02,-0.01
499770,-0.02,-0.02
499782,-0.04,-0.02
499794,-0.05,-0.02
499806,-0.05,-0.01
499818,-0.07,-0.01
499830,-0.07,-0.01
499842,-0.09,-0.00
499854,-0.11,0.00
499866,-0.10,0.02
499878,-0.14,0.04
499890,-0.17,0.08
499902,-0.21,0.11
499914,-0.24,0.15
499926,-0.29,0.19
499938,-0.34,0.23
499950,-0.37,0.28
499962,-0.41,0.32
499974,-0.46,0.36
499986,-0.49,0.40
499998,-0.49,0.43
500010,-0.49,0.44
500022,-0.50,0.44
500034,-0.50,0.43
500046,-0.49,0.43
500058,-0.48,0.42
500070,-0.47,0.42
500082,-0.50,0.42
500094,-0.46,0.43
500106,-0.50,0.44
500118,-0.48,0.43
500130,-0.49,0.43
500142,-0.48,0.42
500154,-0.46,0.41
500166,-0.48,0.41
500178,-0.47,0.41
500190,-0.46,0.41
500202,-0.47,0.41
500214,-0.46,0.40
500226,-0.46,0.39
500238,-0.46,0.39
500250,-0.45,0.40
500262,-0.45,0.39
500274,-0.45,0.39
500286,-0.44,0.39
500298,-0.45,0.39
500310,-0.45,0.39
500322,-0.44,0.39
500334,-0.45,0.38
500346,-0.45,0.39
500358,-0.44,0.39
500370,-0.44,0.38
500382,-0.44,0.39
500394,-0.44,0.38
500406,-0.44,0.38
500418,-0.44,0.38
500430,-0.44,0.38
500442,-0.44,0.38
500454,-0.44,0.38
500466,-0.43,0.38
500478,-0.44,0.38
500490,-0.45,0.39
500502,-0.44,0.38
500514,-0.44,0.39
500526,-0.44,0.38
500538,-0.44,0.38
500550,-0.44,0.38
500562,-0.43,0.38
500574,-0.44,0.38
500586,-0.44,0.38
500598,-0.44,0.38
500610,-0.44,0.38
500622,-0.44,0.38
500634,-0.44,0.38
500646,-0.45,0.39
500658,-0.45,0.39
500670,-0.46,0.40
500682,-0.46,0.41
500694,-0.47,0.42
500706,-0.47,0.42
500718,-0.47,0.42
500730,-0.49,0.42
500742,-0.48,0.43
500754,-0.48,0.43
500766,-0.48,0.42
500778,-0.47,0.42
500790,-0.45,0.41
500802,-0.40,0.40
500814,-0.35,0.38
500826,-0.32,0.36
500838,-0.27,0.33
500850,-0.24,0.29
500862,-0.17,0.25
500874,-0.13,0.20
500886,-0.11,0.17
500898,-0.06,0.12
500910,-0.03,0.10
500922,-0.00,0.07
500934,0.03,0.03
500946,0.04,-0.01
500958,0.06,-0.02
500970,0.05,-0.03
500982,0.06,-0.03
500994,0.05,-0.03
501006,0.06,-0.03
501018,0.06,-0.03
501030,0.05,-0.03
501042,0.05,-0.03
501054,0.05,-0.02
501066,0.05,-0.02
501078,0.05,-0.02
501090,0.06,-0.02
501102,0.05,-0.02
501114,0.05,-0.02
501126,0.05,-0.02
501138,0.05,-0.02
501150,0.05,-0.02
501162,0.05,-0.02
501174,0.05,-0.02
501186,0.04,-0.02
501198,0.04,-0.02
501210,0.05,-0.02
501222,0.05,-0.02
501234,0.04,-0.02
501246,0.04,-0.02
501258,0.04,-0.02
501270,0.04,-0.01
501282,0.04,-0.02
501294,0.04,-0.01
501306,0.04,-0.02
501318,0.04,-0.02
501330,0.05,-0.02
501342,0.03,-0.01
501354,0.03,-0.02
501366,0.04,-0.02
501378,0.04,-0.02
501390,0.04,-0.02
501402,0.04,-0.02
501414,0.05,-0.01
501426,0.04,-0.02
501438,0.03,-0.01
501450,0.03,-0.01
501462,0.04,-0.01
501474,0.04,-0.01
501486,0.04,-0.01
501498,0.03,-0.01
501510,0.04,-0.01
501522,0.04,-0.01
501534,0.04,-0.01
501546,0.04,-0.01
501558,0.04,-0.01
501570,0.04,-0.01
501582,0.04,-0.01
501594,0.04,-0.01
501606,0.04,-0.01
501618,0.04,-0.01
501630,0.04,-0.01
501642,0.04,-0.01
501654,0.04,-0.00
501666,0.04,-0.01
501678,0.04,-0.01
501690,0.04,-0.01
501702,0.04,-0.01
501714,0.04,-0.01
501726,0.03,-0.01
501738,0.04,-0.01
501750,0.04,-0.01
501762,0.04,-0.00
501774,0.04,-0.00
501786,0.03,-0.01
501798,0.04,-0.00
501810,0.04,-0.00
501822,0.04,-0.01
501834,0.04,-0.01
501846,0.04,-0.01
501858,0.04,-0.01
501870,0.04,-0.01
501882,0.04,-0.01
501894,0.04,-0.01
501906,0.04,-0.00
501918,0.04,-0.01
501930,0.03,-0.00
501942,0.03,-0.01
501954,0.03,-0.01
501966,0.04,-0.00
501978,0.04,-0.01
501990,0.03,-0.00
502002,0.03,-0.00
502014,0.03,-0.00
502026,0.03,-0.00
502038,0.03,-0.01
502050,0.03,-0.01
502062,0.04,-0.00
502074,0.03,-0.01
502086,0.04,-0.00
502098,0.04,-0.00
502110,0.03,-0.01
502122,0.03,-0.00
502134,0.03,0.00
502146,0.04,0.00
502158,0.04,-0.01
502170,0.03,-0.01
502182,0.03,0.00
502194,0.03,-0.01
502206,0.03,-0.00
502218,0.03,-0.00
502230,0.03,-0.00
502242,0.03,0.00
502254,0.03,-0.00
502266,0.03,-0.01
502278,0.03,0.00
502290,0.03,0.00
502302,0.03,0.00
502314,0.03,-0.00
502326,0.03,-0.00
502338,0.04,-0.01
502350,0.03,-0.00
502362,0.03,-0.00
502374,0.03,-0.00
502386,0.02,-0.01
502398,0.03,-0.01
502410,0.03,-0.00
502422,0.03,-0.00
502434,0.03,0.00
502446,0.03,-0.01
502458,0.03,-0.01
502470,0.03,0.00
502482,0.03,-0.01
502494,0.03,-0.01
502506,0.03,-0.00
502518,0.04,-0.01
502530,0.03,-0.00
502542,0.03,-0.00
502554,0.03,0.00
502566,0.04,0.00
502578,0.03,-0.00
502590,0.03,-0.00
502602,0.03,-0.01
502614,0.03,-0.00
502626,0.03,0.00
502638,0.04,0.00
502650,0.03,-0.00
502662,0.03,-0.00
502674,0.03,-0.00
502686,0.04,0.00
502698,0.03,0.00
502710,0.03,-0.01
502722,0.03,-0.01
502734,0.03,0.00
502746,0.03,-0.00
502758,0.03,-0.01
502770,0.02,-0.00
502782,0.03,0.00
502794,0.03,-0.00
502806,0.03,-0.01
502818,0.03,-0.00
502830,0.03,-0.00
502842,0.03,-0.00
502854,0.03,-0.01
502866,0.03,0.00
502878,0.03,-0.01
502890,0.03,-0.00
502902,0.03,-0.01
502914,0.02,0.00
502926,0.03,-0.00
502938,0.02,-0.00
502950,0.03,-0.00
502962,0.03,-0.01
502974,0.03,-0.00
502986,0.03,-0.00
502998,0.02,-0.00
503010,0.03,0.00
503022,0.03,0.00
503034,0.03,-0.01
503046,0.03,0.00
503058,0.02,0.00
503070,0.03,-0.01
503082,0.03,0.00
503094,0.03,-0.00
503106,0.02,-0.01
503118,0.03,0.00
503130,0.03,-0.00
503142,0.03,-0.01
503154,0.02,-0.00
503166,0.02,-0.00
503178,0.03,-0.00
503190,0.02,-0.00
503202,0.02,-0.00
503214,0.03,-0.00
503226,0.03,0.00
503238,0.03,-0.00
503250,0.03,-0.01
503262,0.02,0.00
503274,0.03,0.00
