61183,0.693878,-0.187500, x val = 129, y val = 125
61198,0.693878,-0.187500, x val = 129, y val = 125
61213,0.693878,-0.187500, x val = 129, y val = 125
61228,0.693878,-0.187500, x val = 129, y val = 125
61243,0.693878,-0.187500, x val = 129, y val = 125
61258,0.693878,-0.187500, x val = 129, y val = 125
61273,0.693878,-0.187500, x val = 129, y val = 125
61288,0.693878,-0.187500, x val = 129, y val = 125
61303,0.693878,-0.187500, x val = 129, y val = 125
61318,0.693878,-0.187500, x val = 129, y val = 125
61333,0.693878,-0.187500, x val = 129, y val = 125
61348,0.693878,-0.187500, x val = 129, y val = 125
61363,0.693878,-0.187500, x val = 129, y val = 125
61378,0.693878,-0.187500, x val = 129, y val = 125
61393,0.693878,-0.187500, x val = 129, y val = 125
61408,0.693878,-0.187500, x val = 129, y val = 125
61423,0.693878,-0.187500, x val = 129, y val = 125
61438,0.693878,-0.187500, x val = 129, y val = 125
61453,0.693878,-0.187500, x val = 129, y val = 125
61468,0.693878,-0.187500, x val = 129, y val = 125
61483,0.693878,-0.187500, x val = 129, y val = 125
61498,0.693878,-0.187500, x val = 129, y val = 125
61513,0.693878,-0.187500, x val = 129, y val = 125
61528,0.693878,-0.187500, x val = 129, y val = 125
61543,0.693878,-0.187500, x val = 129, y val = 125
61558,0.693878,-0.187500, x val = 129, y val = 125
61573,0.693878,-0.187500, x val = 129, y val = 125
61588,0.693878,-0.187500, x val = 129, y val = 125
61603,0.693878,-0.187500, x val = 129, y val = 125
61618,0.693878,-0.187500, x val = 129, y val = 125
61633,0.693878,-0.187500, x val = 129, y val = 125
61648,0.693878,-0.187500, x val = 129, y val = 125
61663,0.693878,-0.187500, x val = 129, y val = 125
61678,0.693878,-0.187500, x val = 129, y val = 125
61693,0.693878,-0.187500, x val = 129, y val = 125
61708,0.693878,-0.187500, x val = 129, y val = 125
61723,0.693878,-0.187500, x val = 129, y val = 125
61738,0.693878,-0.187500, x val = 129, y val = 125
61753,0.693878,-0.187500, x val = 129, y val = 125
61768,0.693878,-0.187500, x val = 129, y val = 125
61783,0.693878,-0.187500, x val = 129, y val = 125
61798,0.693878,-0.187500, x val = 129, y val = 125
61813,0.693878,-0.187500, x val = 129, y val = 125
61828,0.693878,-0.187500, x val = 129, y val = 125
61843,0.693878,-0.187500, x val = 129, y val = 125
61858,0.693878,-0.187500, x val = 129, y val = 125
61873,0.693878,-0.187500, x val = 129, y val = 125
61888,0.693878,-0.187500, x val = 129, y val = 125
61903,0.693878,-0.187500, x val = 129, y val = 125
61918,0.693878,-0.187500, x val = 129, y val = 125
61933,0.693878,-0.187500, x val = 129, y val = 125
61948,0.693878,-0.187500, x val = 129, y val = 125
61963,0.693878,-0.187500, x val = 129, y val = 125
61978,0.693878,-0.187500, x val = 129, y val = 125
61993,0.693878,-0.187500, x val = 129, y val = 125
62008,0.693878,-0.187500, x val = 129, y val = 125
62023,0.693878,-0.187500, x val = 129, y val = 125
62038,0.693878,-0.187500, x val = 129, y val = 125
62053,0.693878,-0.187500, x val = 129, y val = 125
62068,0.693878,-0.187500, x val = 129, y val = 125
62083,0.693878,-0.187500, x val = 129, y val = 125
62098,0.693878,-0.187500, x val = 129, y val = 125
62113,0.693878,-0.187500, x val = 129, y val = 125
62128,0.693878,-0.187500, x val = 129, y val = 125
62143,0.693878,-0.187500, x val = 129, y val = 125
62158,0.693878,-0.187500, x val = 129, y val = 125
62173,0.693878,-0.187500, x val = 129, y val = 125
62188,0.693878,-0.187500, x val = 129, y val = 125
62203,0.693878,-0.187500, x val = 129, y val = 125
62218,0.693878,-0.187500, x val = 129, y val = 125
62233,0.693878,-0.187500, x val = 129, y val = 125
62248,0.693878,-0.187500, x val = 129, y val = 125
62263,0.693878,-0.187500, x val = 129, y val = 125
62278,0.693878,-0.187500, x val = 129, y val = 125
62293,0.693878,-0.187500, x val = 129, y val = 125
62308,0.693878,-0.187500, x val = 129, y val = 125
62323,0.693878,-0.187500, x val = 129, y val = 125
62338,0.693878,-0.187500, x val = 129, y val = 125
62353,0.693878,-0.187500, x val = 129, y val = 125
62368,0.693878,-0.187500, x val = 129, y val = 125
62383,0.693878,-0.187500, x val = 129, y val = 125
62398,0.693878,-0.187500, x val = 129, y val = 125
62413,0.693878,-0.187500, x val = 129, y val = 125
62428,0.693878,-0.187500, x val = 129, y val = 125
62443,0.693878,-0.187500, x val = 129, y val = 125
62458,0.693878,-0.187500, x val = 129, y val = 125
62473,0.693878,-0.187500, x val = 129, y val = 125
62488,0.693878,-0.187500, x val = 129, y val = 125
62503,0.693878,-0.187500, x val = 129, y val = 125
62518,0.693878,-0.187500, x val = 129, y val = 125
62533,0.693878,-0.187500, x val = 129, y val = 125
62548,0.693878,-0.187500, x val = 129, y val = 125
62563,0.693878,-0.187500, x val = 129, y val = 125
62578,0.693878,-0.187500, x val = 129, y val = 125
62593,0.693878,-0.187500, x val = 129, y val = 125
62608,0.693878,-0.187500, x val = 129, y val = 125
62623,0.693878,-0.187500, x val = 129, y val = 125
62638,0.693878,-0.187500, x val = 129, y val = 125
62653,0.693878,-0.187500, x val = 129, y val = 125
62668,0.693878,-0.187500, x val = 129, y val = 125
62683,0.693878,-0.187500, x val = 129, y val = 125
62698,0.693878,-0.187500, x val = 129, y val = 125
62713,0.693878,-0.187500, x val = 129, y val = 125
62728,0.693878,-0.187500, x val = 129, y val = 125
62743,0.693878,-0.187500, x val = 129, y val = 125
62758,0.693878,-0.187500, x val = 129, y val = 125
62773,0.693878,-0.187500, x val = 129, y val = 125
62788,0.693878,-0.187500, x val = 129, y val = 125
62803,0.693878,-0.187500, x val = 129, y val = 125
62818,0.693878,-0.187500, x val = 129, y val = 125
62833,0.693878,-0.187500, x val = 129, y val = 125
62848,0.693878,-0.187500, x val = 129, y val = 125
62863,0.693878,-0.187500, x val = 129, y val = 125
62878,0.693878,-0.187500, x val = 129, y val = 125
62893,0.693878,-0.187500, x val = 129, y val = 125
62908,0.693878,-0.187500, x val = 129, y val = 125
62923,0.693878,-0.187500, x val = 129, y val = 125
62938,0.693878,-0.187500, x val = 129, y val = 125
62953,0.693878,-0.187500, x val = 129, y val = 125
62968,0.693878,-0.187500, x val = 129, y val = 125
62983,0.693878,-0.187500, x val = 129, y val = 125
62998,0.693878,-0.187500, x val = 129, y val = 125
63013,0.693878,-0.187500, x val = 129, y val = 125
63028,0.693878,-0.187500, x val = 129, y val = 125
63043,0.693878,-0.187500, x val = 129, y val = 125
63058,0.693878,-0.187500, x val = 129, y val = 125
63073,0.693878,-0.187500, x val = 129, y val = 125
63088,0.693878,-0.187500, x val = 129, y val = 125
63103,0.693878,-0.125000, x val = 129, y val = 126
63118,0.693878,-0.125000, x val = 129, y val = 126
63133,0.693878,-0.125000, x val = 129, y val = 126
63148,0.693878,-0.125000, x val = 129, y val = 126
63163,0.693878,-0.125000, x val = 129, y val = 126
63178,0.693878,-0.125000, x val = 129, y val = 126
63193,0.693878,-0.125000, x val = 129, y val = 126
63208,0.693878,-0.125000, x val = 129, y val = 126
63223,0.693878,-0.125000, x val = 129, y val = 126
63238,0.693878,-0.125000, x val = 129, y val = 126
63253,0.693878,-0.125000, x val = 129, y val = 126
63268,0.693878,-0.062500, x val = 129, y val = 127
63283,0.693878,-0.062500, x val = 129, y val = 127
63298,0.693878,-0.062500, x val = 129, y val = 127
63313,0.693878,-0.062500, x val = 129, y val = 127
63328,0.693878,-0.062500, x val = 129, y val = 127
63343,0.693878,-0.062500, x val = 129, y val = 127
63358,0.693878,-0.062500, x val = 129, y val = 127
63373,0.693878,-0.062500, x val = 129, y val = 127
63388,0.693878,0.000000, x val = 129, y val = 128
63403,0.693878,0.000000, x val = 129, y val = 128
63418,0.693878,0.000000, x val = 129, y val = 128
63433,0.693878,0.000000, x val = 129, y val = 128
63448,0.693878,0.062500, x val = 129, y val = 129
63463,0.693878,0.062500, x val = 129, y val = 129
63478,0.693878,0.125000, x val = 129, y val = 130
63493,0.693878,0.187500, x val = 129, y val = 131
63508,0.693878,0.187500, x val = 129, y val = 131
63523,0.693878,0.250000, x val = 129, y val = 132
63538,0.693878,0.312500, x val = 129, y val = 133
63553,0.693878,0.375000, x val = 129, y val = 134
63568,0.693878,0.437500, x val = 129, y val = 135
63583,0.693878,0.437500, x val = 129, y val = 135
63598,0.693878,0.437500, x val = 129, y val = 135
63613,0.693878,0.437500, x val = 129, y val = 135
63628,0.693878,0.437500, x val = 129, y val = 135
63643,0.693878,0.437500, x val = 129, y val = 135
63658,0.693878,0.437500, x val = 129, y val = 135
63673,0.693878,0.437500, x val = 129, y val = 135
63688,0.693878,0.437500, x val = 129, y val = 135
63703,0.693878,0.437500, x val = 129, y val = 135
63718,0.693878,0.437500, x val = 129, y val = 135
63733,0.693878,0.437500, x val = 129, y val = 135
63748,0.693878,0.437500, x val = 129, y val = 135
63763,0.693878,0.437500, x val = 129, y val = 135
63778,0.693878,0.437500, x val = 129, y val = 135
63793,0.693878,0.437500, x val = 129, y val = 135
63808,0.693878,0.437500, x val = 129, y val = 135
63823,0.693878,0.437500, x val = 129, y val = 135
63838,0.693878,0.437500, x val = 129, y val = 135
63853,0.693878,0.437500, x val = 129, y val = 135
63868,0.693878,0.437500, x val = 129, y val = 135
63883,0.693878,0.437500, x val = 129, y val = 135
63898,0.693878,0.437500, x val = 129, y val = 135
63913,0.693878,0.437500, x val = 129, y val = 135
63928,0.693878,0.437500, x val = 129, y val = 135
63943,0.693878,0.437500, x val = 129, y val = 135
63958,0.693878,0.437500, x val = 129, y val = 135
63973,0.693878,0.437500, x val = 129, y val = 135
63988,0.693878,0.437500, x val = 129, y val = 135
64003,0.693878,0.500000, x val = 129, y val = 136
64018,0.693878,0.500000, x val = 129, y val = 136
64033,0.693878,0.500000, x val = 129, y val = 136
64048,0.693878,0.500000, x val = 129, y val = 136
64063,0.693878,0.500000, x val = 129, y val = 136
64078,0.693878,0.500000, x val = 129, y val = 136
64093,0.693878,0.500000, x val = 129, y val = 136
64108,0.693878,0.500000, x val = 129, y val = 136
64123,0.693878,0.500000, x val = 129, y val = 136
64138,0.693878,0.500000, x val = 129, y val = 136
64153,0.693878,0.500000, x val = 129, y val = 136
64168,0.693878,0.562500, x val = 129, y val = 137
64183,0.693878,0.562500, x val = 129, y val = 137
64198,0.693878,0.562500, x val = 129, y val = 137
64213,0.714286,0.562500, x val = 130, y val = 137
64228,0.714286,0.562500, x val = 130, y val = 137
64243,0.734694,0.562500, x val = 131, y val = 137
64258,0.734694,0.562500, x val = 131, y val = 137
64273,0.755102,0.562500, x val = 132, y val = 137
64288,0.755102,0.562500, x val = 132, y val = 137
64303,0.775510,0.562500, x val = 133, y val = 137
64318,0.775510,0.562500, x val = 133, y val = 137
64333,0.795918,0.562500, x val = 134, y val = 137
64348,0.795918,0.562500, x val = 134, y val = 137
64363,0.816326,0.562500, x val = 135, y val = 137
64378,0.816326,0.562500, x val = 135, y val = 137
64393,0.836735,0.562500, x val = 136, y val = 137
64408,0.836735,0.562500, x val = 136, y val = 137
64423,0.836735,0.562500, x val = 136, y val = 137
64438,0.836735,0.562500, x val = 136, y val = 137
64453,0.836735,0.562500, x val = 136, y val = 137
64468,0.836735,0.562500, x val = 136, y val = 137
64483,0.836735,0.562500, x val = 136, y val = 137
64498,0.857143,0.562500, x val = 137, y val = 137
64513,0.857143,0.562500, x val = 137, y val = 137
64528,0.877551,0.562500, x val = 138, y val = 137
64543,0.877551,0.562500, x val = 138, y val = 137
64558,0.897959,0.562500, x val = 139, y val = 137
64573,0.897959,0.562500, x val = 139, y val = 137
64588,0.897959,0.562500, x val = 139, y val = 137
64603,0.897959,0.562500, x val = 139, y val = 137
64618,0.918367,0.562500, x val = 140, y val = 137
64633,0.918367,0.562500, x val = 140, y val = 137
64648,0.918367,0.562500, x val = 140, y val = 137
64663,0.918367,0.562500, x val = 140, y val = 137
64678,0.918367,0.562500, x val = 140, y val = 137
64693,0.918367,0.562500, x val = 140, y val = 137
64708,0.918367,0.562500, x val = 140, y val = 137
64723,0.918367,0.500000, x val = 140, y val = 136
64738,0.918367,0.437500, x val = 140, y val = 135
64753,0.918367,0.437500, x val = 140, y val = 135
64768,0.918367,0.375000, x val = 140, y val = 134
64783,0.918367,0.375000, x val = 140, y val = 134
64798,0.918367,0.375000, x val = 140, y val = 134
64813,0.918367,0.312500, x val = 140, y val = 133
64828,0.918367,0.312500, x val = 140, y val = 133
64843,0.938776,0.312500, x val = 141, y val = 133
64858,0.938776,0.250000, x val = 141, y val = 132
64873,0.938776,0.250000, x val = 141, y val = 132
64888,0.938776,0.250000, x val = 141, y val = 132
64903,0.938776,0.250000, x val = 141, y val = 132
64918,0.938776,0.250000, x val = 141, y val = 132
64933,0.959184,0.250000, x val = 142, y val = 132
64948,0.959184,0.187500, x val = 142, y val = 131
64963,0.959184,0.187500, x val = 142, y val = 131
64978,0.959184,0.187500, x val = 142, y val = 131
64993,0.959184,0.187500, x val = 142, y val = 131
65008,0.959184,0.125000, x val = 142, y val = 130
65023,0.959184,0.125000, x val = 142, y val = 130
65038,0.959184,0.125000, x val = 142, y val = 130
65053,0.979592,0.062500, x val = 143, y val = 129
65068,0.979592,0.062500, x val = 143, y val = 129
65083,0.979592,0.000000, x val = 143, y val = 128
65098,0.979592,0.000000, x val = 143, y val = 128
65113,0.979592,-0.062500, x val = 143, y val = 127
65128,0.979592,-0.062500, x val = 143, y val = 127
65143,0.979592,-0.062500, x val = 143, y val = 127
65158,0.979592,-0.062500, x val = 143, y val = 127
65173,0.979592,-0.125000, x val = 143, y val = 126
65188,0.979592,-0.125000, x val = 143, y val = 126
65203,0.979592,-0.125000, x val = 143, y val = 126
65218,0.979592,-0.125000, x val = 143, y val = 126
65233,0.979592,-0.125000, x val = 143, y val = 126
65248,0.979592,-0.125000, x val = 143, y val = 126
65263,0.979592,-0.125000, x val = 143, y val = 126
65278,0.979592,-0.125000, x val = 143, y val = 126
65293,0.979592,-0.125000, x val = 143, y val = 126
65308,0.979592,-0.125000, x val = 143, y val = 126
65323,0.979592,-0.125000, x val = 143, y val = 126
65338,0.979592,-0.125000, x val = 143, y val = 126
65353,0.979592,-0.125000, x val = 143, y val = 126
65368,0.979592,-0.125000, x val = 143, y val = 126
65383,0.979592,-0.125000, x val = 143, y val = 126
65398,0.979592,-0.125000, x val = 143, y val = 126
65413,0.979592,-0.125000, x val = 143, y val = 126
65428,0.979592,-0.125000, x val = 143, y val = 126
65443,0.979592,-0.125000, x val = 143, y val = 126
65458,0.979592,-0.125000, x val = 143, y val = 126
65473,0.979592,-0.125000, x val = 143, y val = 126
65488,0.979592,-0.125000, x val = 143, y val = 126
65503,0.979592,-0.125000, x val = 143, y val = 126
65518,0.979592,-0.125000, x val = 143, y val = 126
65533,0.979592,-0.125000, x val = 143, y val = 126
65548,0.979592,-0.125000, x val = 143, y val = 126
65563,0.979592,-0.125000, x val = 143, y val = 126
65578,0.959184,-0.187500, x val = 142, y val = 125
65593,0.959184,-0.187500, x val = 142, y val = 125
65608,0.959184,-0.187500, x val = 142, y val = 125
65623,0.959184,-0.250000, x val = 142, y val = 124
65638,0.959184,-0.250000, x val = 142, y val = 124
65653,0.959184,-0.312500, x val = 142, y val = 123
65668,0.959184,-0.375000, x val = 142, y val = 122
65683,0.959184,-0.375000, x val = 142, y val = 122
65698,0.959184,-0.437500, x val = 142, y val = 121
65713,0.959184,-0.500000, x val = 142, y val = 120
65728,0.959184,-0.500000, x val = 142, y val = 120
65743,0.959184,-0.562500, x val = 142, y val = 119
65758,0.959184,-0.562500, x val = 142, y val = 119
65773,0.959184,-0.625000, x val = 142, y val = 118
65788,0.959184,-0.625000, x val = 142, y val = 118
65803,0.959184,-0.625000, x val = 142, y val = 118
65818,0.959184,-0.687500, x val = 142, y val = 117
65833,0.959184,-0.687500, x val = 142, y val = 117
65848,0.959184,-0.687500, x val = 142, y val = 117
65863,0.959184,-0.687500, x val = 142, y val = 117
65878,0.959184,-0.750000, x val = 142, y val = 116
65893,0.959184,-0.750000, x val = 142, y val = 116
65908,0.959184,-0.750000, x val = 142, y val = 116
65923,0.959184,-0.750000, x val = 142, y val = 116
65938,0.959184,-0.750000, x val = 142, y val = 116
65953,0.959184,-0.750000, x val = 142, y val = 116
65968,0.959184,-0.750000, x val = 142, y val = 116
65983,0.959184,-0.750000, x val = 142, y val = 116
65998,0.959184,-0.750000, x val = 142, y val = 116
66013,0.959184,-0.750000, x val = 142, y val = 116
66028,0.959184,-0.750000, x val = 142, y val = 116
66043,0.959184,-0.750000, x val = 142, y val = 116
66058,0.959184,-0.812500, x val = 142, y val = 115
66073,0.959184,-0.812500, x val = 142, y val = 115
66088,0.959184,-0.812500, x val = 142, y val = 115
66103,0.959184,-0.875000, x val = 142, y val = 114
66118,0.959184,-0.875000, x val = 142, y val = 114
66133,0.959184,-0.875000, x val = 142, y val = 114
66148,0.959184,-0.875000, x val = 142, y val = 114
66163,0.959184,-0.937500, x val = 142, y val = 113
66178,0.959184,-0.937500, x val = 142, y val = 113
66193,0.959184,-0.937500, x val = 142, y val = 113
66208,0.959184,-0.937500, x val = 142, y val = 113
66223,0.959184,-0.937500, x val = 142, y val = 113
66238,0.959184,-0.937500, x val = 142, y val = 113
66253,0.938776,-0.937500, x val = 141, y val = 113
66268,0.938776,-0.937500, x val = 141, y val = 113
66283,0.938776,-1.000000, x val = 141, y val = 112
66298,0.938776,-1.000000, x val = 141, y val = 112
66313,0.938776,-1.000000, x val = 141, y val = 112
66328,0.938776,-1.000000, x val = 141, y val = 112
66343,0.938776,-1.000000, x val = 141, y val = 112
66358,0.918367,-1.000000, x val = 140, y val = 112
66373,0.918367,-1.000000, x val = 140, y val = 112
66388,0.918367,-1.000000, x val = 140, y val = 112
66403,0.918367,-1.000000, x val = 140, y val = 112
66418,0.897959,-1.000000, x val = 139, y val = 112
66433,0.897959,-1.000000, x val = 139, y val = 112
66448,0.877551,-1.000000, x val = 138, y val = 112
66463,0.877551,-1.000000, x val = 138, y val = 112
66478,0.877551,-1.000000, x val = 138, y val = 112
66493,0.877551,-1.000000, x val = 138, y val = 112
66508,0.877551,-1.000000, x val = 138, y val = 112
66523,0.877551,-1.000000, x val = 138, y val = 112
66538,0.857143,-1.000000, x val = 137, y val = 112
66553,0.857143,-1.000000, x val = 137, y val = 112
66568,0.836735,-1.000000, x val = 136, y val = 112
66583,0.836735,-1.000000, x val = 136, y val = 112
66598,0.816326,-1.000000, x val = 135, y val = 112
66613,0.795918,-1.000000, x val = 134, y val = 112
66628,0.775510,-1.000000, x val = 133, y val = 112
66643,0.775510,-1.000000, x val = 133, y val = 112
66658,0.755102,-1.000000, x val = 132, y val = 112
66673,0.755102,-1.000000, x val = 132, y val = 112
66688,0.734694,-1.000000, x val = 131, y val = 112
66703,0.734694,-1.000000, x val = 131, y val = 112
66718,0.714286,-1.000000, x val = 130, y val = 112
66733,0.693878,-1.000000, x val = 129, y val = 112
66748,0.673469,-1.000000, x val = 128, y val = 112
66763,0.673469,-1.000000, x val = 128, y val = 112
66778,0.673469,-1.000000, x val = 128, y val = 112
66793,-0.653061,-1.000000, x val = 63, y val = 112
66808,-0.653061,-1.000000, x val = 63, y val = 112
66823,-0.653061,-1.000000, x val = 63, y val = 112
66838,-0.653061,-1.000000, x val = 63, y val = 112
66853,-0.653061,-1.000000, x val = 63, y val = 112
66868,-0.653061,-1.000000, x val = 63, y val = 112
66883,-0.653061,-1.000000, x val = 63, y val = 112
66898,-0.673469,-1.000000, x val = 62, y val = 112
66913,-0.673469,-1.000000, x val = 62, y val = 112
66928,-0.673469,-1.000000, x val = 62, y val = 112
66943,-0.693878,-1.000000, x val = 61, y val = 112
66958,-0.693878,-1.000000, x val = 61, y val = 112
66973,-0.714286,-1.000000, x val = 60, y val = 112
66988,-0.734694,-1.000000, x val = 59, y val = 112
67003,-0.734694,-1.000000, x val = 59, y val = 112
67018,-0.755102,-1.000000, x val = 58, y val = 112
67033,-0.775510,-1.000000, x val = 57, y val = 112
67048,-0.795918,-1.000000, x val = 56, y val = 112
67063,-0.816326,-1.000000, x val = 55, y val = 112
67078,-0.816326,-1.000000, x val = 55, y val = 112
67093,-0.836735,-1.000000, x val = 54, y val = 112
67108,-0.897959,-1.000000, x val = 51, y val = 112
67123,-0.918367,-1.000000, x val = 50, y val = 112
67138,-0.918367,-1.000000, x val = 50, y val = 112
67153,-0.938776,-1.000000, x val = 49, y val = 112
67168,-0.938776,-1.000000, x val = 49, y val = 112
67183,-0.938776,-1.000000, x val = 49, y val = 112
67198,-0.938776,-1.000000, x val = 49, y val = 112
67213,-0.938776,-1.000000, x val = 49, y val = 112
67228,-0.938776,-1.000000, x val = 49, y val = 112
67243,-0.938776,-1.000000, x val = 49, y val = 112
67258,-0.959184,-1.000000, x val = 48, y val = 112
67273,-0.959184,-1.000000, x val = 48, y val = 112
67288,-0.959184,-1.000000, x val = 48, y val = 112
67303,-0.959184,-1.000000, x val = 48, y val = 112
67318,-0.959184,-1.000000, x val = 48, y val = 112
67333,-0.959184,-1.000000, x val = 48, y val = 112
67348,-0.959184,-1.000000, x val = 48, y val = 112
67363,-0.959184,-1.000000, x val = 48, y val = 111
67378,-0.959184,-1.000000, x val = 48, y val = 111
67393,-0.979592,-1.000000, x val = 47, y val = 111
67408,-0.979592,-1.000000, x val = 47, y val = 111
67423,-0.979592,-1.000000, x val = 47, y val = 111
67438,-0.979592,-1.000000, x val = 47, y val = 111
67453,-0.979592,-1.000000, x val = 47, y val = 111
67468,-0.979592,-1.000000, x val = 47, y val = 111
67483,-0.979592,-1.000000, x val = 47, y val = 111
67498,-0.979592,-1.000000, x val = 47, y val = 111
67513,-0.979592,-1.000000, x val = 47, y val = 111
67528,-1.000000,-1.000000, x val = 46, y val = 111
67543,-1.000000,-1.000000, x val = 46, y val = 111
67558,-1.000000,-1.000000, x val = 46, y val = 111
67573,-1.000000,-0.939394, x val = 46, y val = 112
67588,-1.000000,-0.939394, x val = 46, y val = 112
67603,-1.000000,-0.878788, x val = 46, y val = 113
67618,-1.000000,-0.818182, x val = 46, y val = 114
67633,-1.000000,-0.757576, x val = 46, y val = 115
67648,-1.000000,-0.696970, x val = 45, y val = 116
67663,-1.000000,-0.636364, x val = 45, y val = 117
67678,-1.000000,-0.575758, x val = 45, y val = 118
67693,-1.000000,-0.515152, x val = 45, y val = 119
67708,-1.000000,-0.454545, x val = 45, y val = 120
67723,-1.000000,-0.393939, x val = 45, y val = 121
67738,-1.000000,-0.393939, x val = 45, y val = 121
67753,-1.000000,-0.333333, x val = 45, y val = 122
67768,-1.000000,-0.272727, x val = 45, y val = 123
67783,-1.000000,-0.272727, x val = 45, y val = 123
67798,-1.000000,-0.212121, x val = 45, y val = 124
67813,-1.000000,-0.212121, x val = 45, y val = 124
67828,-1.000000,-0.212121, x val = 45, y val = 124
67843,-1.000000,-0.212121, x val = 45, y val = 124
67858,-1.000000,-0.151515, x val = 45, y val = 125
67873,-1.000000,-0.151515, x val = 45, y val = 125
67888,-1.000000,-0.151515, x val = 45, y val = 125
67903,-1.000000,-0.151515, x val = 45, y val = 125
67918,-1.000000,-0.151515, x val = 45, y val = 125
67933,-1.000000,-0.151515, x val = 45, y val = 125
67948,-1.000000,-0.151515, x val = 45, y val = 125
67963,-1.000000,-0.151515, x val = 45, y val = 125
67978,-1.000000,-0.151515, x val = 45, y val = 125
67993,-1.000000,-0.151515, x val = 45, y val = 125
68008,-1.000000,-0.151515, x val = 45, y val = 125
68023,-1.000000,-0.151515, x val = 45, y val = 125
68038,-1.000000,-0.090909, x val = 45, y val = 126
68053,-1.000000,-0.090909, x val = 45, y val = 126
68068,-1.000000,-0.090909, x val = 45, y val = 126
68083,-1.000000,-0.090909, x val = 45, y val = 126
68098,-1.000000,-0.090909, x val = 45, y val = 126
68113,-1.000000,-0.090909, x val = 45, y val = 126
68128,-1.000000,-0.090909, x val = 45, y val = 126
68143,-0.979798,-0.090909, x val = 46, y val = 126
68158,-0.979798,-0.090909, x val = 46, y val = 126
68173,-0.979798,-0.090909, x val = 46, y val = 126
68188,-0.979798,-0.090909, x val = 46, y val = 126
68203,-0.979798,-0.090909, x val = 46, y val = 126
68218,-0.979798,-0.090909, x val = 46, y val = 126
68233,-0.979798,-0.090909, x val = 46, y val = 126
68248,-0.979798,-0.090909, x val = 46, y val = 126
68263,-0.979798,-0.090909, x val = 46, y val = 126
68278,-0.979798,-0.090909, x val = 46, y val = 126
68293,-0.979798,-0.090909, x val = 46, y val = 126
68308,-0.979798,-0.030303, x val = 46, y val = 127
68323,-0.979798,-0.030303, x val = 46, y val = 127
68338,-0.979798,-0.030303, x val = 46, y val = 127
68353,-0.979798,0.030303, x val = 46, y val = 128
68368,-0.979798,0.030303, x val = 46, y val = 128
68383,-0.979798,0.090909, x val = 46, y val = 129
68398,-0.979798,0.090909, x val = 46, y val = 129
68413,-0.979798,0.090909, x val = 46, y val = 129
68428,-0.979798,0.151515, x val = 46, y val = 130
68443,-0.979798,0.212121, x val = 46, y val = 131
68458,-0.979798,0.272727, x val = 46, y val = 132
68473,-0.979798,0.333333, x val = 46, y val = 133
68488,-0.979798,0.393939, x val = 46, y val = 134
68503,-0.959596,0.454545, x val = 47, y val = 135
68518,-0.959596,0.515152, x val = 47, y val = 136
68533,-0.959596,0.575758, x val = 47, y val = 137
68548,-0.959596,0.636364, x val = 47, y val = 138
68563,-0.959596,0.636364, x val = 47, y val = 138
68578,-0.959596,0.636364, x val = 47, y val = 138
68593,-0.959596,0.636364, x val = 47, y val = 138
68608,-0.959596,0.696970, x val = 47, y val = 139
68623,-0.959596,0.696970, x val = 47, y val = 139
68638,-0.939394,0.696970, x val = 48, y val = 139
68653,-0.939394,0.696970, x val = 48, y val = 139
68668,-0.939394,0.696970, x val = 48, y val = 139
68683,-0.939394,0.696970, x val = 48, y val = 139
68698,-0.939394,0.696970, x val = 48, y val = 139
68713,-0.939394,0.696970, x val = 48, y val = 139
68728,-0.939394,0.696970, x val = 48, y val = 139
68743,-0.939394,0.696970, x val = 48, y val = 139
68758,-0.939394,0.696970, x val = 48, y val = 139
68773,-0.939394,0.696970, x val = 48, y val = 139
68788,-0.939394,0.696970, x val = 48, y val = 139
68803,-0.939394,0.696970, x val = 48, y val = 139
68818,-0.919192,0.696970, x val = 49, y val = 139
68833,-0.919192,0.757576, x val = 49, y val = 140
68848,-0.919192,0.757576, x val = 49, y val = 140
68863,-0.919192,0.757576, x val = 49, y val = 140
68878,-0.919192,0.757576, x val = 49, y val = 140
68893,-0.919192,0.757576, x val = 49, y val = 140
68908,-0.919192,0.757576, x val = 49, y val = 140
68923,-0.919192,0.757576, x val = 49, y val = 140
68938,-0.919192,0.757576, x val = 49, y val = 140
68953,-0.919192,0.757576, x val = 49, y val = 140
68968,-0.919192,0.757576, x val = 49, y val = 140
68983,-0.919192,0.757576, x val = 49, y val = 140
68998,-0.919192,0.757576, x val = 49, y val = 140
69013,-0.919192,0.757576, x val = 49, y val = 140
69028,-0.898990,0.757576, x val = 50, y val = 140
69043,-0.898990,0.757576, x val = 50, y val = 140
69058,-0.878788,0.757576, x val = 51, y val = 140
69073,-0.878788,0.757576, x val = 51, y val = 140
69088,-0.858586,0.757576, x val = 52, y val = 140
69103,-0.838384,0.696970, x val = 53, y val = 139
69118,-0.838384,0.696970, x val = 53, y val = 139
69133,-0.838384,0.696970, x val = 53, y val = 139
69148,-0.818182,0.696970, x val = 54, y val = 139
69163,-0.797980,0.636364, x val = 55, y val = 138
69178,-0.797980,0.636364, x val = 55, y val = 138
69193,-0.797980,0.636364, x val = 55, y val = 138
69208,-0.777778,0.636364, x val = 56, y val = 138
69223,-0.757576,0.636364, x val = 57, y val = 138
69238,-0.757576,0.636364, x val = 57, y val = 138
69253,-0.737374,0.636364, x val = 58, y val = 138
69268,-0.737374,0.636364, x val = 58, y val = 138
69283,-0.737374,0.636364, x val = 58, y val = 138
69298,-0.717172,0.636364, x val = 59, y val = 138
69313,-0.717172,0.636364, x val = 59, y val = 138
69328,-0.717172,0.636364, x val = 59, y val = 138
69343,-0.717172,0.636364, x val = 59, y val = 138
69358,-0.717172,0.636364, x val = 59, y val = 138
69373,-0.696970,0.636364, x val = 60, y val = 138
69388,-0.696970,0.636364, x val = 60, y val = 138
69403,-0.676768,0.636364, x val = 61, y val = 138
69418,-0.676768,0.636364, x val = 61, y val = 138
69433,-0.676768,0.636364, x val = 61, y val = 138
69448,-0.676768,0.636364, x val = 61, y val = 138
69463,-0.676768,0.636364, x val = 61, y val = 138
69478,-0.676768,0.636364, x val = 61, y val = 138
69493,-0.656566,0.636364, x val = 62, y val = 138
69508,-0.656566,0.636364, x val = 62, y val = 138
69523,-0.656566,0.636364, x val = 62, y val = 138
69538,-0.656566,0.636364, x val = 62, y val = 138
69553,-0.636364,0.636364, x val = 63, y val = 138
69568,-0.636364,0.636364, x val = 63, y val = 138
69583,-0.636364,0.636364, x val = 63, y val = 138
69598,-0.636364,0.636364, x val = 63, y val = 138
69613,-0.636364,0.636364, x val = 63, y val = 138
69628,-0.636364,0.636364, x val = 63, y val = 138
69643,-0.636364,0.636364, x val = 63, y val = 138
69658,-0.636364,0.575758, x val = 63, y val = 137
69673,-0.636364,0.575758, x val = 63, y val = 137
69688,-0.636364,0.575758, x val = 63, y val = 137
69703,-0.636364,0.575758, x val = 63, y val = 137
69718,-0.636364,0.575758, x val = 63, y val = 137
69733,-0.636364,0.575758, x val = 63, y val = 137
69748,-0.636364,0.575758, x val = 63, y val = 137
69763,-0.636364,0.575758, x val = 63, y val = 137
69778,-0.636364,0.575758, x val = 63, y val = 137
69793,-0.636364,0.515152, x val = 63, y val = 136
69808,-0.636364,0.515152, x val = 63, y val = 136
69823,-0.636364,0.515152, x val = 63, y val = 136
69838,-0.636364,0.515152, x val = 63, y val = 136
69853,-0.636364,0.515152, x val = 63, y val = 136
69868,-0.636364,0.515152, x val = 63, y val = 136
69883,-0.636364,0.515152, x val = 63, y val = 136
69898,-0.636364,0.515152, x val = 63, y val = 136
69913,-0.636364,0.515152, x val = 63, y val = 136
69928,-0.636364,0.515152, x val = 63, y val = 136
69943,-0.636364,0.515152, x val = 63, y val = 136
69958,-0.636364,0.454545, x val = 63, y val = 135
69973,-0.636364,0.454545, x val = 63, y val = 135
69988,-0.636364,0.454545, x val = 63, y val = 135
70003,-0.636364,0.393939, x val = 63, y val = 134
70018,-0.636364,0.333333, x val = 63, y val = 133
70033,-0.636364,0.272727, x val = 63, y val = 132
70048,-0.636364,0.212121, x val = 63, y val = 131
70063,-0.636364,0.151515, x val = 63, y val = 130
70078,-0.636364,0.090909, x val = 63, y val = 129
70093,-0.636364,0.030303, x val = 63, y val = 128
70108,-0.636364,0.030303, x val = 63, y val = 128
70123,-0.636364,0.030303, x val = 63, y val = 128
70138,-0.636364,0.030303, x val = 63, y val = 128
70153,-0.636364,0.030303, x val = 63, y val = 128
70168,-0.636364,0.030303, x val = 63, y val = 128
70183,-0.636364,0.030303, x val = 63, y val = 128
70198,-0.636364,-0.030303, x val = 63, y val = 127
70213,-0.636364,-0.030303, x val = 63, y val = 127
70228,-0.636364,-0.030303, x val = 63, y val = 127
70243,-0.636364,-0.030303, x val = 63, y val = 127
70258,-0.636364,-0.030303, x val = 63, y val = 127
70273,-0.636364,-0.030303, x val = 63, y val = 127
70288,-0.636364,-0.030303, x val = 63, y val = 127
70303,-0.636364,-0.030303, x val = 63, y val = 127
70318,-0.636364,-0.030303, x val = 63, y val = 127
70333,-0.636364,-0.030303, x val = 63, y val = 127
70348,-0.636364,-0.030303, x val = 63, y val = 127
70363,-0.636364,-0.030303, x val = 63, y val = 127
70378,-0.636364,-0.030303, x val = 63, y val = 127
70393,-0.636364,-0.030303, x val = 63, y val = 127
70408,-0.636364,-0.030303, x val = 63, y val = 127
70423,-0.636364,-0.030303, x val = 63, y val = 127
70438,-0.636364,-0.030303, x val = 63, y val = 127
70453,-0.636364,-0.030303, x val = 63, y val = 127
70468,-0.636364,-0.030303, x val = 63, y val = 127
70483,-0.636364,-0.030303, x val = 63, y val = 127
70498,-0.636364,-0.030303, x val = 63, y val = 127
70513,-0.636364,-0.090909, x val = 63, y val = 126
70528,-0.636364,-0.090909, x val = 63, y val = 126
70543,-0.636364,-0.090909, x val = 63, y val = 126
70558,-0.636364,-0.090909, x val = 63, y val = 126
70573,-0.636364,-0.151515, x val = 63, y val = 125
70588,-0.636364,-0.151515, x val = 63, y val = 125
70603,-0.636364,-0.151515, x val = 63, y val = 125
70619,-0.636364,-0.212121, x val = 63, y val = 124
70634,-0.636364,-0.212121, x val = 63, y val = 124
70649,-0.636364,-0.212121, x val = 63, y val = 124
70665,-0.636364,-0.212121, x val = 63, y val = 124
70680,-0.636364,-0.212121, x val = 63, y val = 124
70695,-0.636364,-0.212121, x val = 63, y val = 124
70711,-0.636364,-0.212121, x val = 63, y val = 124
70726,-0.636364,-0.212121, x val = 63, y val = 124
70741,-0.636364,-0.212121, x val = 63, y val = 124
70757,-0.636364,-0.212121, x val = 63, y val = 124
70772,-0.636364,-0.212121, x val = 63, y val = 124
70787,-0.636364,-0.212121, x val = 63, y val = 124
70803,-0.636364,-0.212121, x val = 63, y val = 124
70818,-0.636364,-0.212121, x val = 63, y val = 124
70833,-0.636364,-0.212121, x val = 63, y val = 124
70849,-0.636364,-0.212121, x val = 63, y val = 124
70864,-0.636364,-0.212121, x val = 63, y val = 124
70879,-0.636364,-0.212121, x val = 63, y val = 124
70895,-0.636364,-0.212121, x val = 63, y val = 124
70910,-0.636364,-0.212121, x val = 63, y val = 124
70925,-0.636364,-0.212121, x val = 63, y val = 124
70941,-0.636364,-0.212121, x val = 63, y val = 124
70956,-0.636364,-0.212121, x val = 63, y val = 124
70971,-0.636364,-0.212121, x val = 63, y val = 124
70987,-0.636364,-0.212121, x val = 63, y val = 124
71002,-0.636364,-0.212121, x val = 63, y val = 124
71018,-0.636364,-0.212121, x val = 63, y val = 124
71034,-0.636364,-0.212121, x val = 63, y val = 124
71049,-0.636364,-0.212121, x val = 63, y val = 124
71065,-0.636364,-0.212121, x val = 63, y val = 124
71081,-0.636364,-0.212121, x val = 63, y val = 124
71096,-0.636364,-0.212121, x val = 63, y val = 124
71112,-0.636364,-0.272727, x val = 63, y val = 123
71127,-0.636364,-0.272727, x val = 63, y val = 123
71142,-0.636364,-0.272727, x val = 63, y val = 123
71158,-0.636364,-0.272727, x val = 63, y val = 123
71173,-0.636364,-0.272727, x val = 63, y val = 123
71188,-0.636364,-0.333333, x val = 63, y val = 122
71204,-0.636364,-0.333333, x val = 63, y val = 122
71219,-0.636364,-0.333333, x val = 63, y val = 122
71234,-0.636364,-0.333333, x val = 63, y val = 122
71250,-0.636364,-0.333333, x val = 63, y val = 122
71265,-0.636364,-0.333333, x val = 63, y val = 122
71280,-0.636364,-0.333333, x val = 63, y val = 122
71296,-0.636364,-0.333333, x val = 63, y val = 122
71311,-0.636364,-0.333333, x val = 63, y val = 122
71326,-0.636364,-0.333333, x val = 63, y val = 122
71342,-0.636364,-0.333333, x val = 63, y val = 122
71357,-0.636364,-0.333333, x val = 63, y val = 122
71372,-0.636364,-0.454545, x val = 63, y val = 120
71388,-0.636364,-0.454545, x val = 63, y val = 120
71403,-0.636364,-0.454545, x val = 63, y val = 120
71418,-0.636364,-0.454545, x val = 63, y val = 120
71434,-0.636364,-0.454545, x val = 63, y val = 120
71449,-0.636364,-0.454545, x val = 63, y val = 120
71464,-0.636364,-0.454545, x val = 63, y val = 120
71480,-0.636364,-0.454545, x val = 63, y val = 120
71495,-0.636364,-0.454545, x val = 63, y val = 120
71510,-0.636364,-0.454545, x val = 63, y val = 120
71526,-0.636364,-0.454545, x val = 63, y val = 120
71541,-0.636364,-0.454545, x val = 63, y val = 120
71556,-0.636364,-0.454545, x val = 63, y val = 120
71572,-0.636364,-0.454545, x val = 63, y val = 120
71587,-0.636364,-0.454545, x val = 63, y val = 120
71602,-0.636364,-0.454545, x val = 63, y val = 120
71618,-0.636364,-0.454545, x val = 63, y val = 120
71633,-0.636364,-0.454545, x val = 63, y val = 120
71648,-0.636364,-0.454545, x val = 63, y val = 120
71664,-0.636364,-0.454545, x val = 63, y val = 120
71679,-0.636364,-0.454545, x val = 63, y val = 120
71694,-0.636364,-0.454545, x val = 63, y val = 120
71710,-0.636364,-0.454545, x val = 63, y val = 120
71725,-0.636364,-0.454545, x val = 63, y val = 120
71740,-0.636364,-0.454545, x val = 63, y val = 120
71756,-0.636364,-0.454545, x val = 63, y val = 120
71771,-0.636364,-0.454545, x val = 63, y val = 120
71786,-0.636364,-0.454545, x val = 63, y val = 120
71802,-0.636364,-0.454545, x val = 63, y val = 120
71817,-0.636364,-0.454545, x val = 63, y val = 120
71832,-0.636364,-0.454545, x val = 63, y val = 120
71848,-0.636364,-0.454545, x val = 63, y val = 120
71863,-0.636364,-0.454545, x val = 63, y val = 120
71878,-0.636364,-0.454545, x val = 63, y val = 120
71894,-0.636364,-0.454545, x val = 63, y val = 120
71909,-0.636364,-0.454545, x val = 63, y val = 120
71924,-0.636364,-0.454545, x val = 63, y val = 120
71940,-0.636364,-0.454545, x val = 63, y val = 120
71955,-0.636364,-0.454545, x val = 63, y val = 120
71970,-0.636364,-0.454545, x val = 63, y val = 120
71986,-0.636364,-0.454545, x val = 63, y val = 120
72001,-0.636364,-0.454545, x val = 63, y val = 120
72016,-0.636364,-0.454545, x val = 63, y val = 120
72032,-0.636364,-0.454545, x val = 63, y val = 120
72047,-0.636364,-0.454545, x val = 63, y val = 120
72062,-0.636364,-0.454545, x val = 63, y val = 120
72078,-0.636364,-0.454545, x val = 63, y val = 120
72093,-0.636364,-0.454545, x val = 63, y val = 120
72108,-0.636364,-0.454545, x val = 63, y val = 120
72124,-0.636364,-0.454545, x val = 63, y val = 120
72139,-0.636364,-0.454545, x val = 63, y val = 120
72154,-0.636364,-0.454545, x val = 63, y val = 120
72170,-0.636364,-0.454545, x val = 63, y val = 120
72185,-0.636364,-0.454545, x val = 63, y val = 120
72200,-0.636364,-0.454545, x val = 63, y val = 120
72216,-0.636364,-0.454545, x val = 63, y val = 120
72231,-0.636364,-0.454545, x val = 63, y val = 120
72247,-0.636364,-0.454545, x val = 63, y val = 120
72263,-0.636364,-0.454545, x val = 63, y val = 120
72278,-0.636364,-0.454545, x val = 63, y val = 120
72294,-0.636364,-0.454545, x val = 63, y val = 120
72309,-0.636364,-0.454545, x val = 63, y val = 120
72324,-0.636364,-0.454545, x val = 63, y val = 120
72340,-0.636364,-0.454545, x val = 63, y val = 120
72355,-0.636364,-0.454545, x val = 63, y val = 120
72370,-0.636364,-0.454545, x val = 63, y val = 120
72386,-0.636364,-0.454545, x val = 63, y val = 120
72401,-0.636364,-0.454545, x val = 63, y val = 120
72416,-0.636364,-0.454545, x val = 63, y val = 120
72432,-0.636364,-0.454545, x val = 63, y val = 120
72447,-0.636364,-0.454545, x val = 63, y val = 120
72462,-0.636364,-0.454545, x val = 63, y val = 120
72478,-0.636364,-0.454545, x val = 63, y val = 120
72493,-0.636364,-0.454545, x val = 63, y val = 120
72508,-0.636364,-0.454545, x val = 63, y val = 120
72524,-0.636364,-0.454545, x val = 63, y val = 120
72539,-0.636364,-0.454545, x val = 63, y val = 120
