42306,0.055556,0.030303, x val = 130, y val = 128
42321,0.055556,0.030303, x val = 130, y val = 128
42336,0.055556,0.030303, x val = 130, y val = 128
42351,0.055556,0.030303, x val = 130, y val = 128
42366,0.055556,0.030303, x val = 130, y val = 128
42381,0.055556,0.030303, x val = 130, y val = 128
42396,0.055556,0.030303, x val = 130, y val = 128
42411,0.055556,0.030303, x val = 130, y val = 128
42426,0.055556,0.030303, x val = 130, y val = 128
42441,0.055556,0.030303, x val = 130, y val = 128
42456,0.055556,0.030303, x val = 130, y val = 128
42471,0.055556,0.030303, x val = 130, y val = 128
42486,0.055556,0.030303, x val = 130, y val = 128
42501,0.055556,0.030303, x val = 130, y val = 128
42516,0.055556,0.030303, x val = 130, y val = 128
42531,0.055556,0.030303, x val = 130, y val = 128
42546,0.055556,0.030303, x val = 130, y val = 128
42561,0.055556,0.030303, x val = 130, y val = 128
42576,0.055556,0.030303, x val = 130, y val = 128
42591,0.055556,0.030303, x val = 130, y val = 128
42606,0.055556,0.030303, x val = 130, y val = 128
42621,0.055556,0.030303, x val = 130, y val = 128
42636,0.055556,0.030303, x val = 130, y val = 128
42651,0.055556,0.030303, x val = 130, y val = 128
42666,0.055556,0.030303, x val = 130, y val = 128
42681,0.055556,0.030303, x val = 130, y val = 128
42696,0.055556,0.030303, x val = 130, y val = 128
42711,0.055556,0.030303, x val = 130, y val = 128
42726,0.055556,0.030303, x val = 130, y val = 128
42741,0.055556,0.030303, x val = 130, y val = 128
42756,0.055556,0.030303, x val = 130, y val = 128
42771,0.055556,0.030303, x val = 130, y val = 128
42786,0.055556,0.030303, x val = 130, y val = 128
42801,0.055556,0.030303, x val = 130, y val = 128
42816,0.055556,0.030303, x val = 130, y val = 128
42831,0.055556,0.030303, x val = 130, y val = 128
42846,0.055556,0.030303, x val = 130, y val = 128
42861,0.055556,0.030303, x val = 130, y val = 128
42876,0.055556,0.030303, x val = 130, y val = 128
42891,0.055556,0.030303, x val = 130, y val = 128
42906,0.055556,0.030303, x val = 130, y val = 128
42921,0.055556,0.030303, x val = 130, y val = 128
42936,0.055556,0.030303, x val = 130, y val = 128
42951,0.055556,0.030303, x val = 130, y val = 128
42966,0.055556,0.030303, x val = 130, y val = 128
42981,0.055556,0.030303, x val = 130, y val = 128
42996,0.055556,0.030303, x val = 130, y val = 128
43011,0.055556,0.030303, x val = 130, y val = 128
43026,0.055556,0.030303, x val = 130, y val = 128
43041,0.055556,0.030303, x val = 130, y val = 128
43056,0.055556,0.030303, x val = 130, y val = 128
43071,0.055556,0.030303, x val = 130, y val = 128
43086,0.055556,0.030303, x val = 130, y val = 128
43101,0.055556,0.030303, x val = 130, y val = 128
43116,0.055556,0.030303, x val = 130, y val = 128
43131,0.055556,0.030303, x val = 130, y val = 128
43146,0.055556,0.030303, x val = 130, y val = 128
43161,0.055556,0.030303, x val = 130, y val = 128
43176,0.055556,0.030303, x val = 130, y val = 128
43191,0.055556,0.030303, x val = 130, y val = 128
43206,0.055556,0.030303, x val = 130, y val = 128
43221,0.055556,0.030303, x val = 130, y val = 128
43236,0.055556,0.030303, x val = 130, y val = 128
43251,0.055556,0.030303, x val = 130, y val = 128
43266,0.055556,0.030303, x val = 130, y val = 128
43281,0.055556,0.030303, x val = 130, y val = 128
43296,0.055556,0.030303, x val = 130, y val = 128
43311,0.055556,0.030303, x val = 130, y val = 128
43326,0.055556,0.030303, x val = 130, y val = 128
43341,0.055556,0.030303, x val = 130, y val = 128
43356,0.055556,0.030303, x val = 130, y val = 128
43371,0.055556,0.030303, x val = 130, y val = 128
43386,0.055556,0.030303, x val = 130, y val = 128
43401,0.055556,0.030303, x val = 130, y val = 128
43416,0.055556,0.030303, x val = 130, y val = 128
43431,0.055556,0.030303, x val = 130, y val = 128
43446,0.055556,0.030303, x val = 130, y val = 128
43461,0.055556,0.030303, x val = 130, y val = 128
43476,0.055556,0.030303, x val = 130, y val = 128
43491,0.055556,0.030303, x val = 130, y val = 128
43506,0.055556,0.030303, x val = 130, y val = 128
43521,0.055556,0.030303, x val = 130, y val = 128
43536,0.055556,0.030303, x val = 130, y val = 128
43551,0.055556,0.030303, x val = 130, y val = 128
43566,0.055556,0.030303, x val = 130, y val = 128
43581,0.055556,0.030303, x val = 130, y val = 128
43596,0.055556,0.030303, x val = 130, y val = 128
43611,0.055556,0.030303, x val = 130, y val = 128
43626,0.055556,0.030303, x val = 130, y val = 128
43641,0.055556,0.030303, x val = 130, y val = 128
43656,0.055556,0.030303, x val = 130, y val = 128
43671,0.055556,0.030303, x val = 130, y val = 128
43686,0.055556,0.030303, x val = 130, y val = 128
43701,0.055556,0.030303, x val = 130, y val = 128
43716,0.055556,0.030303, x val = 130, y val = 128
43731,0.055556,0.030303, x val = 130, y val = 128
43746,0.055556,0.030303, x val = 130, y val = 128
43761,0.055556,0.030303, x val = 130, y val = 128
43776,0.055556,0.030303, x val = 130, y val = 128
43791,0.055556,0.030303, x val = 130, y val = 128
43806,0.055556,0.030303, x val = 130, y val = 128
43821,0.055556,0.030303, x val = 130, y val = 128
43836,0.055556,0.030303, x val = 130, y val = 128
43851,0.055556,0.030303, x val = 130, y val = 128
43866,0.055556,0.030303, x val = 130, y val = 128
43881,0.055556,0.030303, x val = 130, y val = 128
43896,0.055556,0.030303, x val = 130, y val = 128
43911,0.055556,0.030303, x val = 130, y val = 128
43926,0.055556,0.030303, x val = 130, y val = 128
43941,0.055556,0.030303, x val = 130, y val = 128
43956,0.055556,0.030303, x val = 130, y val = 128
43971,0.055556,0.030303, x val = 130, y val = 128
43986,0.055556,0.030303, x val = 130, y val = 128
44001,0.055556,0.030303, x val = 130, y val = 128
44016,0.055556,0.030303, x val = 130, y val = 128
44031,0.055556,0.030303, x val = 130, y val = 128
44046,0.055556,0.030303, x val = 130, y val = 128
44061,0.055556,0.030303, x val = 130, y val = 128
44076,0.055556,0.030303, x val = 130, y val = 128
44091,0.055556,0.030303, x val = 130, y val = 128
44106,0.055556,0.030303, x val = 130, y val = 128
44121,0.055556,0.030303, x val = 130, y val = 128
44136,0.055556,0.030303, x val = 130, y val = 128
44151,0.055556,0.030303, x val = 130, y val = 128
44166,0.055556,0.030303, x val = 130, y val = 128
44181,0.055556,0.030303, x val = 130, y val = 128
44196,0.055556,0.030303, x val = 130, y val = 128
44211,0.055556,0.030303, x val = 130, y val = 128
44226,0.055556,0.030303, x val = 130, y val = 128
44241,0.055556,0.030303, x val = 130, y val = 128
44256,0.055556,0.030303, x val = 130, y val = 128
44271,0.055556,0.030303, x val = 130, y val = 128
44286,0.055556,0.030303, x val = 130, y val = 128
44301,0.055556,0.030303, x val = 130, y val = 128
44316,0.055556,0.090909, x val = 130, y val = 129
44331,0.055556,0.212121, x val = 130, y val = 131
44346,0.055556,0.454545, x val = 130, y val = 135
44361,0.055556,0.878788, x val = 130, y val = 142
44376,0.055556,0.878788, x val = 130, y val = 142
44391,0.055556,0.878788, x val = 130, y val = 142
44406,0.055556,0.939394, x val = 130, y val = 143
44421,0.055556,0.939394, x val = 130, y val = 143
44436,0.055556,0.939394, x val = 130, y val = 143
44451,0.055556,0.939394, x val = 130, y val = 143
44466,0.055556,0.939394, x val = 130, y val = 143
44481,0.055556,0.939394, x val = 130, y val = 143
44496,0.055556,0.939394, x val = 130, y val = 143
44511,0.055556,0.939394, x val = 130, y val = 143
44526,0.055556,0.939394, x val = 130, y val = 143
44541,0.055556,0.939394, x val = 130, y val = 143
44556,0.055556,0.939394, x val = 130, y val = 143
44571,0.055556,0.939394, x val = 130, y val = 143
44586,0.055556,0.939394, x val = 130, y val = 143
44601,0.055556,0.939394, x val = 130, y val = 143
44616,0.055556,0.939394, x val = 130, y val = 143
44631,0.055556,0.939394, x val = 130, y val = 143
44646,0.055556,0.939394, x val = 130, y val = 143
44661,0.055556,0.939394, x val = 130, y val = 143
44676,0.055556,0.939394, x val = 130, y val = 143
44691,0.055556,0.939394, x val = 130, y val = 143
44706,0.055556,0.333333, x val = 130, y val = 133
44721,0.055556,0.151515, x val = 130, y val = 130
44736,0.000000,0.151515, x val = 129, y val = 130
44751,0.000000,0.151515, x val = 129, y val = 130
44766,0.000000,0.151515, x val = 129, y val = 130
44781,0.000000,0.151515, x val = 129, y val = 130
44796,0.000000,0.151515, x val = 129, y val = 130
44811,0.000000,0.151515, x val = 129, y val = 130
44826,0.000000,0.151515, x val = 129, y val = 130
44841,0.000000,0.151515, x val = 129, y val = 130
44856,0.000000,0.151515, x val = 129, y val = 130
44871,0.000000,0.151515, x val = 129, y val = 130
44886,0.000000,0.151515, x val = 129, y val = 130
44901,0.000000,0.151515, x val = 129, y val = 130
44916,0.000000,0.151515, x val = 129, y val = 130
44931,0.000000,0.151515, x val = 129, y val = 130
44946,0.000000,0.151515, x val = 129, y val = 130
44961,0.000000,0.151515, x val = 129, y val = 130
44976,0.000000,0.151515, x val = 129, y val = 130
44991,0.000000,0.151515, x val = 129, y val = 130
45006,0.000000,0.151515, x val = 129, y val = 130
45021,0.000000,0.151515, x val = 129, y val = 130
45036,0.000000,0.151515, x val = 129, y val = 130
45051,0.000000,0.151515, x val = 129, y val = 130
45066,0.000000,0.151515, x val = 129, y val = 130
45081,0.000000,0.151515, x val = 129, y val = 130
45096,0.000000,0.151515, x val = 129, y val = 130
45111,0.000000,0.151515, x val = 129, y val = 130
45126,0.000000,0.151515, x val = 129, y val = 130
45141,0.000000,0.151515, x val = 129, y val = 130
45156,0.000000,0.151515, x val = 129, y val = 130
45171,0.000000,0.151515, x val = 129, y val = 130
45186,0.000000,0.151515, x val = 129, y val = 130
45201,0.000000,0.151515, x val = 129, y val = 130
45216,0.000000,0.151515, x val = 129, y val = 130
45231,0.000000,0.151515, x val = 129, y val = 130
45246,0.000000,0.151515, x val = 129, y val = 130
45261,0.000000,0.151515, x val = 129, y val = 130
45276,0.000000,0.151515, x val = 129, y val = 130
45291,0.000000,0.151515, x val = 129, y val = 130
45306,0.000000,0.151515, x val = 129, y val = 130
45321,0.000000,0.151515, x val = 129, y val = 130
45336,0.000000,0.151515, x val = 129, y val = 130
45351,0.000000,0.151515, x val = 129, y val = 130
45366,0.000000,0.151515, x val = 129, y val = 130
45381,0.000000,0.151515, x val = 129, y val = 130
45396,0.000000,0.151515, x val = 129, y val = 130
45411,0.000000,0.151515, x val = 129, y val = 130
45426,0.000000,0.151515, x val = 129, y val = 130
45441,0.000000,0.151515, x val = 129, y val = 130
45456,0.000000,0.151515, x val = 129, y val = 130
45471,0.000000,0.151515, x val = 129, y val = 130
45486,0.000000,0.151515, x val = 129, y val = 130
45501,0.000000,0.151515, x val = 129, y val = 130
45516,0.000000,0.151515, x val = 129, y val = 130
45531,0.000000,0.151515, x val = 129, y val = 130
45546,0.000000,0.151515, x val = 129, y val = 130
45561,0.000000,0.151515, x val = 129, y val = 130
45576,0.000000,0.151515, x val = 129, y val = 130
45591,0.000000,0.151515, x val = 129, y val = 130
45606,0.000000,0.151515, x val = 129, y val = 130
45621,0.000000,0.151515, x val = 129, y val = 130
45636,0.000000,0.151515, x val = 129, y val = 130
45651,0.000000,0.151515, x val = 129, y val = 130
45666,0.000000,0.151515, x val = 129, y val = 130
45681,0.000000,0.151515, x val = 129, y val = 130
45696,0.000000,0.151515, x val = 129, y val = 130
45711,0.000000,0.151515, x val = 129, y val = 130
45726,0.000000,0.151515, x val = 129, y val = 130
45741,0.000000,0.151515, x val = 129, y val = 130
45756,0.000000,0.151515, x val = 129, y val = 130
45771,0.000000,0.151515, x val = 129, y val = 130
45786,0.000000,0.151515, x val = 129, y val = 130
45801,0.000000,0.151515, x val = 129, y val = 130
45816,0.000000,0.151515, x val = 129, y val = 130
45831,0.000000,0.151515, x val = 129, y val = 130
45846,0.000000,0.151515, x val = 129, y val = 130
45861,0.000000,0.151515, x val = 129, y val = 130
45876,0.000000,0.151515, x val = 129, y val = 130
45891,0.000000,0.151515, x val = 129, y val = 130
45906,0.000000,0.151515, x val = 129, y val = 130
45921,0.000000,0.151515, x val = 129, y val = 130
45936,0.000000,0.151515, x val = 129, y val = 130
45951,0.000000,0.151515, x val = 129, y val = 130
45966,0.000000,0.151515, x val = 129, y val = 130
45981,0.000000,0.151515, x val = 129, y val = 130
45996,0.055556,0.151515, x val = 130, y val = 130
46011,0.055556,0.151515, x val = 130, y val = 130
46026,0.111111,0.151515, x val = 131, y val = 130
46041,0.222222,0.151515, x val = 133, y val = 130
46056,0.277778,0.151515, x val = 134, y val = 130
46071,0.333333,0.151515, x val = 135, y val = 130
46086,0.444444,0.212121, x val = 137, y val = 131
46101,0.500000,0.333333, x val = 138, y val = 133
46116,0.611111,0.515152, x val = 140, y val = 136
46131,0.666667,0.636364, x val = 141, y val = 138
46146,0.722222,0.636364, x val = 142, y val = 138
46161,0.722222,0.696970, x val = 142, y val = 139
46176,0.722222,0.696970, x val = 142, y val = 139
46191,0.722222,0.696970, x val = 142, y val = 139
46206,0.722222,0.696970, x val = 142, y val = 139
46221,0.722222,0.696970, x val = 142, y val = 139
46236,0.722222,0.696970, x val = 142, y val = 139
46251,0.722222,0.696970, x val = 142, y val = 139
46266,0.722222,0.696970, x val = 142, y val = 139
46281,0.722222,0.696970, x val = 142, y val = 139
46296,0.722222,0.696970, x val = 142, y val = 139
46311,0.722222,0.696970, x val = 142, y val = 139
46326,0.722222,0.696970, x val = 142, y val = 139
46341,0.722222,0.696970, x val = 142, y val = 139
46356,0.722222,0.696970, x val = 142, y val = 139
46371,0.722222,0.696970, x val = 142, y val = 139
46386,0.722222,0.696970, x val = 142, y val = 139
46401,0.722222,0.696970, x val = 142, y val = 139
46416,0.722222,0.696970, x val = 142, y val = 139
46431,0.722222,0.696970, x val = 142, y val = 139
46446,0.722222,0.696970, x val = 142, y val = 139
46461,0.722222,0.696970, x val = 142, y val = 139
46476,0.722222,0.696970, x val = 142, y val = 139
46491,0.722222,0.696970, x val = 142, y val = 139
46506,0.722222,0.696970, x val = 142, y val = 139
46521,0.555556,0.696970, x val = 139, y val = 139
46536,0.111111,0.393939, x val = 131, y val = 134
46551,-0.055556,0.151515, x val = 128, y val = 130
46566,-0.055556,0.151515, x val = 128, y val = 130
46581,-0.055556,0.151515, x val = 128, y val = 130
46597,-0.055556,0.151515, x val = 128, y val = 130
46612,-0.055556,0.151515, x val = 128, y val = 130
46627,-0.055556,0.151515, x val = 128, y val = 130
46643,-0.055556,0.151515, x val = 128, y val = 130
46658,-0.055556,0.151515, x val = 128, y val = 130
46673,-0.055556,0.151515, x val = 128, y val = 130
46689,-0.055556,0.151515, x val = 128, y val = 130
46704,-0.055556,0.151515, x val = 128, y val = 130
46719,-0.055556,0.151515, x val = 128, y val = 130
46735,-0.055556,0.151515, x val = 128, y val = 130
46750,-0.055556,0.151515, x val = 128, y val = 130
46765,-0.055556,0.151515, x val = 128, y val = 130
46781,-0.055556,0.151515, x val = 128, y val = 130
46796,-0.055556,0.151515, x val = 128, y val = 130
46811,-0.055556,0.151515, x val = 128, y val = 130
46827,-0.055556,0.151515, x val = 128, y val = 130
46842,-0.055556,0.151515, x val = 128, y val = 130
46857,-0.055556,0.151515, x val = 128, y val = 130
46873,-0.055556,0.151515, x val = 128, y val = 130
46888,-0.055556,0.151515, x val = 128, y val = 130
46903,-0.055556,0.151515, x val = 128, y val = 130
46919,-0.055556,0.151515, x val = 128, y val = 130
46934,-0.055556,0.151515, x val = 128, y val = 130
46949,-0.055556,0.151515, x val = 128, y val = 130
46965,-0.055556,0.151515, x val = 128, y val = 130
46980,-0.055556,0.151515, x val = 128, y val = 130
46995,-0.055556,0.151515, x val = 128, y val = 130
47011,-0.055556,0.151515, x val = 128, y val = 130
47026,-0.055556,0.151515, x val = 128, y val = 130
47041,-0.055556,0.151515, x val = 128, y val = 130
47056,-0.055556,0.151515, x val = 128, y val = 130
47071,-0.055556,0.151515, x val = 128, y val = 130
47086,-0.055556,0.151515, x val = 128, y val = 130
47102,-0.055556,0.151515, x val = 128, y val = 130
47117,-0.055556,0.151515, x val = 128, y val = 130
47132,-0.055556,0.151515, x val = 128, y val = 130
47147,-0.055556,0.151515, x val = 128, y val = 130
47162,-0.055556,0.151515, x val = 128, y val = 130
47177,-0.055556,0.151515, x val = 128, y val = 130
47193,-0.055556,0.151515, x val = 128, y val = 130
47208,-0.055556,0.151515, x val = 128, y val = 130
47223,-0.055556,0.151515, x val = 128, y val = 130
47238,-0.055556,0.151515, x val = 128, y val = 130
47253,-0.055556,0.151515, x val = 128, y val = 130
47268,-0.055556,0.151515, x val = 128, y val = 130
47284,-0.055556,0.151515, x val = 128, y val = 130
47299,-0.055556,0.151515, x val = 128, y val = 130
47314,-0.055556,0.151515, x val = 128, y val = 130
47329,-0.055556,0.151515, x val = 128, y val = 130
47344,-0.055556,0.151515, x val = 128, y val = 130
47359,-0.055556,0.151515, x val = 128, y val = 130
47375,-0.055556,0.151515, x val = 128, y val = 130
47390,-0.055556,0.151515, x val = 128, y val = 130
47405,-0.055556,0.151515, x val = 128, y val = 130
47420,-0.055556,0.151515, x val = 128, y val = 130
47435,-0.055556,0.151515, x val = 128, y val = 130
47450,-0.055556,0.151515, x val = 128, y val = 130
47466,-0.055556,0.151515, x val = 128, y val = 130
47481,-0.055556,0.151515, x val = 128, y val = 130
47496,-0.055556,0.151515, x val = 128, y val = 130
47511,-0.055556,0.151515, x val = 128, y val = 130
47526,-0.055556,0.151515, x val = 128, y val = 130
47541,-0.055556,0.151515, x val = 128, y val = 130
47557,-0.055556,0.151515, x val = 128, y val = 130
47572,-0.055556,0.151515, x val = 128, y val = 130
47587,-0.055556,0.151515, x val = 128, y val = 130
47602,-0.055556,0.151515, x val = 128, y val = 130
47617,-0.055556,0.151515, x val = 128, y val = 130
47632,-0.055556,0.151515, x val = 128, y val = 130
47648,-0.055556,0.151515, x val = 128, y val = 130
47663,-0.055556,0.151515, x val = 128, y val = 130
47678,-0.055556,0.151515, x val = 128, y val = 130
47693,-0.055556,0.151515, x val = 128, y val = 130
47708,-0.055556,0.151515, x val = 128, y val = 130
47723,-0.055556,0.151515, x val = 128, y val = 130
47739,-0.055556,0.151515, x val = 128, y val = 130
47754,-0.055556,0.151515, x val = 128, y val = 130
47769,-0.055556,0.151515, x val = 128, y val = 130
47784,-0.055556,0.151515, x val = 128, y val = 130
47799,-0.055556,0.151515, x val = 128, y val = 130
47814,-0.055556,0.151515, x val = 128, y val = 130
47830,-0.055556,0.151515, x val = 128, y val = 130
47845,-0.055556,0.151515, x val = 128, y val = 130
47860,-0.055556,0.151515, x val = 128, y val = 130
47875,0.000000,0.151515, x val = 129, y val = 130
47890,0.055556,0.151515, x val = 130, y val = 130
47905,0.111111,0.151515, x val = 131, y val = 130
47920,0.222222,0.151515, x val = 133, y val = 130
47935,0.277778,0.151515, x val = 134, y val = 130
47950,0.444444,0.151515, x val = 137, y val = 130
47965,0.611111,0.151515, x val = 140, y val = 130
47980,0.722222,0.151515, x val = 142, y val = 130
47995,0.722222,0.151515, x val = 142, y val = 130
48010,0.777778,0.151515, x val = 143, y val = 130
48025,0.833333,0.151515, x val = 144, y val = 130
48040,0.833333,0.151515, x val = 144, y val = 130
48055,0.833333,0.151515, x val = 144, y val = 130
48070,0.833333,0.151515, x val = 144, y val = 130
48085,0.833333,0.151515, x val = 144, y val = 130
48100,0.833333,0.151515, x val = 144, y val = 130
48115,0.833333,0.151515, x val = 144, y val = 130
48130,0.833333,0.151515, x val = 144, y val = 130
48145,0.833333,0.151515, x val = 144, y val = 130
48160,0.833333,0.151515, x val = 144, y val = 130
48175,0.833333,0.151515, x val = 144, y val = 130
48190,0.833333,0.151515, x val = 144, y val = 130
48205,0.833333,0.151515, x val = 144, y val = 130
48220,0.833333,0.151515, x val = 144, y val = 130
48235,0.833333,0.151515, x val = 144, y val = 130
48250,0.833333,0.151515, x val = 144, y val = 130
48265,0.833333,0.151515, x val = 144, y val = 130
48280,0.833333,0.151515, x val = 144, y val = 130
48295,0.888889,0.151515, x val = 145, y val = 130
48310,0.888889,0.151515, x val = 145, y val = 130
48325,0.888889,0.151515, x val = 145, y val = 130
48340,0.888889,0.151515, x val = 145, y val = 130
48355,0.888889,0.151515, x val = 145, y val = 130
48370,0.777778,0.151515, x val = 143, y val = 130
48385,-0.166667,0.151515, x val = 126, y val = 130
48400,-0.111111,0.151515, x val = 127, y val = 130
48416,-0.111111,0.151515, x val = 127, y val = 130
48431,-0.111111,0.151515, x val = 127, y val = 130
48447,-0.111111,0.151515, x val = 127, y val = 130
48463,-0.111111,0.151515, x val = 127, y val = 130
48478,-0.111111,0.151515, x val = 127, y val = 130
48494,-0.111111,0.151515, x val = 127, y val = 130
48510,-0.111111,0.151515, x val = 127, y val = 130
48525,-0.111111,0.151515, x val = 127, y val = 130
48541,-0.111111,0.151515, x val = 127, y val = 130
48557,-0.111111,0.151515, x val = 127, y val = 130
48572,-0.111111,0.151515, x val = 127, y val = 130
48588,-0.111111,0.151515, x val = 127, y val = 130
48603,-0.111111,0.151515, x val = 127, y val = 130
48618,-0.111111,0.151515, x val = 127, y val = 130
48634,-0.111111,0.151515, x val = 127, y val = 130
48649,-0.111111,0.151515, x val = 127, y val = 130
48664,-0.111111,0.151515, x val = 127, y val = 130
48680,-0.111111,0.151515, x val = 127, y val = 130
48695,-0.111111,0.151515, x val = 127, y val = 130
48710,-0.111111,0.151515, x val = 127, y val = 130
48726,-0.111111,0.151515, x val = 127, y val = 130
48741,-0.111111,0.151515, x val = 127, y val = 130
48756,-0.111111,0.151515, x val = 127, y val = 130
48772,-0.111111,0.151515, x val = 127, y val = 130
48787,-0.111111,0.151515, x val = 127, y val = 130
48802,-0.111111,0.151515, x val = 127, y val = 130
48818,-0.111111,0.151515, x val = 127, y val = 130
48833,-0.111111,0.151515, x val = 127, y val = 130
48848,-0.111111,0.151515, x val = 127, y val = 130
48864,-0.111111,0.151515, x val = 127, y val = 130
48879,-0.111111,0.151515, x val = 127, y val = 130
48894,-0.111111,0.151515, x val = 127, y val = 130
48910,-0.111111,0.151515, x val = 127, y val = 130
48925,-0.111111,0.151515, x val = 127, y val = 130
48940,-0.111111,0.151515, x val = 127, y val = 130
48956,-0.111111,0.151515, x val = 127, y val = 130
48971,-0.111111,0.151515, x val = 127, y val = 130
48986,-0.111111,0.151515, x val = 127, y val = 130
49002,-0.111111,0.151515, x val = 127, y val = 130
49017,-0.111111,0.151515, x val = 127, y val = 130
49032,-0.111111,0.151515, x val = 127, y val = 130
49048,-0.111111,0.151515, x val = 127, y val = 130
49063,-0.111111,0.151515, x val = 127, y val = 130
49078,-0.111111,0.151515, x val = 127, y val = 130
49094,-0.111111,0.151515, x val = 127, y val = 130
49109,-0.111111,0.151515, x val = 127, y val = 130
49124,-0.111111,0.151515, x val = 127, y val = 130
49140,-0.111111,0.151515, x val = 127, y val = 130
49155,-0.111111,0.151515, x val = 127, y val = 130
49170,-0.111111,0.151515, x val = 127, y val = 130
49186,-0.111111,0.151515, x val = 127, y val = 130
49201,-0.111111,0.151515, x val = 127, y val = 130
49216,-0.111111,0.151515, x val = 127, y val = 130
49232,-0.111111,0.151515, x val = 127, y val = 130
49247,-0.111111,0.151515, x val = 127, y val = 130
49262,-0.111111,0.151515, x val = 127, y val = 130
49278,-0.111111,0.151515, x val = 127, y val = 130
49293,-0.111111,0.151515, x val = 127, y val = 130
49308,-0.111111,0.151515, x val = 127, y val = 130
49324,-0.111111,0.151515, x val = 127, y val = 130
49339,-0.111111,0.151515, x val = 127, y val = 130
49354,-0.111111,0.151515, x val = 127, y val = 130
49370,-0.111111,0.151515, x val = 127, y val = 130
49385,-0.111111,0.151515, x val = 127, y val = 130
49401,-0.111111,0.151515, x val = 127, y val = 130
49417,-0.111111,0.151515, x val = 127, y val = 130
49432,-0.111111,0.151515, x val = 127, y val = 130
49448,-0.111111,0.151515, x val = 127, y val = 130
49464,-0.111111,0.151515, x val = 127, y val = 130
49479,-0.111111,0.151515, x val = 127, y val = 130
49495,-0.111111,0.151515, x val = 127, y val = 130
49511,-0.111111,0.151515, x val = 127, y val = 130
49526,-0.111111,0.151515, x val = 127, y val = 130
49542,-0.111111,0.151515, x val = 127, y val = 130
49558,-0.111111,0.151515, x val = 127, y val = 130
49573,-0.111111,0.151515, x val = 127, y val = 130
49589,-0.111111,0.151515, x val = 127, y val = 130
49604,-0.111111,0.151515, x val = 127, y val = 130
49619,-0.111111,0.151515, x val = 127, y val = 130
49635,-0.111111,0.151515, x val = 127, y val = 130
49650,-0.111111,0.151515, x val = 127, y val = 130
49665,-0.111111,0.090909, x val = 127, y val = 129
49680,-0.055556,0.030303, x val = 128, y val = 128
49695,0.000000,-0.030303, x val = 129, y val = 127
49710,0.111111,-0.151515, x val = 131, y val = 125
49726,0.222222,-0.272727, x val = 133, y val = 123
49741,0.333333,-0.454545, x val = 135, y val = 120
49756,0.444444,-0.575758, x val = 137, y val = 118
49771,0.500000,-0.636364, x val = 138, y val = 117
49786,0.555556,-0.696970, x val = 139, y val = 116
49801,0.611111,-0.757576, x val = 140, y val = 115
49816,0.611111,-0.757576, x val = 140, y val = 115
49832,0.666667,-0.757576, x val = 141, y val = 115
49847,0.666667,-0.757576, x val = 141, y val = 115
49862,0.666667,-0.757576, x val = 141, y val = 115
49878,0.666667,-0.757576, x val = 141, y val = 115
49893,0.666667,-0.757576, x val = 141, y val = 115
49908,0.666667,-0.757576, x val = 141, y val = 115
49923,0.666667,-0.757576, x val = 141, y val = 115
49938,0.666667,-0.757576, x val = 141, y val = 115
49953,0.666667,-0.818182, x val = 141, y val = 114
49969,0.666667,-0.818182, x val = 141, y val = 114
49984,0.666667,-0.818182, x val = 141, y val = 114
49999,0.722222,-0.818182, x val = 142, y val = 114
50014,0.722222,-0.818182, x val = 142, y val = 114
50029,0.722222,-0.818182, x val = 142, y val = 114
50044,0.722222,-0.818182, x val = 142, y val = 114
50060,0.722222,-0.818182, x val = 142, y val = 114
50075,0.722222,-0.818182, x val = 142, y val = 114
50090,0.722222,-0.818182, x val = 142, y val = 114
50105,0.722222,-0.818182, x val = 142, y val = 114
50120,0.722222,-0.818182, x val = 142, y val = 114
50135,0.722222,-0.818182, x val = 142, y val = 114
50151,0.722222,-0.818182, x val = 142, y val = 114
50166,0.722222,-0.818182, x val = 142, y val = 114
50181,0.722222,-0.818182, x val = 142, y val = 114
50196,0.722222,-0.818182, x val = 142, y val = 114
50211,0.722222,-0.818182, x val = 142, y val = 114
50226,0.722222,-0.818182, x val = 142, y val = 114
50242,0.722222,-0.818182, x val = 142, y val = 114
50257,0.611111,-0.818182, x val = 140, y val = 114
50272,0.111111,-0.272727, x val = 131, y val = 123
50287,-0.111111,-0.030303, x val = 127, y val = 127
50303,-0.111111,-0.030303, x val = 127, y val = 127
50319,-0.111111,-0.030303, x val = 127, y val = 127
50335,-0.111111,-0.030303, x val = 127, y val = 127
50351,-0.111111,-0.030303, x val = 127, y val = 127
50367,-0.111111,-0.030303, x val = 127, y val = 127
50383,-0.111111,-0.030303, x val = 127, y val = 127
50399,-0.111111,-0.030303, x val = 127, y val = 127
50415,-0.111111,-0.030303, x val = 127, y val = 127
50431,-0.111111,-0.030303, x val = 127, y val = 127
50447,-0.111111,-0.030303, x val = 127, y val = 127
50463,-0.111111,-0.030303, x val = 127, y val = 127
50479,-0.111111,-0.030303, x val = 127, y val = 127
50495,-0.111111,-0.030303, x val = 127, y val = 127
50511,-0.111111,-0.030303, x val = 127, y val = 127
50527,-0.111111,-0.030303, x val = 127, y val = 127
50543,-0.111111,-0.030303, x val = 127, y val = 127
50559,-0.111111,-0.030303, x val = 127, y val = 127
50575,-0.111111,-0.030303, x val = 127, y val = 127
50591,-0.111111,-0.030303, x val = 127, y val = 127
50607,-0.111111,-0.030303, x val = 127, y val = 127
50623,-0.111111,-0.030303, x val = 127, y val = 127
50639,-0.111111,-0.030303, x val = 127, y val = 127
50655,-0.111111,-0.030303, x val = 127, y val = 127
50671,-0.111111,-0.030303, x val = 127, y val = 127
50687,-0.111111,-0.030303, x val = 127, y val = 127
50703,-0.111111,-0.030303, x val = 127, y val = 127
50719,-0.111111,-0.030303, x val = 127, y val = 127
50735,-0.111111,-0.030303, x val = 127, y val = 127
50751,-0.111111,-0.030303, x val = 127, y val = 127
50767,-0.111111,-0.030303, x val = 127, y val = 127
50783,-0.111111,-0.030303, x val = 127, y val = 127
50799,-0.111111,-0.030303, x val = 127, y val = 127
50815,-0.111111,-0.030303, x val = 127, y val = 127
50831,-0.111111,-0.030303, x val = 127, y val = 127
50847,-0.111111,-0.030303, x val = 127, y val = 127
50863,-0.111111,-0.030303, x val = 127, y val = 127
50879,-0.111111,-0.030303, x val = 127, y val = 127
50895,-0.111111,-0.030303, x val = 127, y val = 127
50911,-0.111111,-0.030303, x val = 127, y val = 127
50927,-0.111111,-0.030303, x val = 127, y val = 127
50943,-0.111111,-0.030303, x val = 127, y val = 127
50959,-0.111111,-0.030303, x val = 127, y val = 127
50975,-0.111111,-0.030303, x val = 127, y val = 127
50991,-0.111111,-0.030303, x val = 127, y val = 127
51007,-0.111111,-0.030303, x val = 127, y val = 127
51023,-0.111111,-0.030303, x val = 127, y val = 127
51039,-0.111111,-0.030303, x val = 127, y val = 127
51055,-0.111111,-0.030303, x val = 127, y val = 127
51071,-0.111111,-0.030303, x val = 127, y val = 127
51087,-0.111111,-0.030303, x val = 127, y val = 127
51103,-0.111111,-0.030303, x val = 127, y val = 127
51119,-0.111111,-0.030303, x val = 127, y val = 127
51135,-0.111111,-0.030303, x val = 127, y val = 127
51151,-0.111111,-0.030303, x val = 127, y val = 127
51167,-0.111111,-0.030303, x val = 127, y val = 127
51183,-0.111111,-0.030303, x val = 127, y val = 127
51199,-0.111111,-0.030303, x val = 127, y val = 127
51215,-0.111111,-0.030303, x val = 127, y val = 127
51231,-0.111111,-0.030303, x val = 127, y val = 127
51247,-0.111111,-0.030303, x val = 127, y val = 127
51263,-0.111111,-0.030303, x val = 127, y val = 127
51279,-0.111111,-0.030303, x val = 127, y val = 127
51295,-0.111111,-0.030303, x val = 127, y val = 127
51311,-0.111111,-0.030303, x val = 127, y val = 127
51327,-0.111111,-0.030303, x val = 127, y val = 127
51343,-0.111111,-0.030303, x val = 127, y val = 127
51359,-0.111111,-0.030303, x val = 127, y val = 127
51375,-0.111111,-0.030303, x val = 127, y val = 127
51391,-0.111111,-0.030303, x val = 127, y val = 127
51407,-0.111111,-0.030303, x val = 127, y val = 127
51423,-0.111111,-0.030303, x val = 127, y val = 127
51439,-0.111111,-0.030303, x val = 127, y val = 127
51455,-0.111111,-0.030303, x val = 127, y val = 127
51471,-0.111111,-0.030303, x val = 127, y val = 127
51487,-0.111111,-0.030303, x val = 127, y val = 127
51503,-0.111111,-0.030303, x val = 127, y val = 127
51519,-0.111111,-0.030303, x val = 127, y val = 127
51535,-0.111111,-0.030303, x val = 127, y val = 127
51551,-0.111111,-0.030303, x val = 127, y val = 127
51567,-0.111111,-0.030303, x val = 127, y val = 127
51583,-0.111111,-0.030303, x val = 127, y val = 127
51599,-0.111111,-0.030303, x val = 127, y val = 127
51615,-0.111111,-0.030303, x val = 127, y val = 127
51631,-0.111111,-0.030303, x val = 127, y val = 127
51647,-0.111111,-0.030303, x val = 127, y val = 127
51663,-0.111111,-0.030303, x val = 127, y val = 127
51679,-0.111111,-0.030303, x val = 127, y val = 127
51695,-0.111111,-0.030303, x val = 127, y val = 127
51711,-0.111111,-0.030303, x val = 127, y val = 127
51727,-0.111111,-0.030303, x val = 127, y val = 127
51743,-0.111111,-0.030303, x val = 127, y val = 127
51759,-0.111111,-0.030303, x val = 127, y val = 127
51775,-0.111111,-0.030303, x val = 127, y val = 127
51791,-0.111111,-0.090909, x val = 127, y val = 126
51807,-0.111111,-0.151515, x val = 127, y val = 125
51823,-0.111111,-0.272727, x val = 127, y val = 123
51839,-0.111111,-0.515152, x val = 127, y val = 119
51855,-0.111111,-0.757576, x val = 127, y val = 115
51871,-0.111111,-0.939394, x val = 127, y val = 112
51887,-0.111111,-1.000000, x val = 127, y val = 110
51903,-0.111111,-1.000000, x val = 127, y val = 109
51919,-0.111111,-1.000000, x val = 127, y val = 109
51935,-0.111111,-1.000000, x val = 127, y val = 108
51951,-0.111111,-1.000000, x val = 127, y val = 108
51967,-0.111111,-1.000000, x val = 127, y val = 108
51983,-0.111111,-1.000000, x val = 127, y val = 108
51999,-0.111111,-1.000000, x val = 127, y val = 108
52015,-0.111111,-1.000000, x val = 127, y val = 108
52031,-0.111111,-1.000000, x val = 127, y val = 108
52047,-0.111111,-1.000000, x val = 127, y val = 108
52063,-0.111111,-1.000000, x val = 127, y val = 107
52079,-0.111111,-1.000000, x val = 127, y val = 107
52095,-0.111111,-1.000000, x val = 127, y val = 107
52111,-0.111111,-1.000000, x val = 127, y val = 107
52127,-0.111111,-1.000000, x val = 127, y val = 107
52143,-0.111111,-1.000000, x val = 127, y val = 107
52159,-0.111111,-1.000000, x val = 127, y val = 107
52175,-0.111111,-1.000000, x val = 127, y val = 107
52191,-0.111111,-1.000000, x val = 127, y val = 107
52207,-0.111111,-1.000000, x val = 127, y val = 107
52223,-0.111111,-1.000000, x val = 127, y val = 107
52239,-0.111111,-1.000000, x val = 127, y val = 107
52255,-0.111111,-1.000000, x val = 127, y val = 107
52271,-0.111111,-1.000000, x val = 127, y val = 107
52287,-0.111111,0.027027, x val = 127, y val = 126
52302,-0.111111,0.135135, x val = 127, y val = 128
52318,-0.111111,0.135135, x val = 127, y val = 128
52334,-0.111111,0.135135, x val = 127, y val = 128
52349,-0.111111,0.135135, x val = 127, y val = 128
52365,-0.111111,0.135135, x val = 127, y val = 128
52380,-0.111111,0.135135, x val = 127, y val = 128
52395,-0.111111,0.135135, x val = 127, y val = 128
52411,-0.111111,0.135135, x val = 127, y val = 128
52426,-0.111111,0.135135, x val = 127, y val = 128
52441,-0.111111,0.135135, x val = 127, y val = 128
52457,-0.111111,0.135135, x val = 127, y val = 128
52472,-0.111111,0.135135, x val = 127, y val = 128
52487,-0.111111,0.135135, x val = 127, y val = 128
52503,-0.111111,0.135135, x val = 127, y val = 128
52518,-0.111111,0.135135, x val = 127, y val = 128
52533,-0.111111,0.135135, x val = 127, y val = 128
52549,-0.111111,0.135135, x val = 127, y val = 128
52564,-0.111111,0.135135, x val = 127, y val = 128
52579,-0.111111,0.135135, x val = 127, y val = 128
52595,-0.111111,0.135135, x val = 127, y val = 128
52610,-0.111111,0.135135, x val = 127, y val = 128
52625,-0.111111,0.135135, x val = 127, y val = 128
52641,-0.111111,0.135135, x val = 127, y val = 128
52656,-0.111111,0.135135, x val = 127, y val = 128
52672,-0.111111,0.135135, x val = 127, y val = 128
52688,-0.111111,0.135135, x val = 127, y val = 128
52703,-0.111111,0.135135, x val = 127, y val = 128
52719,-0.111111,0.135135, x val = 127, y val = 128
52735,-0.111111,0.135135, x val = 127, y val = 128
52750,-0.111111,0.135135, x val = 127, y val = 128
52766,-0.111111,0.135135, x val = 127, y val = 128
52782,-0.111111,0.135135, x val = 127, y val = 128
52797,-0.111111,0.135135, x val = 127, y val = 128
52813,-0.111111,0.135135, x val = 127, y val = 128
52829,-0.111111,0.135135, x val = 127, y val = 128
52844,-0.111111,0.135135, x val = 127, y val = 128
52860,-0.111111,0.135135, x val = 127, y val = 128
52876,-0.111111,0.135135, x val = 127, y val = 128
52891,-0.111111,0.135135, x val = 127, y val = 128
52907,-0.111111,0.135135, x val = 127, y val = 128
52923,-0.111111,0.135135, x val = 127, y val = 128
52938,-0.111111,0.135135, x val = 127, y val = 128
52954,-0.111111,0.135135, x val = 127, y val = 128
52970,-0.111111,0.135135, x val = 127, y val = 128
52985,-0.111111,0.135135, x val = 127, y val = 128
53001,-0.111111,0.135135, x val = 127, y val = 128
53017,-0.111111,0.135135, x val = 127, y val = 128
53032,-0.111111,0.135135, x val = 127, y val = 128
53048,-0.111111,0.135135, x val = 127, y val = 128
53063,-0.111111,0.135135, x val = 127, y val = 128
53078,-0.111111,0.135135, x val = 127, y val = 128
53094,-0.111111,0.135135, x val = 127, y val = 128
53109,-0.111111,0.135135, x val = 127, y val = 128
53124,-0.111111,0.135135, x val = 127, y val = 128
53140,-0.111111,0.135135, x val = 127, y val = 128
53155,-0.111111,0.135135, x val = 127, y val = 128
53170,-0.111111,0.135135, x val = 127, y val = 128
53186,-0.111111,0.135135, x val = 127, y val = 128
53201,-0.111111,0.135135, x val = 127, y val = 128
53216,-0.111111,0.135135, x val = 127, y val = 128
53232,-0.111111,0.135135, x val = 127, y val = 128
53247,-0.111111,0.135135, x val = 127, y val = 128
53262,-0.111111,0.135135, x val = 127, y val = 128
53278,-0.111111,0.135135, x val = 127, y val = 128
53293,-0.111111,0.135135, x val = 127, y val = 128
53309,-0.111111,0.135135, x val = 127, y val = 128
53325,-0.111111,0.135135, x val = 127, y val = 128
53340,-0.111111,0.135135, x val = 127, y val = 128
53356,-0.111111,0.135135, x val = 127, y val = 128
53372,-0.111111,0.135135, x val = 127, y val = 128
53387,-0.111111,0.135135, x val = 127, y val = 128
53403,-0.111111,0.135135, x val = 127, y val = 128
53419,-0.111111,0.135135, x val = 127, y val = 128
53434,-0.111111,0.135135, x val = 127, y val = 128
53450,-0.111111,0.135135, x val = 127, y val = 128
53466,-0.111111,0.135135, x val = 127, y val = 128
53481,-0.111111,0.135135, x val = 127, y val = 128
53497,-0.111111,0.135135, x val = 127, y val = 128
53513,-0.111111,0.135135, x val = 127, y val = 128
53528,-0.111111,0.135135, x val = 127, y val = 128
53544,-0.111111,0.135135, x val = 127, y val = 128
53560,-0.111111,0.135135, x val = 127, y val = 128
53575,-0.111111,0.135135, x val = 127, y val = 128
53591,-0.111111,0.135135, x val = 127, y val = 128
53607,-0.111111,0.135135, x val = 127, y val = 128
53622,-0.111111,0.135135, x val = 127, y val = 128
53638,-0.111111,0.135135, x val = 127, y val = 128
53654,-0.111111,0.135135, x val = 127, y val = 128
53669,-0.111111,0.135135, x val = 127, y val = 128
53685,-0.111111,0.135135, x val = 127, y val = 128
53700,-0.111111,0.135135, x val = 127, y val = 128
53715,-0.111111,0.135135, x val = 127, y val = 128
53731,-0.111111,0.135135, x val = 127, y val = 128
53746,-0.111111,0.135135, x val = 127, y val = 128
53761,-0.111111,0.135135, x val = 127, y val = 128
53777,-0.111111,0.135135, x val = 127, y val = 128
53792,-0.111111,0.135135, x val = 127, y val = 128
53807,-0.111111,0.135135, x val = 127, y val = 128
53823,-0.111111,0.135135, x val = 127, y val = 128
53838,-0.111111,0.135135, x val = 127, y val = 128
53853,-0.111111,0.135135, x val = 127, y val = 128
53869,-0.111111,0.135135, x val = 127, y val = 128
53884,-0.111111,0.135135, x val = 127, y val = 128
53899,-0.111111,0.135135, x val = 127, y val = 128
53915,-0.111111,0.135135, x val = 127, y val = 128
53930,-0.111111,0.135135, x val = 127, y val = 128
53946,-0.111111,0.081081, x val = 127, y val = 127
53961,-0.111111,0.081081, x val = 127, y val = 127
53976,-0.111111,0.081081, x val = 127, y val = 127
53991,-0.222222,-0.027027, x val = 125, y val = 125
54007,-0.388889,-0.243243, x val = 122, y val = 121
54023,-0.666667,-0.459459, x val = 117, y val = 117
54039,-0.833333,-0.621622, x val = 114, y val = 114
54055,-0.888889,-0.729730, x val = 113, y val = 112
54071,-0.888889,-0.729730, x val = 113, y val = 112
54087,-0.944444,-0.783784, x val = 112, y val = 111
54103,-0.944444,-0.783784, x val = 112, y val = 111
54119,-0.944444,-0.783784, x val = 112, y val = 111
54135,-0.944444,-0.837838, x val = 112, y val = 110
54151,-0.944444,-0.837838, x val = 112, y val = 110
54167,-0.944444,-0.837838, x val = 112, y val = 110
54183,-0.944444,-0.837838, x val = 112, y val = 110
54199,-0.944444,-0.837838, x val = 112, y val = 110
54215,-0.944444,-0.837838, x val = 112, y val = 110
54231,-0.944444,-0.837838, x val = 112, y val = 110
54247,-0.944444,-0.837838, x val = 112, y val = 110
54263,-0.944444,-0.837838, x val = 112, y val = 110
54279,-0.944444,-0.837838, x val = 112, y val = 110
54295,-0.944444,-0.837838, x val = 112, y val = 110
54311,-0.944444,-0.837838, x val = 112, y val = 110
54327,-0.944444,-0.837838, x val = 112, y val = 110
54343,-0.944444,-0.837838, x val = 112, y val = 110
54359,-0.944444,-0.837838, x val = 112, y val = 110
54375,-0.833333,-0.729730, x val = 114, y val = 112
54391,-0.333333,-0.243243, x val = 123, y val = 121
54407,-0.111111,-0.027027, x val = 127, y val = 125
54423,-0.111111,-0.027027, x val = 127, y val = 125
54439,-0.111111,-0.027027, x val = 127, y val = 125
54455,-0.111111,-0.027027, x val = 127, y val = 125
54471,-0.111111,-0.027027, x val = 127, y val = 125
54487,-0.111111,-0.027027, x val = 127, y val = 125
54503,-0.111111,-0.027027, x val = 127, y val = 125
54519,-0.111111,-0.027027, x val = 127, y val = 125
54535,-0.111111,-0.027027, x val = 127, y val = 125
54551,-0.111111,-0.027027, x val = 127, y val = 125
54567,-0.111111,-0.027027, x val = 127, y val = 125
54583,-0.111111,-0.027027, x val = 127, y val = 125
54599,-0.111111,-0.027027, x val = 127, y val = 125
54615,-0.111111,-0.027027, x val = 127, y val = 125
54631,-0.111111,-0.027027, x val = 127, y val = 125
54647,-0.111111,-0.027027, x val = 127, y val = 125
54663,-0.111111,-0.027027, x val = 127, y val = 125
54679,-0.111111,-0.027027, x val = 127, y val = 125
54695,-0.111111,-0.027027, x val = 127, y val = 125
54711,-0.111111,-0.027027, x val = 127, y val = 125
54727,-0.111111,-0.027027, x val = 127, y val = 125
54743,-0.111111,-0.027027, x val = 127, y val = 125
54759,-0.111111,-0.027027, x val = 127, y val = 125
54775,-0.111111,-0.027027, x val = 127, y val = 125
54791,-0.111111,-0.027027, x val = 127, y val = 125
54807,-0.111111,-0.027027, x val = 127, y val = 125
54823,-0.111111,-0.027027, x val = 127, y val = 125
54839,-0.111111,-0.027027, x val = 127, y val = 125
54855,-0.111111,-0.027027, x val = 127, y val = 125
54871,-0.111111,-0.027027, x val = 127, y val = 125
54887,-0.111111,-0.027027, x val = 127, y val = 125
54903,-0.111111,-0.027027, x val = 127, y val = 125
54919,-0.111111,-0.027027, x val = 127, y val = 125
54935,-0.111111,-0.027027, x val = 127, y val = 125
54951,-0.111111,-0.027027, x val = 127, y val = 125
54967,-0.111111,-0.027027, x val = 127, y val = 125
54983,-0.111111,-0.027027, x val = 127, y val = 125
54999,-0.111111,-0.027027, x val = 127, y val = 125
55015,-0.111111,-0.027027, x val = 127, y val = 125
55031,-0.111111,-0.027027, x val = 127, y val = 125
55047,-0.111111,-0.027027, x val = 127, y val = 125
55063,-0.111111,-0.027027, x val = 127, y val = 125
55079,-0.111111,-0.027027, x val = 127, y val = 125
55095,-0.111111,-0.027027, x val = 127, y val = 125
55111,-0.111111,-0.027027, x val = 127, y val = 125
55127,-0.111111,-0.027027, x val = 127, y val = 125
55143,-0.111111,-0.027027, x val = 127, y val = 125
55159,-0.111111,-0.027027, x val = 127, y val = 125
55175,-0.111111,-0.027027, x val = 127, y val = 125
55191,-0.111111,-0.027027, x val = 127, y val = 125
55207,-0.111111,-0.027027, x val = 127, y val = 125
55223,-0.111111,-0.027027, x val = 127, y val = 125
55239,-0.111111,-0.027027, x val = 127, y val = 125
55255,-0.111111,-0.027027, x val = 127, y val = 125
55271,-0.111111,-0.027027, x val = 127, y val = 125
55287,-0.111111,-0.027027, x val = 127, y val = 125
55303,-0.111111,-0.027027, x val = 127, y val = 125
55319,-0.111111,-0.027027, x val = 127, y val = 125
55335,-0.111111,-0.027027, x val = 127, y val = 125
55351,-0.111111,-0.027027, x val = 127, y val = 125
55367,-0.111111,-0.027027, x val = 127, y val = 125
55383,-0.111111,-0.027027, x val = 127, y val = 125
55399,-0.111111,-0.027027, x val = 127, y val = 125
55415,-0.111111,-0.027027, x val = 127, y val = 125
55431,-0.111111,-0.027027, x val = 127, y val = 125
55447,-0.111111,-0.027027, x val = 127, y val = 125
55463,-0.111111,-0.027027, x val = 127, y val = 125
55479,-0.111111,-0.027027, x val = 127, y val = 125
55495,-0.111111,-0.027027, x val = 127, y val = 125
55511,-0.111111,-0.027027, x val = 127, y val = 125
55527,-0.111111,-0.027027, x val = 127, y val = 125
55543,-0.111111,-0.027027, x val = 127, y val = 125
55559,-0.111111,-0.027027, x val = 127, y val = 125
55575,-0.111111,-0.027027, x val = 127, y val = 125
55591,-0.111111,-0.027027, x val = 127, y val = 125
55607,-0.111111,-0.027027, x val = 127, y val = 125
55623,-0.111111,-0.027027, x val = 127, y val = 125
55639,-0.111111,-0.027027, x val = 127, y val = 125
55655,-0.111111,-0.027027, x val = 127, y val = 125
55671,-0.111111,-0.027027, x val = 127, y val = 125
55687,-0.111111,-0.027027, x val = 127, y val = 125
55703,-0.111111,-0.027027, x val = 127, y val = 125
55719,-0.111111,-0.027027, x val = 127, y val = 125
55735,-0.111111,-0.027027, x val = 127, y val = 125
55751,-0.111111,-0.027027, x val = 127, y val = 125
55767,-0.111111,-0.027027, x val = 127, y val = 125
55783,-0.111111,-0.027027, x val = 127, y val = 125
55799,-0.111111,-0.027027, x val = 127, y val = 125
55815,-0.111111,-0.027027, x val = 127, y val = 125
55831,-0.111111,-0.027027, x val = 127, y val = 125
55847,-0.111111,-0.027027, x val = 127, y val = 125
55863,-0.111111,-0.027027, x val = 127, y val = 125
55879,-0.111111,-0.027027, x val = 127, y val = 125
55895,-0.111111,-0.027027, x val = 127, y val = 125
55911,-0.111111,-0.027027, x val = 127, y val = 125
55927,-0.111111,-0.027027, x val = 127, y val = 125
55943,-0.111111,-0.027027, x val = 127, y val = 125
55959,-0.111111,-0.027027, x val = 127, y val = 125
55975,-0.111111,-0.027027, x val = 127, y val = 125
55991,-0.111111,-0.027027, x val = 127, y val = 125
56007,-0.111111,-0.027027, x val = 127, y val = 125
56023,-0.111111,-0.027027, x val = 127, y val = 125
56039,-0.111111,-0.027027, x val = 127, y val = 125
56055,-0.111111,-0.027027, x val = 127, y val = 125
56071,-0.111111,-0.027027, x val = 127, y val = 125
56087,-0.111111,-0.027027, x val = 127, y val = 125
56103,-0.111111,-0.027027, x val = 127, y val = 125
56119,-0.111111,-0.027027, x val = 127, y val = 125
56135,-0.111111,-0.027027, x val = 127, y val = 125
56151,-0.111111,-0.027027, x val = 127, y val = 125
56167,-0.111111,-0.027027, x val = 127, y val = 125
56183,-0.111111,-0.027027, x val = 127, y val = 125
56199,-0.111111,-0.027027, x val = 127, y val = 125
56215,-0.111111,-0.027027, x val = 127, y val = 125
56231,-0.111111,-0.027027, x val = 127, y val = 125
56247,-0.111111,-0.027027, x val = 127, y val = 125
56263,-0.111111,-0.027027, x val = 127, y val = 125
56279,-0.111111,-0.027027, x val = 127, y val = 125
56295,-0.111111,-0.027027, x val = 127, y val = 125
56311,-0.111111,-0.027027, x val = 127, y val = 125
56327,-0.111111,-0.027027, x val = 127, y val = 125
56343,-0.111111,-0.027027, x val = 127, y val = 125
56359,-0.111111,-0.027027, x val = 127, y val = 125
56375,-0.111111,-0.027027, x val = 127, y val = 125
56391,-0.111111,-0.027027, x val = 127, y val = 125
56407,-0.111111,-0.027027, x val = 127, y val = 125
56423,-0.111111,-0.027027, x val = 127, y val = 125
56439,-0.111111,-0.027027, x val = 127, y val = 125
56455,-0.111111,-0.027027, x val = 127, y val = 125
56471,-0.111111,-0.027027, x val = 127, y val = 125
56487,-0.111111,-0.027027, x val = 127, y val = 125
56503,-0.166667,-0.027027, x val = 126, y val = 125
56519,-0.222222,-0.027027, x val = 125, y val = 125
56535,-0.388889,-0.027027, x val = 122, y val = 125
56551,-0.611111,-0.027027, x val = 118, y val = 125
56567,-0.888889,-0.027027, x val = 113, y val = 125
56583,-0.888889,-0.027027, x val = 113, y val = 125
56599,-0.944444,-0.027027, x val = 112, y val = 125
56615,-0.944444,-0.027027, x val = 112, y val = 125
56631,-0.944444,-0.027027, x val = 112, y val = 125
56647,-0.944444,-0.027027, x val = 112, y val = 125
56663,-1.000000,-0.027027, x val = 111, y val = 125
56679,-1.000000,-0.027027, x val = 110, y val = 125
56695,-1.000000,-0.027027, x val = 110, y val = 125
56711,-1.000000,-0.027027, x val = 110, y val = 125
56727,-1.000000,-0.027027, x val = 110, y val = 125
56743,-1.000000,-0.027027, x val = 110, y val = 125
56759,-1.000000,-0.027027, x val = 110, y val = 125
56775,-1.000000,-0.027027, x val = 110, y val = 125
56791,-1.000000,-0.027027, x val = 110, y val = 125
56807,-1.000000,-0.027027, x val = 110, y val = 125
56823,-1.000000,-0.027027, x val = 110, y val = 125
56839,-1.000000,-0.027027, x val = 110, y val = 125
56855,-1.000000,-0.027027, x val = 110, y val = 125
56871,-1.000000,-0.027027, x val = 110, y val = 125
56887,-1.000000,-0.027027, x val = 110, y val = 125
56903,-0.567568,-0.027027, x val = 118, y val = 125
56919,-0.135135,-0.027027, x val = 126, y val = 125
56935,-0.081081,-0.027027, x val = 127, y val = 125
56951,0.027027,-0.027027, x val = 129, y val = 125
56966,0.081081,-0.027027, x val = 130, y val = 125
56981,0.081081,0.027027, x val = 130, y val = 126
56996,0.081081,0.027027, x val = 130, y val = 126
57011,0.081081,0.027027, x val = 130, y val = 126
57026,0.081081,0.027027, x val = 130, y val = 126
57041,0.081081,0.027027, x val = 130, y val = 126
57056,0.081081,0.027027, x val = 130, y val = 126
57071,0.081081,0.027027, x val = 130, y val = 126
57086,0.081081,0.027027, x val = 130, y val = 126
57101,0.081081,0.027027, x val = 130, y val = 126
57116,0.081081,0.027027, x val = 130, y val = 126
57131,0.081081,0.027027, x val = 130, y val = 126
57146,0.081081,0.027027, x val = 130, y val = 126
57161,0.081081,0.027027, x val = 130, y val = 126
57176,0.081081,0.027027, x val = 130, y val = 126
57191,0.081081,0.027027, x val = 130, y val = 126
57206,0.081081,0.027027, x val = 130, y val = 126
57221,0.081081,0.027027, x val = 130, y val = 126
57236,0.081081,0.027027, x val = 130, y val = 126
57251,0.081081,0.027027, x val = 130, y val = 126
57266,0.081081,0.027027, x val = 130, y val = 126
57281,0.081081,0.027027, x val = 130, y val = 126
57296,0.081081,0.027027, x val = 130, y val = 126
57311,0.081081,0.027027, x val = 130, y val = 126
57326,0.081081,0.027027, x val = 130, y val = 126
57341,0.081081,0.027027, x val = 130, y val = 126
57356,0.081081,0.027027, x val = 130, y val = 126
57371,0.081081,0.027027, x val = 130, y val = 126
57386,0.081081,0.027027, x val = 130, y val = 126
57401,0.081081,0.027027, x val = 130, y val = 126
57416,0.081081,0.027027, x val = 130, y val = 126
57431,0.081081,0.027027, x val = 130, y val = 126
57446,0.081081,0.027027, x val = 130, y val = 126
57461,0.081081,0.027027, x val = 130, y val = 126
57476,0.081081,0.027027, x val = 130, y val = 126
57491,0.081081,0.027027, x val = 130, y val = 126
57506,0.081081,0.027027, x val = 130, y val = 126
57521,0.081081,0.027027, x val = 130, y val = 126
57536,0.081081,0.027027, x val = 130, y val = 126
57551,0.081081,0.027027, x val = 130, y val = 126
57566,0.081081,0.027027, x val = 130, y val = 126
57581,0.081081,0.027027, x val = 130, y val = 126
57596,0.081081,0.027027, x val = 130, y val = 126
57611,0.081081,0.027027, x val = 130, y val = 126
57626,0.081081,0.027027, x val = 130, y val = 126
57641,0.081081,0.027027, x val = 130, y val = 126
57656,0.081081,0.027027, x val = 130, y val = 126
57671,0.081081,0.027027, x val = 130, y val = 126
57686,0.081081,0.027027, x val = 130, y val = 126
57701,0.081081,0.027027, x val = 130, y val = 126
57716,0.081081,0.027027, x val = 130, y val = 126
57731,0.081081,0.027027, x val = 130, y val = 126
57746,0.081081,0.027027, x val = 130, y val = 126
57761,0.081081,0.027027, x val = 130, y val = 126
57776,0.081081,0.027027, x val = 130, y val = 126
57791,0.081081,0.027027, x val = 130, y val = 126
57806,0.081081,0.027027, x val = 130, y val = 126
57821,0.081081,0.027027, x val = 130, y val = 126
57836,0.081081,0.027027, x val = 130, y val = 126
57851,0.081081,0.027027, x val = 130, y val = 126
57866,0.081081,0.027027, x val = 130, y val = 126
57881,0.081081,0.027027, x val = 130, y val = 126
57896,0.081081,0.027027, x val = 130, y val = 126
57911,0.081081,0.027027, x val = 130, y val = 126
57926,0.081081,0.027027, x val = 130, y val = 126
57941,0.081081,0.027027, x val = 130, y val = 126
57956,0.081081,0.027027, x val = 130, y val = 126
57971,0.081081,0.027027, x val = 130, y val = 126
57986,0.081081,0.027027, x val = 130, y val = 126
58001,0.081081,0.027027, x val = 130, y val = 126
58016,0.081081,0.027027, x val = 130, y val = 126
58031,0.081081,0.027027, x val = 130, y val = 126
58046,0.081081,0.027027, x val = 130, y val = 126
58061,0.081081,0.027027, x val = 130, y val = 126
58076,0.081081,0.027027, x val = 130, y val = 126
58091,0.081081,0.027027, x val = 130, y val = 126
58106,0.081081,0.027027, x val = 130, y val = 126
58121,0.081081,0.027027, x val = 130, y val = 126
58136,0.081081,0.027027, x val = 130, y val = 126
58151,0.081081,0.027027, x val = 130, y val = 126
58166,0.081081,0.027027, x val = 130, y val = 126
58181,0.081081,0.027027, x val = 130, y val = 126
58196,0.081081,0.027027, x val = 130, y val = 126
58211,0.081081,0.027027, x val = 130, y val = 126
58226,0.081081,0.027027, x val = 130, y val = 126
58241,0.081081,0.027027, x val = 130, y val = 126
58256,0.081081,0.027027, x val = 130, y val = 126
58271,0.081081,0.027027, x val = 130, y val = 126
58286,0.081081,0.027027, x val = 130, y val = 126
58301,0.081081,0.027027, x val = 130, y val = 126
58316,0.081081,0.027027, x val = 130, y val = 126
58331,0.081081,0.027027, x val = 130, y val = 126
58346,0.081081,0.027027, x val = 130, y val = 126
58361,0.081081,0.027027, x val = 130, y val = 126
58376,0.081081,0.027027, x val = 130, y val = 126
58391,0.081081,0.027027, x val = 130, y val = 126
58406,0.081081,0.027027, x val = 130, y val = 126
58421,0.081081,0.027027, x val = 130, y val = 126
58436,0.081081,0.027027, x val = 130, y val = 126
58451,0.081081,0.027027, x val = 130, y val = 126
58466,0.081081,0.027027, x val = 130, y val = 126
58481,0.081081,0.027027, x val = 130, y val = 126
58496,0.081081,0.027027, x val = 130, y val = 126
58511,0.081081,0.027027, x val = 130, y val = 126
58526,0.081081,0.027027, x val = 130, y val = 126
58541,0.081081,0.027027, x val = 130, y val = 126
58556,0.081081,0.027027, x val = 130, y val = 126
58571,0.081081,0.027027, x val = 130, y val = 126
58586,0.081081,0.027027, x val = 130, y val = 126
58601,0.081081,0.027027, x val = 130, y val = 126
58616,0.081081,0.027027, x val = 130, y val = 126
58631,0.081081,0.027027, x val = 130, y val = 126
58646,0.081081,0.027027, x val = 130, y val = 126
58661,0.081081,0.027027, x val = 130, y val = 126
58676,0.081081,0.027027, x val = 130, y val = 126
58691,0.027027,0.027027, x val = 129, y val = 126
58706,0.027027,0.027027, x val = 129, y val = 126
58721,-0.081081,0.081081, x val = 127, y val = 127
58736,-0.135135,0.135135, x val = 126, y val = 128
58751,-0.243243,0.135135, x val = 124, y val = 128
58766,-0.351351,0.189189, x val = 122, y val = 129
58782,-0.405405,0.189189, x val = 121, y val = 129
58797,-0.513514,0.243243, x val = 119, y val = 130
58812,-0.513514,0.297297, x val = 119, y val = 131
58828,-0.567568,0.351351, x val = 118, y val = 132
58843,-0.567568,0.459459, x val = 118, y val = 134
58858,-0.621622,0.567568, x val = 117, y val = 136
58873,-0.621622,0.621622, x val = 117, y val = 137
58888,-0.621622,0.621622, x val = 117, y val = 137
58903,-0.621622,0.675676, x val = 117, y val = 138
58918,-0.621622,0.675676, x val = 117, y val = 138
58933,-0.621622,0.675676, x val = 117, y val = 138
58948,-0.621622,0.675676, x val = 117, y val = 138
58963,-0.621622,0.675676, x val = 117, y val = 138
58978,-0.621622,0.675676, x val = 117, y val = 138
58993,-0.621622,0.675676, x val = 117, y val = 138
59008,-0.621622,0.729730, x val = 117, y val = 139
59023,-0.621622,0.729730, x val = 117, y val = 139
59038,-0.621622,0.729730, x val = 117, y val = 139
59053,-0.621622,0.729730, x val = 117, y val = 139
59069,-0.621622,0.729730, x val = 117, y val = 139
59084,-0.621622,0.729730, x val = 117, y val = 139
59099,-0.621622,0.729730, x val = 117, y val = 139
59114,-0.621622,0.729730, x val = 117, y val = 139
59129,-0.621622,0.729730, x val = 117, y val = 139
59144,-0.621622,0.729730, x val = 117, y val = 139
59160,-0.621622,0.729730, x val = 117, y val = 139
59175,-0.621622,0.729730, x val = 117, y val = 139
59190,-0.621622,0.729730, x val = 117, y val = 139
59205,-0.621622,0.729730, x val = 117, y val = 139
59220,-0.621622,0.729730, x val = 117, y val = 139
59235,-0.621622,0.729730, x val = 117, y val = 139
59251,-0.621622,0.729730, x val = 117, y val = 139
59266,-0.621622,0.729730, x val = 117, y val = 139
59281,-0.621622,0.729730, x val = 117, y val = 139
59296,-0.621622,0.729730, x val = 117, y val = 139
59311,-0.621622,0.729730, x val = 117, y val = 139
59326,-0.621622,0.729730, x val = 117, y val = 139
59342,-0.459459,0.729730, x val = 120, y val = 139
59357,-0.135135,0.513514, x val = 126, y val = 135
59373,0.081081,0.351351, x val = 130, y val = 132
59388,0.081081,0.351351, x val = 130, y val = 132
59403,0.081081,0.351351, x val = 130, y val = 132
59418,0.081081,0.351351, x val = 130, y val = 132
59433,0.081081,0.351351, x val = 130, y val = 132
59448,0.081081,0.351351, x val = 130, y val = 132
59463,0.081081,0.351351, x val = 130, y val = 132
59478,0.081081,0.351351, x val = 130, y val = 132
59493,0.081081,0.351351, x val = 130, y val = 132
59508,0.081081,0.351351, x val = 130, y val = 132
59523,0.081081,0.351351, x val = 130, y val = 132
59538,0.081081,0.351351, x val = 130, y val = 132
59553,0.081081,0.351351, x val = 130, y val = 132
59568,0.081081,0.351351, x val = 130, y val = 132
59583,0.081081,0.351351, x val = 130, y val = 132
59598,0.081081,0.351351, x val = 130, y val = 132
59613,0.081081,0.351351, x val = 130, y val = 132
59628,0.081081,0.351351, x val = 130, y val = 132
59643,0.081081,0.351351, x val = 130, y val = 132
59658,0.081081,0.351351, x val = 130, y val = 132
59673,0.081081,0.351351, x val = 130, y val = 132
59688,0.081081,0.351351, x val = 130, y val = 132
59703,0.081081,0.351351, x val = 130, y val = 132
59718,0.081081,0.351351, x val = 130, y val = 132
59733,0.081081,0.351351, x val = 130, y val = 132
59748,0.081081,0.351351, x val = 130, y val = 132
59763,0.081081,0.351351, x val = 130, y val = 132
59778,0.081081,0.351351, x val = 130, y val = 132
59793,0.081081,0.351351, x val = 130, y val = 132
59808,0.081081,0.351351, x val = 130, y val = 132
59823,0.081081,0.351351, x val = 130, y val = 132
59838,0.081081,0.351351, x val = 130, y val = 132
59853,0.081081,0.351351, x val = 130, y val = 132
59868,0.081081,0.351351, x val = 130, y val = 132
59883,0.081081,0.351351, x val = 130, y val = 132
59898,0.081081,0.351351, x val = 130, y val = 132
59913,0.081081,0.351351, x val = 130, y val = 132
59928,0.081081,0.351351, x val = 130, y val = 132
59943,0.081081,0.351351, x val = 130, y val = 132
59958,0.081081,0.351351, x val = 130, y val = 132
59973,0.081081,0.351351, x val = 130, y val = 132
59988,0.081081,0.351351, x val = 130, y val = 132
60003,0.081081,0.351351, x val = 130, y val = 132
60018,0.081081,0.351351, x val = 130, y val = 132
60033,0.081081,0.351351, x val = 130, y val = 132
60048,0.081081,0.351351, x val = 130, y val = 132
60063,0.081081,0.351351, x val = 130, y val = 132
60078,0.081081,0.351351, x val = 130, y val = 132
60093,0.081081,0.351351, x val = 130, y val = 132
60108,0.081081,0.351351, x val = 130, y val = 132
60123,0.081081,0.351351, x val = 130, y val = 132
60138,0.081081,0.351351, x val = 130, y val = 132
60153,0.081081,0.351351, x val = 130, y val = 132
60168,0.081081,0.351351, x val = 130, y val = 132
60183,0.081081,0.351351, x val = 130, y val = 132
60198,0.081081,0.351351, x val = 130, y val = 132
60213,0.081081,0.351351, x val = 130, y val = 132
60228,0.081081,0.351351, x val = 130, y val = 132
60243,0.081081,0.351351, x val = 130, y val = 132
60258,0.081081,0.351351, x val = 130, y val = 132
60273,0.081081,0.351351, x val = 130, y val = 132
60288,0.081081,0.351351, x val = 130, y val = 132
60303,0.081081,0.351351, x val = 130, y val = 132
60318,0.081081,0.351351, x val = 130, y val = 132
60333,0.081081,0.351351, x val = 130, y val = 132
60348,0.081081,0.351351, x val = 130, y val = 132
60363,0.081081,0.351351, x val = 130, y val = 132
60378,0.081081,0.351351, x val = 130, y val = 132
60393,0.081081,0.351351, x val = 130, y val = 132
60408,0.081081,0.351351, x val = 130, y val = 132
60423,0.081081,0.351351, x val = 130, y val = 132
60438,0.081081,0.351351, x val = 130, y val = 132
60453,0.081081,0.351351, x val = 130, y val = 132
60468,0.081081,0.351351, x val = 130, y val = 132
60483,0.081081,0.351351, x val = 130, y val = 132
60498,0.081081,0.351351, x val = 130, y val = 132
60513,0.081081,0.351351, x val = 130, y val = 132
60528,0.081081,0.351351, x val = 130, y val = 132
60543,0.081081,0.351351, x val = 130, y val = 132
60558,0.081081,0.351351, x val = 130, y val = 132
60573,0.081081,0.351351, x val = 130, y val = 132
60588,0.081081,0.351351, x val = 130, y val = 132
60603,0.081081,0.351351, x val = 130, y val = 132
60618,0.081081,0.351351, x val = 130, y val = 132
60633,0.081081,0.351351, x val = 130, y val = 132
60648,0.081081,0.351351, x val = 130, y val = 132
60663,0.081081,0.351351, x val = 130, y val = 132
60678,0.081081,0.351351, x val = 130, y val = 132
60693,0.081081,0.351351, x val = 130, y val = 132
60708,0.081081,0.351351, x val = 130, y val = 132
60723,0.081081,0.351351, x val = 130, y val = 132
60738,0.081081,0.351351, x val = 130, y val = 132
60753,0.081081,0.351351, x val = 130, y val = 132
60768,0.081081,0.351351, x val = 130, y val = 132
60783,0.081081,0.351351, x val = 130, y val = 132
60798,0.081081,0.351351, x val = 130, y val = 132
60813,0.081081,0.351351, x val = 130, y val = 132
60828,0.081081,0.351351, x val = 130, y val = 132
60843,0.081081,0.351351, x val = 130, y val = 132
60858,0.081081,0.351351, x val = 130, y val = 132
60873,0.081081,0.351351, x val = 130, y val = 132
60888,0.081081,0.351351, x val = 130, y val = 132
60903,0.081081,0.351351, x val = 130, y val = 132
60918,0.081081,0.351351, x val = 130, y val = 132
60933,0.081081,0.351351, x val = 130, y val = 132
60948,0.081081,0.351351, x val = 130, y val = 132
60963,0.081081,0.351351, x val = 130, y val = 132
60978,0.081081,0.351351, x val = 130, y val = 132
60993,0.081081,0.351351, x val = 130, y val = 132
61008,0.081081,0.351351, x val = 130, y val = 132
61023,0.081081,0.351351, x val = 130, y val = 132
61038,0.081081,0.351351, x val = 130, y val = 132
61053,0.081081,0.351351, x val = 130, y val = 132
61068,0.081081,0.351351, x val = 130, y val = 132
61083,0.081081,0.351351, x val = 130, y val = 132
61098,0.081081,0.351351, x val = 130, y val = 132
61113,0.081081,0.351351, x val = 130, y val = 132
61128,0.081081,0.351351, x val = 130, y val = 132
61143,0.081081,0.351351, x val = 130, y val = 132
61158,0.081081,0.351351, x val = 130, y val = 132
61173,0.081081,0.351351, x val = 130, y val = 132
61188,0.081081,0.351351, x val = 130, y val = 132
61203,0.081081,0.351351, x val = 130, y val = 132
61218,0.081081,0.351351, x val = 130, y val = 132
61233,0.081081,0.351351, x val = 130, y val = 132
61248,0.081081,0.351351, x val = 130, y val = 132
61263,0.081081,0.351351, x val = 130, y val = 132
61278,0.081081,0.351351, x val = 130, y val = 132
61293,0.081081,0.351351, x val = 130, y val = 132
61308,0.081081,0.351351, x val = 130, y val = 132
61323,0.081081,0.351351, x val = 130, y val = 132
61338,0.081081,0.351351, x val = 130, y val = 132
61353,0.081081,0.351351, x val = 130, y val = 132
61368,0.081081,0.351351, x val = 130, y val = 132
61383,0.081081,0.351351, x val = 130, y val = 132
61398,0.081081,0.351351, x val = 130, y val = 132
61413,0.081081,0.351351, x val = 130, y val = 132
61428,0.081081,0.351351, x val = 130, y val = 132
61443,0.081081,0.351351, x val = 130, y val = 132
61458,0.081081,0.351351, x val = 130, y val = 132
61473,0.081081,0.351351, x val = 130, y val = 132
61488,0.081081,0.351351, x val = 130, y val = 132
