32984,-0.027027,0.000000, x val = 129, y val = 127
32999,-0.027027,0.000000, x val = 129, y val = 127
33014,-0.027027,0.000000, x val = 129, y val = 127
33029,-0.027027,0.000000, x val = 129, y val = 127
33044,-0.027027,0.000000, x val = 129, y val = 127
33059,-0.027027,0.000000, x val = 129, y val = 127
33074,-0.027027,0.000000, x val = 129, y val = 127
33089,-0.027027,0.000000, x val = 129, y val = 127
33104,-0.027027,0.000000, x val = 129, y val = 127
33119,-0.027027,0.000000, x val = 129, y val = 127
33134,-0.027027,0.000000, x val = 129, y val = 127
33149,-0.027027,0.000000, x val = 129, y val = 127
33164,-0.027027,0.000000, x val = 129, y val = 127
33179,-0.027027,0.000000, x val = 129, y val = 127
33194,-0.027027,0.000000, x val = 129, y val = 127
33209,-0.027027,0.000000, x val = 129, y val = 127
33224,-0.027027,0.000000, x val = 129, y val = 127
33239,-0.027027,0.000000, x val = 129, y val = 127
33254,-0.027027,0.000000, x val = 129, y val = 127
33269,-0.027027,0.000000, x val = 129, y val = 127
33284,-0.027027,0.000000, x val = 129, y val = 127
33299,-0.027027,0.000000, x val = 129, y val = 127
33314,-0.027027,0.000000, x val = 129, y val = 127
33329,-0.027027,0.000000, x val = 129, y val = 127
33344,-0.027027,0.000000, x val = 129, y val = 127
33359,-0.027027,0.000000, x val = 129, y val = 127
33374,-0.027027,0.000000, x val = 129, y val = 127
33389,-0.027027,0.000000, x val = 129, y val = 127
33404,-0.027027,0.000000, x val = 129, y val = 127
33419,-0.027027,0.000000, x val = 129, y val = 127
33434,-0.027027,0.000000, x val = 129, y val = 127
33449,-0.027027,0.000000, x val = 129, y val = 127
33464,-0.027027,0.000000, x val = 129, y val = 127
33479,-0.027027,0.000000, x val = 129, y val = 127
33494,-0.027027,0.000000, x val = 129, y val = 127
33509,-0.027027,0.000000, x val = 129, y val = 127
33524,-0.027027,0.000000, x val = 129, y val = 127
33539,-0.027027,0.000000, x val = 129, y val = 127
33554,-0.027027,0.000000, x val = 129, y val = 127
33569,-0.027027,0.000000, x val = 129, y val = 127
33584,-0.027027,0.000000, x val = 129, y val = 127
33599,-0.027027,0.000000, x val = 129, y val = 127
33614,-0.027027,0.000000, x val = 129, y val = 127
33629,-0.027027,0.000000, x val = 129, y val = 127
33644,-0.027027,0.000000, x val = 129, y val = 127
33659,-0.027027,0.000000, x val = 129, y val = 127
33674,-0.027027,0.000000, x val = 129, y val = 127
33689,-0.027027,0.000000, x val = 129, y val = 127
33704,-0.027027,0.000000, x val = 129, y val = 127
33719,-0.027027,0.000000, x val = 129, y val = 127
33734,-0.027027,0.000000, x val = 129, y val = 127
33749,-0.027027,0.000000, x val = 129, y val = 127
33764,-0.027027,0.000000, x val = 129, y val = 127
33779,-0.027027,0.000000, x val = 129, y val = 127
33794,-0.027027,0.000000, x val = 129, y val = 127
33809,-0.027027,0.000000, x val = 129, y val = 127
33824,-0.027027,0.000000, x val = 129, y val = 127
33839,-0.027027,0.000000, x val = 129, y val = 127
33854,-0.027027,0.000000, x val = 129, y val = 127
33869,-0.027027,0.000000, x val = 129, y val = 127
33884,-0.027027,0.000000, x val = 129, y val = 127
33899,-0.027027,0.000000, x val = 129, y val = 127
33914,-0.027027,0.000000, x val = 129, y val = 127
33929,-0.027027,0.000000, x val = 129, y val = 127
33944,-0.027027,0.000000, x val = 129, y val = 127
33959,-0.027027,0.000000, x val = 129, y val = 127
33974,-0.027027,0.000000, x val = 129, y val = 127
33989,-0.027027,0.000000, x val = 129, y val = 127
34004,-0.027027,0.000000, x val = 129, y val = 127
34019,-0.027027,0.000000, x val = 129, y val = 127
34034,-0.027027,0.000000, x val = 129, y val = 127
34049,-0.027027,0.000000, x val = 129, y val = 127
34064,-0.027027,0.000000, x val = 129, y val = 127
34079,-0.027027,0.000000, x val = 129, y val = 127
34094,-0.027027,0.000000, x val = 129, y val = 127
34109,-0.027027,0.000000, x val = 129, y val = 127
34124,-0.027027,0.000000, x val = 129, y val = 127
34139,-0.027027,0.000000, x val = 129, y val = 127
34154,-0.027027,0.000000, x val = 129, y val = 127
34169,-0.027027,0.000000, x val = 129, y val = 127
34184,-0.027027,0.000000, x val = 129, y val = 127
34199,-0.027027,0.000000, x val = 129, y val = 127
34214,-0.027027,0.000000, x val = 129, y val = 127
34229,-0.027027,0.000000, x val = 129, y val = 127
34244,-0.027027,0.000000, x val = 129, y val = 127
34259,-0.027027,0.000000, x val = 129, y val = 127
34274,-0.027027,0.000000, x val = 129, y val = 127
34289,-0.027027,0.000000, x val = 129, y val = 127
34304,-0.027027,0.000000, x val = 129, y val = 127
34319,-0.027027,0.000000, x val = 129, y val = 127
34334,-0.027027,0.000000, x val = 129, y val = 127
34349,-0.027027,0.000000, x val = 129, y val = 127
34364,-0.027027,0.000000, x val = 129, y val = 127
34379,-0.027027,0.000000, x val = 129, y val = 127
34394,-0.027027,0.000000, x val = 129, y val = 127
34409,-0.027027,0.000000, x val = 129, y val = 127
34424,-0.027027,0.000000, x val = 129, y val = 127
34439,-0.027027,0.000000, x val = 129, y val = 127
34454,-0.027027,0.000000, x val = 129, y val = 127
34469,-0.027027,0.000000, x val = 129, y val = 127
34484,-0.027027,0.000000, x val = 129, y val = 127
34499,-0.027027,0.000000, x val = 129, y val = 127
34514,-0.027027,0.000000, x val = 129, y val = 127
34529,-0.027027,0.000000, x val = 129, y val = 127
34544,-0.027027,0.000000, x val = 129, y val = 127
34559,-0.027027,0.000000, x val = 129, y val = 127
34574,-0.027027,0.000000, x val = 129, y val = 127
34589,-0.027027,0.000000, x val = 129, y val = 127
34604,-0.027027,0.000000, x val = 129, y val = 127
34619,-0.027027,0.000000, x val = 129, y val = 127
34634,-0.027027,0.000000, x val = 129, y val = 127
34649,-0.027027,0.000000, x val = 129, y val = 127
34664,-0.027027,0.000000, x val = 129, y val = 127
34679,-0.027027,0.000000, x val = 129, y val = 127
34694,-0.027027,0.000000, x val = 129, y val = 127
34709,-0.027027,0.000000, x val = 129, y val = 127
34724,-0.027027,0.000000, x val = 129, y val = 127
34739,-0.027027,0.000000, x val = 129, y val = 127
34754,-0.027027,0.000000, x val = 129, y val = 127
34769,-0.027027,0.000000, x val = 129, y val = 127
34784,-0.027027,0.000000, x val = 129, y val = 127
34799,-0.027027,0.000000, x val = 129, y val = 127
34814,-0.027027,0.000000, x val = 129, y val = 127
34829,-0.027027,0.000000, x val = 129, y val = 127
34844,-0.027027,0.000000, x val = 129, y val = 127
34859,-0.027027,0.000000, x val = 129, y val = 127
34874,-0.027027,0.000000, x val = 129, y val = 127
34889,-0.027027,0.000000, x val = 129, y val = 127
34904,-0.027027,0.000000, x val = 129, y val = 127
34919,-0.027027,0.000000, x val = 129, y val = 127
34934,-0.027027,0.000000, x val = 129, y val = 127
34949,-0.027027,0.000000, x val = 129, y val = 127
34964,-0.027027,0.000000, x val = 129, y val = 127
34979,-0.027027,0.000000, x val = 129, y val = 127
34994,-0.027027,0.000000, x val = 129, y val = 127
35009,-0.027027,0.000000, x val = 129, y val = 127
35024,-0.027027,0.000000, x val = 129, y val = 127
35039,-0.027027,0.000000, x val = 129, y val = 127
35054,-0.027027,0.000000, x val = 129, y val = 127
35069,-0.027027,0.000000, x val = 129, y val = 127
35084,-0.027027,0.000000, x val = 129, y val = 127
35099,-0.027027,0.000000, x val = 129, y val = 127
35114,-0.027027,0.000000, x val = 129, y val = 127
35129,-0.027027,0.000000, x val = 129, y val = 127
35144,-0.027027,0.000000, x val = 129, y val = 127
35159,-0.027027,0.000000, x val = 129, y val = 127
35174,-0.027027,0.000000, x val = 129, y val = 127
35189,-0.027027,0.000000, x val = 129, y val = 127
35204,-0.027027,0.000000, x val = 129, y val = 127
35219,-0.027027,0.000000, x val = 129, y val = 127
35234,-0.027027,0.000000, x val = 129, y val = 127
35249,-0.027027,0.000000, x val = 129, y val = 127
35264,-0.027027,0.000000, x val = 129, y val = 127
35279,-0.027027,0.000000, x val = 129, y val = 127
35294,-0.027027,0.000000, x val = 129, y val = 127
35309,-0.027027,0.000000, x val = 129, y val = 127
35324,-0.027027,0.000000, x val = 129, y val = 127
35339,-0.027027,0.000000, x val = 129, y val = 127
35354,-0.027027,0.058824, x val = 129, y val = 128
35369,-0.027027,0.058824, x val = 129, y val = 128
35384,-0.027027,0.058824, x val = 129, y val = 128
35399,-0.027027,0.058824, x val = 129, y val = 128
35414,-0.027027,0.117647, x val = 129, y val = 129
35429,-0.027027,0.117647, x val = 129, y val = 129
35444,-0.027027,0.117647, x val = 129, y val = 129
35459,-0.027027,0.117647, x val = 129, y val = 129
35474,-0.027027,0.117647, x val = 129, y val = 129
35489,-0.027027,0.117647, x val = 129, y val = 129
35504,-0.027027,0.117647, x val = 129, y val = 129
35519,-0.027027,0.117647, x val = 129, y val = 129
35534,-0.027027,0.117647, x val = 129, y val = 129
35549,-0.027027,0.117647, x val = 129, y val = 129
35564,-0.027027,0.117647, x val = 129, y val = 129
35579,-0.027027,0.117647, x val = 129, y val = 129
35594,-0.027027,0.176471, x val = 129, y val = 130
35609,-0.027027,0.176471, x val = 129, y val = 130
35624,-0.027027,0.176471, x val = 129, y val = 130
35639,-0.027027,0.176471, x val = 129, y val = 130
35654,-0.027027,0.176471, x val = 129, y val = 130
35669,-0.027027,0.176471, x val = 129, y val = 130
35684,-0.027027,0.176471, x val = 129, y val = 130
35699,-0.027027,0.176471, x val = 129, y val = 130
35714,-0.027027,0.176471, x val = 129, y val = 130
35729,-0.027027,0.235294, x val = 129, y val = 131
35744,-0.027027,0.235294, x val = 129, y val = 131
35759,-0.027027,0.235294, x val = 129, y val = 131
35774,-0.027027,0.294118, x val = 129, y val = 132
35789,-0.027027,0.294118, x val = 129, y val = 132
35804,-0.027027,0.294118, x val = 129, y val = 132
35819,-0.027027,0.352941, x val = 129, y val = 133
35834,-0.027027,0.352941, x val = 129, y val = 133
35849,-0.027027,0.352941, x val = 129, y val = 133
35864,-0.027027,0.352941, x val = 129, y val = 133
35879,-0.027027,0.352941, x val = 129, y val = 133
35894,-0.027027,0.411765, x val = 129, y val = 134
35909,-0.027027,0.411765, x val = 129, y val = 134
35924,-0.027027,0.411765, x val = 129, y val = 134
35939,-0.027027,0.411765, x val = 129, y val = 134
35954,-0.027027,0.411765, x val = 129, y val = 134
35969,-0.027027,0.470588, x val = 129, y val = 135
35984,-0.027027,0.470588, x val = 129, y val = 135
36000,-0.027027,0.470588, x val = 129, y val = 135
36015,-0.027027,0.470588, x val = 129, y val = 135
36030,-0.027027,0.529412, x val = 129, y val = 136
36045,-0.027027,0.529412, x val = 129, y val = 136
36060,-0.027027,0.529412, x val = 129, y val = 136
36075,-0.027027,0.529412, x val = 129, y val = 136
36090,-0.027027,0.588235, x val = 129, y val = 137
36105,-0.027027,0.588235, x val = 129, y val = 137
36120,-0.027027,0.647059, x val = 129, y val = 138
36135,-0.027027,0.647059, x val = 129, y val = 138
36150,-0.027027,0.647059, x val = 129, y val = 138
36165,-0.027027,0.647059, x val = 129, y val = 138
36180,-0.027027,0.705882, x val = 129, y val = 139
36195,-0.027027,0.705882, x val = 129, y val = 139
36210,-0.027027,0.764706, x val = 129, y val = 140
36225,-0.027027,0.764706, x val = 129, y val = 140
36240,-0.027027,0.823529, x val = 129, y val = 141
36255,-0.027027,0.823529, x val = 129, y val = 141
36271,-0.027027,0.823529, x val = 129, y val = 141
36286,-0.027027,0.882353, x val = 129, y val = 142
36301,-0.027027,0.882353, x val = 129, y val = 142
36317,-0.027027,0.882353, x val = 129, y val = 142
36332,-0.027027,0.882353, x val = 129, y val = 142
36347,-0.027027,0.882353, x val = 129, y val = 142
36362,-0.027027,0.882353, x val = 129, y val = 142
36377,-0.027027,0.882353, x val = 129, y val = 142
36392,-0.027027,0.882353, x val = 129, y val = 142
36408,-0.027027,0.882353, x val = 129, y val = 142
36423,-0.027027,0.882353, x val = 129, y val = 142
36438,-0.027027,0.882353, x val = 129, y val = 142
36453,-0.027027,0.882353, x val = 129, y val = 142
36468,-0.027027,0.882353, x val = 129, y val = 142
36483,-0.027027,0.882353, x val = 129, y val = 142
36499,-0.027027,0.882353, x val = 129, y val = 142
36514,-0.027027,0.882353, x val = 129, y val = 142
36529,-0.027027,0.941176, x val = 129, y val = 143
36545,-0.027027,0.941176, x val = 129, y val = 143
36560,-0.027027,0.941176, x val = 129, y val = 143
36575,-0.027027,0.941176, x val = 129, y val = 143
36591,-0.027027,0.941176, x val = 129, y val = 143
36606,-0.027027,0.941176, x val = 129, y val = 143
36621,-0.027027,0.941176, x val = 129, y val = 143
36637,-0.027027,0.941176, x val = 129, y val = 143
36652,-0.027027,0.941176, x val = 129, y val = 143
36667,-0.027027,0.941176, x val = 129, y val = 143
36682,0.027027,0.941176, x val = 130, y val = 143
36697,0.027027,0.941176, x val = 130, y val = 143
36712,0.027027,0.941176, x val = 130, y val = 143
36727,0.027027,0.941176, x val = 130, y val = 143
36742,0.027027,0.941176, x val = 130, y val = 143
36757,0.027027,0.941176, x val = 130, y val = 143
36772,0.027027,0.941176, x val = 130, y val = 143
36787,0.027027,0.941176, x val = 130, y val = 143
36802,0.081081,0.941176, x val = 131, y val = 143
36817,0.081081,0.941176, x val = 131, y val = 143
36832,0.081081,0.941176, x val = 131, y val = 143
36847,0.081081,0.941176, x val = 131, y val = 143
36862,0.135135,0.941176, x val = 132, y val = 143
36877,0.135135,0.941176, x val = 132, y val = 143
36892,0.135135,0.941176, x val = 132, y val = 143
36907,0.189189,0.941176, x val = 133, y val = 143
36922,0.243243,0.941176, x val = 134, y val = 143
36937,0.243243,0.941176, x val = 134, y val = 143
36952,0.297297,0.941176, x val = 135, y val = 143
36967,0.351351,0.941176, x val = 136, y val = 143
36982,0.405405,0.941176, x val = 137, y val = 143
36997,0.459459,0.941176, x val = 138, y val = 143
37012,0.459459,0.941176, x val = 138, y val = 143
37027,0.513514,0.941176, x val = 139, y val = 143
37042,0.513514,0.941176, x val = 139, y val = 143
37057,0.513514,0.941176, x val = 139, y val = 143
37072,0.567568,0.941176, x val = 140, y val = 143
37087,0.567568,0.941176, x val = 140, y val = 143
37102,0.567568,0.941176, x val = 140, y val = 143
37117,0.621622,0.941176, x val = 141, y val = 143
37132,0.621622,0.941176, x val = 141, y val = 143
37147,0.675676,0.941176, x val = 142, y val = 143
37162,0.675676,0.941176, x val = 142, y val = 143
37177,0.675676,0.941176, x val = 142, y val = 143
37192,0.675676,0.941176, x val = 142, y val = 143
37207,0.675676,0.941176, x val = 142, y val = 143
37222,0.675676,0.941176, x val = 142, y val = 143
37237,0.675676,0.941176, x val = 142, y val = 143
37252,0.675676,0.941176, x val = 142, y val = 143
37267,0.675676,0.941176, x val = 142, y val = 143
37282,0.675676,0.941176, x val = 142, y val = 143
37297,0.675676,0.941176, x val = 142, y val = 143
37312,0.675676,0.941176, x val = 142, y val = 143
37327,0.675676,0.941176, x val = 142, y val = 143
37342,0.675676,0.941176, x val = 142, y val = 143
37357,0.675676,0.941176, x val = 142, y val = 143
37372,0.675676,0.941176, x val = 142, y val = 143
37387,0.675676,0.941176, x val = 142, y val = 143
37402,0.729730,0.941176, x val = 143, y val = 143
37417,0.729730,0.941176, x val = 143, y val = 143
37432,0.729730,0.941176, x val = 143, y val = 143
37447,0.729730,0.941176, x val = 143, y val = 143
37462,0.729730,0.941176, x val = 143, y val = 143
37477,0.729730,0.941176, x val = 143, y val = 143
37492,0.729730,0.941176, x val = 143, y val = 143
37507,0.729730,0.941176, x val = 143, y val = 143
37522,0.729730,0.941176, x val = 143, y val = 143
37537,0.729730,0.941176, x val = 143, y val = 143
37552,0.729730,0.941176, x val = 143, y val = 143
37567,0.729730,0.941176, x val = 143, y val = 143
37582,0.729730,0.941176, x val = 143, y val = 143
37597,0.729730,0.941176, x val = 143, y val = 143
37612,0.729730,0.941176, x val = 143, y val = 143
37627,0.729730,0.941176, x val = 143, y val = 143
37642,0.729730,0.941176, x val = 143, y val = 143
37657,0.729730,0.941176, x val = 143, y val = 143
37672,0.729730,0.941176, x val = 143, y val = 143
37687,0.729730,0.941176, x val = 143, y val = 143
37702,0.729730,0.941176, x val = 143, y val = 143
37717,0.729730,0.941176, x val = 143, y val = 143
37732,0.729730,0.941176, x val = 143, y val = 143
37747,0.729730,0.941176, x val = 143, y val = 143
37762,0.729730,0.941176, x val = 143, y val = 143
37777,0.729730,0.941176, x val = 143, y val = 143
37792,0.729730,0.941176, x val = 143, y val = 143
37807,0.729730,0.941176, x val = 143, y val = 143
37822,0.729730,0.941176, x val = 143, y val = 143
37837,0.729730,0.941176, x val = 143, y val = 143
37852,0.729730,0.941176, x val = 143, y val = 143
37867,0.729730,0.941176, x val = 143, y val = 143
37882,0.729730,0.941176, x val = 143, y val = 143
37897,0.729730,0.882353, x val = 143, y val = 142
37912,0.729730,0.882353, x val = 143, y val = 142
37927,0.729730,0.882353, x val = 143, y val = 142
37942,0.729730,0.882353, x val = 143, y val = 142
37957,0.729730,0.882353, x val = 143, y val = 142
37972,0.729730,0.882353, x val = 143, y val = 142
37987,0.729730,0.823529, x val = 143, y val = 141
38002,0.729730,0.823529, x val = 143, y val = 141
38017,0.729730,0.823529, x val = 143, y val = 141
38032,0.729730,0.823529, x val = 143, y val = 141
38047,0.729730,0.823529, x val = 143, y val = 141
38062,0.729730,0.823529, x val = 143, y val = 141
38077,0.729730,0.823529, x val = 143, y val = 141
38092,0.729730,0.823529, x val = 143, y val = 141
38107,0.729730,0.764706, x val = 143, y val = 140
38122,0.729730,0.764706, x val = 143, y val = 140
38137,0.729730,0.764706, x val = 143, y val = 140
38152,0.729730,0.705882, x val = 143, y val = 139
38167,0.729730,0.705882, x val = 143, y val = 139
38182,0.729730,0.705882, x val = 143, y val = 139
38197,0.729730,0.647059, x val = 143, y val = 138
38212,0.729730,0.647059, x val = 143, y val = 138
38227,0.729730,0.588235, x val = 143, y val = 137
38242,0.783784,0.588235, x val = 144, y val = 137
38257,0.783784,0.588235, x val = 144, y val = 137
38272,0.783784,0.529412, x val = 144, y val = 136
38287,0.783784,0.529412, x val = 144, y val = 136
38302,0.783784,0.529412, x val = 144, y val = 136
38317,0.783784,0.529412, x val = 144, y val = 136
38332,0.783784,0.529412, x val = 144, y val = 136
38347,0.783784,0.470588, x val = 144, y val = 135
38362,0.783784,0.470588, x val = 144, y val = 135
38377,0.783784,0.470588, x val = 144, y val = 135
38392,0.783784,0.470588, x val = 144, y val = 135
38407,0.783784,0.470588, x val = 144, y val = 135
38422,0.783784,0.470588, x val = 144, y val = 135
38437,0.783784,0.411765, x val = 144, y val = 134
38452,0.783784,0.411765, x val = 144, y val = 134
38467,0.837838,0.352941, x val = 145, y val = 133
38482,0.837838,0.352941, x val = 145, y val = 133
38497,0.837838,0.352941, x val = 145, y val = 133
38512,0.837838,0.294118, x val = 145, y val = 132
38527,0.837838,0.294118, x val = 145, y val = 132
38542,0.837838,0.294118, x val = 145, y val = 132
38557,0.837838,0.235294, x val = 145, y val = 131
38572,0.837838,0.235294, x val = 145, y val = 131
38587,0.837838,0.176471, x val = 145, y val = 130
38602,0.837838,0.176471, x val = 145, y val = 130
38617,0.837838,0.117647, x val = 145, y val = 129
38632,0.837838,0.117647, x val = 145, y val = 129
38647,0.837838,0.058824, x val = 145, y val = 128
38662,0.837838,0.058824, x val = 145, y val = 128
38677,0.891892,0.000000, x val = 146, y val = 127
38692,0.891892,0.000000, x val = 146, y val = 127
38707,0.891892,0.000000, x val = 146, y val = 127
38722,0.891892,0.000000, x val = 146, y val = 127
38737,0.891892,0.000000, x val = 146, y val = 127
38752,0.891892,0.000000, x val = 146, y val = 127
38767,0.891892,-0.058824, x val = 146, y val = 126
38782,0.891892,-0.058824, x val = 146, y val = 126
38797,0.891892,-0.058824, x val = 146, y val = 126
38812,0.891892,-0.058824, x val = 146, y val = 126
38827,0.891892,-0.058824, x val = 146, y val = 126
38842,0.891892,-0.058824, x val = 146, y val = 126
38857,0.891892,-0.058824, x val = 146, y val = 126
38872,0.891892,-0.058824, x val = 146, y val = 126
38887,0.891892,-0.117647, x val = 146, y val = 125
38903,0.891892,-0.117647, x val = 146, y val = 125
38918,0.891892,-0.117647, x val = 146, y val = 125
38933,0.891892,-0.176471, x val = 146, y val = 124
38948,0.891892,-0.176471, x val = 146, y val = 124
38963,0.891892,-0.176471, x val = 146, y val = 124
38978,0.891892,-0.235294, x val = 146, y val = 123
38994,0.891892,-0.235294, x val = 146, y val = 123
39009,0.891892,-0.235294, x val = 146, y val = 123
39024,0.891892,-0.294118, x val = 146, y val = 122
39039,0.891892,-0.294118, x val = 146, y val = 122
39054,0.891892,-0.352941, x val = 146, y val = 121
39069,0.891892,-0.411765, x val = 146, y val = 120
39084,0.891892,-0.411765, x val = 146, y val = 120
39099,0.891892,-0.470588, x val = 146, y val = 119
39114,0.891892,-0.470588, x val = 146, y val = 119
39129,0.891892,-0.529412, x val = 146, y val = 118
39144,0.891892,-0.529412, x val = 146, y val = 118
39159,0.891892,-0.529412, x val = 146, y val = 118
39174,0.891892,-0.529412, x val = 146, y val = 118
39189,0.891892,-0.529412, x val = 146, y val = 118
39204,0.891892,-0.529412, x val = 146, y val = 118
39219,0.891892,-0.529412, x val = 146, y val = 118
39234,0.891892,-0.529412, x val = 146, y val = 118
39249,0.891892,-0.529412, x val = 146, y val = 118
39264,0.891892,-0.529412, x val = 146, y val = 118
39279,0.891892,-0.529412, x val = 146, y val = 118
39294,0.891892,-0.529412, x val = 146, y val = 118
39309,0.891892,-0.588235, x val = 146, y val = 117
39324,0.891892,-0.588235, x val = 146, y val = 117
39339,0.891892,-0.588235, x val = 146, y val = 117
39355,0.891892,-0.588235, x val = 146, y val = 117
39370,0.891892,-0.588235, x val = 146, y val = 117
39385,0.891892,-0.588235, x val = 146, y val = 117
39401,0.891892,-0.588235, x val = 146, y val = 117
39416,0.891892,-0.647059, x val = 146, y val = 116
39431,0.891892,-0.647059, x val = 146, y val = 116
39446,0.891892,-0.647059, x val = 146, y val = 116
39461,0.891892,-0.647059, x val = 146, y val = 116
39476,0.891892,-0.647059, x val = 146, y val = 116
39491,0.891892,-0.647059, x val = 146, y val = 116
39506,0.891892,-0.647059, x val = 146, y val = 116
39521,0.891892,-0.647059, x val = 146, y val = 116
39536,0.891892,-0.647059, x val = 146, y val = 116
39551,0.891892,-0.705882, x val = 146, y val = 115
39566,0.891892,-0.705882, x val = 146, y val = 115
39581,0.891892,-0.705882, x val = 146, y val = 115
39596,0.891892,-0.705882, x val = 146, y val = 115
39611,0.891892,-0.705882, x val = 146, y val = 115
39626,0.891892,-0.705882, x val = 146, y val = 115
39641,0.891892,-0.705882, x val = 146, y val = 115
39656,0.891892,-0.764706, x val = 146, y val = 114
39671,0.891892,-0.764706, x val = 146, y val = 114
39686,0.891892,-0.823529, x val = 146, y val = 113
39701,0.891892,-0.823529, x val = 146, y val = 113
39716,0.891892,-0.823529, x val = 146, y val = 113
39731,0.891892,-0.823529, x val = 146, y val = 113
39746,0.891892,-0.823529, x val = 146, y val = 113
39761,0.891892,-0.823529, x val = 146, y val = 113
39776,0.891892,-0.823529, x val = 146, y val = 113
39791,0.891892,-0.823529, x val = 146, y val = 113
39806,0.891892,-0.823529, x val = 146, y val = 113
39822,0.891892,-0.823529, x val = 146, y val = 113
39837,0.891892,-0.823529, x val = 146, y val = 113
39852,0.891892,-0.823529, x val = 146, y val = 113
39867,0.891892,-0.823529, x val = 146, y val = 113
39882,0.891892,-0.823529, x val = 146, y val = 113
39897,0.837838,-0.823529, x val = 145, y val = 113
39913,0.837838,-0.882353, x val = 145, y val = 112
39928,0.837838,-0.882353, x val = 145, y val = 112
39943,0.837838,-0.882353, x val = 145, y val = 112
39958,0.837838,-0.882353, x val = 145, y val = 112
39973,0.837838,-0.882353, x val = 145, y val = 112
39988,0.837838,-0.882353, x val = 145, y val = 112
40004,0.783784,-0.882353, x val = 144, y val = 112
40019,0.783784,-0.882353, x val = 144, y val = 112
40034,0.783784,-0.882353, x val = 144, y val = 112
40050,0.783784,-0.882353, x val = 144, y val = 112
40065,0.783784,-0.882353, x val = 144, y val = 112
40080,0.783784,-0.882353, x val = 144, y val = 112
40095,0.783784,-0.882353, x val = 144, y val = 112
40110,0.783784,-0.882353, x val = 144, y val = 112
40125,0.783784,-0.882353, x val = 144, y val = 112
40141,0.783784,-0.882353, x val = 144, y val = 112
40156,0.783784,-0.882353, x val = 144, y val = 112
40171,0.783784,-0.882353, x val = 144, y val = 112
40186,0.783784,-0.882353, x val = 144, y val = 112
40201,0.783784,-0.882353, x val = 144, y val = 112
40216,0.783784,-0.882353, x val = 144, y val = 112
40232,0.729730,-0.882353, x val = 143, y val = 112
40247,0.729730,-0.882353, x val = 143, y val = 112
40262,0.729730,-0.882353, x val = 143, y val = 112
40277,0.729730,-0.882353, x val = 143, y val = 112
40292,0.729730,-0.882353, x val = 143, y val = 112
40307,0.729730,-0.882353, x val = 143, y val = 112
40322,0.675676,-0.882353, x val = 142, y val = 112
40337,0.675676,-0.882353, x val = 142, y val = 112
40352,0.621622,-0.941176, x val = 141, y val = 111
40368,0.567568,-0.941176, x val = 140, y val = 111
40383,0.513514,-0.941176, x val = 139, y val = 111
40398,0.513514,-0.941176, x val = 139, y val = 111
40413,0.459459,-0.941176, x val = 138, y val = 111
40428,0.405405,-1.000000, x val = 137, y val = 110
40443,0.351351,-1.000000, x val = 136, y val = 110
40458,0.297297,-1.000000, x val = 135, y val = 110
40473,0.243243,-1.000000, x val = 134, y val = 110
40488,0.243243,-1.000000, x val = 134, y val = 110
40503,0.243243,-1.000000, x val = 134, y val = 110
40518,0.243243,-1.000000, x val = 134, y val = 110
40533,0.243243,-1.000000, x val = 134, y val = 110
40548,0.189189,-1.000000, x val = 133, y val = 110
40563,0.189189,-1.000000, x val = 133, y val = 110
40578,0.189189,-1.000000, x val = 133, y val = 110
40593,0.189189,-1.000000, x val = 133, y val = 110
40608,0.189189,-1.000000, x val = 133, y val = 110
40623,0.189189,-1.000000, x val = 133, y val = 110
40638,0.189189,-1.000000, x val = 133, y val = 110
40653,0.189189,-1.000000, x val = 133, y val = 110
40668,0.189189,-1.000000, x val = 133, y val = 110
40683,0.189189,-1.000000, x val = 133, y val = 110
40698,0.189189,-1.000000, x val = 133, y val = 110
40713,0.189189,-1.000000, x val = 133, y val = 110
40728,0.189189,-1.000000, x val = 133, y val = 110
40743,0.189189,-1.000000, x val = 133, y val = 110
40758,0.189189,-1.000000, x val = 133, y val = 110
40773,0.189189,-1.000000, x val = 133, y val = 110
40788,0.189189,-1.000000, x val = 133, y val = 110
40803,0.189189,-1.000000, x val = 133, y val = 110
40818,0.189189,-1.000000, x val = 133, y val = 110
40833,0.189189,-1.000000, x val = 133, y val = 110
40848,0.189189,-1.000000, x val = 133, y val = 110
40863,0.189189,-1.000000, x val = 133, y val = 110
40878,0.189189,-1.000000, x val = 133, y val = 110
40893,0.189189,-1.000000, x val = 133, y val = 110
40908,0.189189,-1.000000, x val = 133, y val = 110
40923,0.135135,-1.000000, x val = 132, y val = 110
40938,0.135135,-1.000000, x val = 132, y val = 110
40953,0.135135,-1.000000, x val = 132, y val = 110
40968,0.135135,-1.000000, x val = 132, y val = 110
40983,0.081081,-1.000000, x val = 131, y val = 110
40998,0.027027,-1.000000, x val = 130, y val = 110
41013,0.027027,-1.000000, x val = 130, y val = 110
41028,-0.027027,-1.000000, x val = 129, y val = 110
41044,-0.027027,-1.000000, x val = 129, y val = 110
41060,-0.081081,-1.000000, x val = 128, y val = 110
41076,-0.135135,-1.000000, x val = 127, y val = 110
41092,-0.135135,-1.000000, x val = 127, y val = 110
41108,-0.189189,-1.000000, x val = 126, y val = 110
41124,-0.243243,-1.000000, x val = 125, y val = 110
41140,-0.243243,-1.000000, x val = 125, y val = 110
41156,-0.297297,-1.000000, x val = 124, y val = 110
41172,-0.351351,-1.000000, x val = 123, y val = 110
41188,-0.405405,-1.000000, x val = 122, y val = 110
41204,-0.459459,-1.000000, x val = 121, y val = 110
41220,-0.513514,-1.000000, x val = 120, y val = 110
41236,-0.567568,-1.000000, x val = 119, y val = 110
41252,-0.621622,-1.000000, x val = 118, y val = 110
41268,-0.675676,-1.000000, x val = 117, y val = 110
41284,-0.729730,-1.000000, x val = 116, y val = 110
41300,-0.729730,-1.000000, x val = 116, y val = 110
41316,-0.783784,-1.000000, x val = 115, y val = 110
41332,-0.783784,-1.000000, x val = 115, y val = 110
41348,-0.783784,-1.000000, x val = 115, y val = 110
41364,-0.783784,-1.000000, x val = 115, y val = 110
41380,-0.783784,-1.000000, x val = 115, y val = 110
41396,-0.783784,-1.000000, x val = 115, y val = 110
41412,-0.783784,-1.000000, x val = 115, y val = 110
41428,-0.783784,-1.000000, x val = 115, y val = 110
41444,-0.783784,-1.000000, x val = 115, y val = 110
41460,-0.783784,-1.000000, x val = 115, y val = 110
41476,-0.783784,-1.000000, x val = 115, y val = 110
41492,-0.783784,-1.000000, x val = 115, y val = 110
41508,-0.783784,-1.000000, x val = 115, y val = 110
41524,-0.783784,-1.000000, x val = 115, y val = 110
41540,-0.783784,-1.000000, x val = 115, y val = 110
41556,-0.783784,-1.000000, x val = 115, y val = 110
41572,-0.783784,-1.000000, x val = 115, y val = 110
41588,-0.783784,-1.000000, x val = 115, y val = 110
41604,-0.783784,-1.000000, x val = 115, y val = 110
41620,-0.783784,-1.000000, x val = 115, y val = 110
41636,-0.783784,-1.000000, x val = 115, y val = 110
41652,-0.783784,-1.000000, x val = 115, y val = 110
41668,-0.783784,-1.000000, x val = 115, y val = 110
41684,-0.783784,-1.000000, x val = 115, y val = 110
41700,-0.783784,-1.000000, x val = 115, y val = 110
41716,-0.783784,-1.000000, x val = 115, y val = 110
41732,-0.783784,-1.000000, x val = 115, y val = 110
41748,-0.783784,-1.000000, x val = 115, y val = 110
41764,-0.783784,-1.000000, x val = 115, y val = 110
41780,-0.783784,-1.000000, x val = 115, y val = 110
41796,-0.783784,-1.000000, x val = 115, y val = 110
41812,-0.783784,-1.000000, x val = 115, y val = 110
41828,-0.783784,-1.000000, x val = 115, y val = 110
41844,-0.783784,-1.000000, x val = 115, y val = 110
41860,-0.783784,-1.000000, x val = 115, y val = 110
41876,-0.783784,-1.000000, x val = 115, y val = 110
41892,-0.783784,-1.000000, x val = 115, y val = 110
41908,-0.783784,-1.000000, x val = 115, y val = 110
41924,-0.783784,-1.000000, x val = 115, y val = 110
41940,-0.783784,-1.000000, x val = 115, y val = 110
41956,-0.783784,-1.000000, x val = 115, y val = 110
41972,-0.783784,-1.000000, x val = 115, y val = 110
41988,-0.783784,-1.000000, x val = 115, y val = 110
42004,-0.783784,-1.000000, x val = 115, y val = 110
42020,-0.783784,-1.000000, x val = 115, y val = 110
42036,-0.783784,-1.000000, x val = 115, y val = 110
42052,-0.783784,-1.000000, x val = 115, y val = 110
42068,-0.783784,-1.000000, x val = 115, y val = 110
42084,-0.783784,-1.000000, x val = 115, y val = 110
42100,-0.783784,-1.000000, x val = 115, y val = 110
42116,-0.783784,-1.000000, x val = 115, y val = 110
42132,-0.783784,-1.000000, x val = 115, y val = 110
42148,-0.783784,-1.000000, x val = 115, y val = 110
42164,-0.783784,-1.000000, x val = 115, y val = 110
42180,-0.783784,-1.000000, x val = 115, y val = 110
42196,-0.783784,-1.000000, x val = 115, y val = 110
42212,-0.783784,-1.000000, x val = 115, y val = 110
42228,-0.783784,-1.000000, x val = 115, y val = 110
42244,-0.783784,-1.000000, x val = 115, y val = 110
42260,-0.783784,-1.000000, x val = 115, y val = 110
42276,-0.783784,-1.000000, x val = 115, y val = 110
42292,-0.783784,-1.000000, x val = 115, y val = 110
42308,-0.783784,-1.000000, x val = 115, y val = 110
42324,-0.783784,-1.000000, x val = 115, y val = 110
42340,-0.783784,-1.000000, x val = 115, y val = 110
42356,-0.783784,-1.000000, x val = 115, y val = 110
42372,-0.783784,-1.000000, x val = 115, y val = 110
42388,-0.783784,-1.000000, x val = 115, y val = 110
42404,-0.783784,-1.000000, x val = 115, y val = 110
42420,-0.783784,-0.941176, x val = 115, y val = 111
42436,-0.783784,-0.941176, x val = 115, y val = 111
42452,-0.783784,-0.941176, x val = 115, y val = 111
42468,-0.783784,-0.941176, x val = 115, y val = 111
42484,-0.783784,-0.941176, x val = 115, y val = 111
42500,-0.783784,-0.941176, x val = 115, y val = 111
42516,-0.783784,-0.941176, x val = 115, y val = 111
42532,-0.783784,-0.941176, x val = 115, y val = 111
42548,-0.783784,-0.941176, x val = 115, y val = 111
42564,-0.783784,-0.941176, x val = 115, y val = 111
42580,-0.783784,-0.941176, x val = 115, y val = 111
42596,-0.837838,-0.941176, x val = 114, y val = 111
42612,-0.837838,-0.941176, x val = 114, y val = 111
42628,-0.837838,-0.941176, x val = 114, y val = 111
42644,-0.837838,-0.941176, x val = 114, y val = 111
42660,-0.837838,-0.941176, x val = 114, y val = 111
42676,-0.837838,-0.941176, x val = 114, y val = 111
42692,-0.837838,-0.941176, x val = 114, y val = 111
42708,-0.837838,-0.941176, x val = 114, y val = 111
42724,-0.837838,-0.941176, x val = 114, y val = 111
42740,-0.891892,-0.941176, x val = 113, y val = 111
42756,-0.891892,-0.941176, x val = 113, y val = 111
42772,-0.891892,-0.941176, x val = 113, y val = 111
42788,-0.891892,-0.941176, x val = 113, y val = 111
42804,-0.891892,-0.941176, x val = 113, y val = 111
42820,-0.891892,-0.941176, x val = 113, y val = 111
42836,-0.891892,-0.941176, x val = 113, y val = 111
42852,-0.945946,-0.941176, x val = 112, y val = 111
42868,-0.945946,-0.941176, x val = 112, y val = 111
42884,-0.945946,-0.941176, x val = 112, y val = 111
42900,-0.945946,-0.941176, x val = 112, y val = 111
42916,-0.945946,-0.941176, x val = 112, y val = 111
42932,-0.945946,-0.941176, x val = 112, y val = 111
42948,-0.945946,-0.941176, x val = 112, y val = 111
42964,-0.945946,-0.941176, x val = 112, y val = 111
42980,-0.945946,-0.941176, x val = 112, y val = 111
42996,-0.945946,-0.882353, x val = 112, y val = 112
43012,-0.945946,-0.882353, x val = 112, y val = 112
43028,-0.945946,-0.882353, x val = 112, y val = 112
43044,-0.945946,-0.823529, x val = 112, y val = 113
43060,-0.945946,-0.823529, x val = 112, y val = 113
43076,-0.945946,-0.764706, x val = 112, y val = 114
43092,-0.945946,-0.764706, x val = 112, y val = 114
43108,-0.945946,-0.705882, x val = 112, y val = 115
43124,-0.945946,-0.647059, x val = 112, y val = 116
43140,-0.945946,-0.647059, x val = 112, y val = 116
43156,-0.945946,-0.588235, x val = 112, y val = 117
43172,-0.945946,-0.588235, x val = 112, y val = 117
43188,-0.945946,-0.529412, x val = 112, y val = 118
43204,-0.945946,-0.529412, x val = 112, y val = 118
43220,-0.945946,-0.470588, x val = 112, y val = 119
43236,-0.945946,-0.470588, x val = 112, y val = 119
43252,-0.945946,-0.411765, x val = 112, y val = 120
43268,-0.945946,-0.411765, x val = 112, y val = 120
43284,-0.945946,-0.411765, x val = 112, y val = 120
43300,-0.945946,-0.352941, x val = 112, y val = 121
43316,-0.945946,-0.352941, x val = 112, y val = 121
43332,-0.945946,-0.352941, x val = 112, y val = 121
43348,-0.945946,-0.352941, x val = 112, y val = 121
43364,-0.945946,-0.294118, x val = 112, y val = 122
43380,-0.945946,-0.294118, x val = 112, y val = 122
43396,-0.945946,-0.294118, x val = 112, y val = 122
43412,-0.945946,-0.294118, x val = 112, y val = 122
43428,-0.945946,-0.294118, x val = 112, y val = 122
43444,-0.945946,-0.294118, x val = 112, y val = 122
43460,-0.945946,-0.235294, x val = 112, y val = 123
43476,-0.945946,-0.235294, x val = 112, y val = 123
43492,-0.945946,-0.235294, x val = 112, y val = 123
43508,-0.945946,-0.235294, x val = 112, y val = 123
43524,-0.945946,-0.235294, x val = 112, y val = 123
43540,-0.945946,-0.235294, x val = 112, y val = 123
43556,-0.945946,-0.235294, x val = 112, y val = 123
43572,-0.945946,-0.235294, x val = 112, y val = 123
43588,-0.945946,-0.235294, x val = 112, y val = 123
43604,-0.945946,-0.235294, x val = 112, y val = 123
43620,-0.945946,-0.235294, x val = 112, y val = 123
43636,-0.945946,-0.176471, x val = 112, y val = 124
43652,-0.945946,-0.176471, x val = 112, y val = 124
43668,-0.945946,-0.176471, x val = 112, y val = 124
43684,-0.945946,-0.117647, x val = 112, y val = 125
43700,-0.945946,-0.117647, x val = 112, y val = 125
43716,-0.945946,-0.117647, x val = 112, y val = 125
43732,-0.945946,-0.117647, x val = 112, y val = 125
43748,-0.945946,-0.117647, x val = 112, y val = 125
43764,-0.945946,-0.117647, x val = 112, y val = 125
43780,-0.945946,-0.058824, x val = 112, y val = 126
43796,-0.945946,-0.058824, x val = 112, y val = 126
43812,-0.945946,-0.058824, x val = 112, y val = 126
43828,-0.945946,-0.058824, x val = 112, y val = 126
43844,-0.945946,-0.058824, x val = 112, y val = 126
43860,-0.945946,-0.058824, x val = 112, y val = 126
43876,-0.945946,-0.058824, x val = 112, y val = 126
43892,-0.945946,-0.058824, x val = 112, y val = 126
43908,-0.945946,0.000000, x val = 112, y val = 127
43923,-0.945946,0.058824, x val = 112, y val = 128
43938,-0.945946,0.058824, x val = 112, y val = 128
43953,-0.891892,0.117647, x val = 113, y val = 129
43968,-0.891892,0.176471, x val = 113, y val = 130
43983,-0.891892,0.176471, x val = 113, y val = 130
43998,-0.891892,0.176471, x val = 113, y val = 130
44013,-0.891892,0.235294, x val = 113, y val = 131
44028,-0.891892,0.294118, x val = 113, y val = 132
44043,-0.891892,0.294118, x val = 113, y val = 132
44058,-0.837838,0.352941, x val = 114, y val = 133
44073,-0.837838,0.411765, x val = 114, y val = 134
44088,-0.837838,0.470588, x val = 114, y val = 135
44103,-0.837838,0.470588, x val = 114, y val = 135
44118,-0.837838,0.529412, x val = 114, y val = 136
44133,-0.837838,0.588235, x val = 114, y val = 137
44148,-0.837838,0.647059, x val = 114, y val = 138
44163,-0.837838,0.705882, x val = 114, y val = 139
44178,-0.837838,0.705882, x val = 114, y val = 139
44193,-0.837838,0.764706, x val = 114, y val = 140
44208,-0.837838,0.764706, x val = 114, y val = 140
44223,-0.837838,0.764706, x val = 114, y val = 140
44238,-0.837838,0.764706, x val = 114, y val = 140
44253,-0.837838,0.764706, x val = 114, y val = 140
44268,-0.837838,0.764706, x val = 114, y val = 140
44283,-0.837838,0.764706, x val = 114, y val = 140
44298,-0.837838,0.764706, x val = 114, y val = 140
44313,-0.837838,0.764706, x val = 114, y val = 140
44328,-0.837838,0.764706, x val = 114, y val = 140
44343,-0.837838,0.764706, x val = 114, y val = 140
44358,-0.837838,0.764706, x val = 114, y val = 140
44373,-0.837838,0.764706, x val = 114, y val = 140
44388,-0.837838,0.764706, x val = 114, y val = 140
44403,-0.837838,0.764706, x val = 114, y val = 140
44418,-0.837838,0.764706, x val = 114, y val = 140
44433,-0.837838,0.764706, x val = 114, y val = 140
44448,-0.837838,0.764706, x val = 114, y val = 140
44463,-0.837838,0.764706, x val = 114, y val = 140
44478,-0.837838,0.823529, x val = 114, y val = 141
44494,-0.837838,0.823529, x val = 114, y val = 141
44509,-0.837838,0.823529, x val = 114, y val = 141
44524,-0.837838,0.823529, x val = 114, y val = 141
44540,-0.837838,0.823529, x val = 114, y val = 141
44555,-0.837838,0.823529, x val = 114, y val = 141
44570,-0.837838,0.823529, x val = 114, y val = 141
44586,-0.837838,0.823529, x val = 114, y val = 141
44601,-0.837838,0.823529, x val = 114, y val = 141
44616,-0.837838,0.823529, x val = 114, y val = 141
44632,-0.837838,0.823529, x val = 114, y val = 141
44647,-0.837838,0.823529, x val = 114, y val = 141
44662,-0.783784,0.882353, x val = 115, y val = 142
44677,-0.783784,0.882353, x val = 115, y val = 142
44692,-0.783784,0.882353, x val = 115, y val = 142
44707,-0.729730,0.882353, x val = 116, y val = 142
44722,-0.729730,0.941176, x val = 116, y val = 143
44737,-0.729730,0.941176, x val = 116, y val = 143
44752,-0.675676,0.941176, x val = 117, y val = 143
44767,-0.675676,0.941176, x val = 117, y val = 143
44782,-0.621622,0.941176, x val = 118, y val = 143
44797,-0.567568,0.941176, x val = 119, y val = 143
44812,-0.513514,1.000000, x val = 120, y val = 144
44827,-0.459459,1.000000, x val = 121, y val = 144
44842,-0.351351,1.000000, x val = 123, y val = 144
44857,-0.297297,1.000000, x val = 124, y val = 144
44872,-0.243243,1.000000, x val = 125, y val = 144
44887,-0.189189,1.000000, x val = 126, y val = 144
44902,-0.135135,1.000000, x val = 127, y val = 144
44917,-0.135135,1.000000, x val = 127, y val = 144
44932,-0.081081,1.000000, x val = 128, y val = 144
44947,-0.081081,1.000000, x val = 128, y val = 144
44962,-0.027027,1.000000, x val = 129, y val = 144
44977,-0.027027,1.000000, x val = 129, y val = 144
44992,-0.027027,1.000000, x val = 129, y val = 144
45007,-0.027027,1.000000, x val = 129, y val = 144
45022,-0.027027,1.000000, x val = 129, y val = 144
45037,0.027027,1.000000, x val = 130, y val = 144
45052,0.027027,1.000000, x val = 130, y val = 144
45067,0.027027,1.000000, x val = 130, y val = 144
45082,0.027027,1.000000, x val = 130, y val = 144
45097,0.027027,1.000000, x val = 130, y val = 144
45112,0.027027,1.000000, x val = 130, y val = 144
45127,0.027027,1.000000, x val = 130, y val = 144
45142,0.027027,1.000000, x val = 130, y val = 144
45157,0.027027,1.000000, x val = 130, y val = 144
45172,0.027027,1.000000, x val = 130, y val = 144
45187,0.027027,1.000000, x val = 130, y val = 144
45202,0.027027,1.000000, x val = 130, y val = 144
45217,0.027027,1.000000, x val = 130, y val = 144
45232,0.027027,1.000000, x val = 130, y val = 144
45247,0.027027,1.000000, x val = 130, y val = 144
45262,0.027027,1.000000, x val = 130, y val = 144
45277,0.081081,1.000000, x val = 131, y val = 144
45292,0.081081,1.000000, x val = 131, y val = 144
45307,0.081081,1.000000, x val = 131, y val = 144
45322,0.081081,1.000000, x val = 131, y val = 144
45337,0.081081,1.000000, x val = 131, y val = 144
45352,0.081081,1.000000, x val = 131, y val = 144
45367,0.081081,1.000000, x val = 131, y val = 144
45382,0.081081,1.000000, x val = 131, y val = 144
45397,0.081081,1.000000, x val = 131, y val = 144
45412,0.081081,1.000000, x val = 131, y val = 144
45427,0.081081,1.000000, x val = 131, y val = 144
45442,0.081081,1.000000, x val = 131, y val = 144
45457,0.081081,1.000000, x val = 131, y val = 144
45472,0.081081,1.000000, x val = 131, y val = 144
45487,0.081081,1.000000, x val = 131, y val = 144
45502,0.081081,1.000000, x val = 131, y val = 144
45517,0.081081,1.000000, x val = 131, y val = 144
45532,0.081081,1.000000, x val = 131, y val = 144
45547,0.081081,1.000000, x val = 131, y val = 144
45562,0.081081,1.000000, x val = 131, y val = 144
45577,0.081081,1.000000, x val = 131, y val = 144
45592,0.081081,1.000000, x val = 131, y val = 144
45607,0.081081,1.000000, x val = 131, y val = 144
45622,0.081081,1.000000, x val = 131, y val = 144
45637,0.081081,1.000000, x val = 131, y val = 144
45652,0.081081,1.000000, x val = 131, y val = 144
45667,0.081081,1.000000, x val = 131, y val = 144
45682,0.081081,1.000000, x val = 131, y val = 144
45697,0.081081,1.000000, x val = 131, y val = 144
45712,0.081081,1.000000, x val = 131, y val = 144
45727,0.081081,1.000000, x val = 131, y val = 144
45742,0.081081,1.000000, x val = 131, y val = 144
45757,0.081081,1.000000, x val = 131, y val = 144
45772,0.081081,1.000000, x val = 131, y val = 144
45787,0.081081,1.000000, x val = 131, y val = 144
45802,0.081081,0.941176, x val = 131, y val = 143
45817,0.081081,0.882353, x val = 131, y val = 142
45832,0.081081,0.823529, x val = 131, y val = 141
45847,0.027027,0.823529, x val = 130, y val = 141
45862,0.027027,0.764706, x val = 130, y val = 140
45877,0.027027,0.764706, x val = 130, y val = 140
45892,0.027027,0.705882, x val = 130, y val = 139
45907,0.027027,0.647059, x val = 130, y val = 138
45922,0.027027,0.588235, x val = 130, y val = 137
45937,0.027027,0.588235, x val = 130, y val = 137
45952,0.027027,0.529412, x val = 130, y val = 136
45967,0.027027,0.529412, x val = 130, y val = 136
45982,0.027027,0.470588, x val = 130, y val = 135
45997,0.027027,0.470588, x val = 130, y val = 135
46012,0.027027,0.470588, x val = 130, y val = 135
46027,0.027027,0.411765, x val = 130, y val = 134
46042,0.027027,0.352941, x val = 130, y val = 133
46057,0.027027,0.352941, x val = 130, y val = 133
46072,0.027027,0.294118, x val = 130, y val = 132
46087,0.027027,0.294118, x val = 130, y val = 132
46102,0.027027,0.294118, x val = 130, y val = 132
46117,0.027027,0.235294, x val = 130, y val = 131
46132,0.027027,0.235294, x val = 130, y val = 131
46147,-0.027027,0.176471, x val = 129, y val = 130
46162,-0.027027,0.176471, x val = 129, y val = 130
46177,-0.027027,0.117647, x val = 129, y val = 129
46192,-0.027027,0.117647, x val = 129, y val = 129
46207,-0.027027,0.058824, x val = 129, y val = 128
46222,-0.027027,0.058824, x val = 129, y val = 128
46237,-0.027027,0.058824, x val = 129, y val = 128
46252,-0.027027,0.058824, x val = 129, y val = 128
46267,-0.027027,0.058824, x val = 129, y val = 128
46282,-0.027027,0.058824, x val = 129, y val = 128
46297,-0.027027,0.058824, x val = 129, y val = 128
46312,-0.027027,0.058824, x val = 129, y val = 128
46327,-0.027027,0.058824, x val = 129, y val = 128
46342,-0.027027,0.058824, x val = 129, y val = 128
46357,-0.027027,0.058824, x val = 129, y val = 128
46372,-0.027027,0.058824, x val = 129, y val = 128
46387,-0.027027,0.058824, x val = 129, y val = 128
46402,-0.027027,0.058824, x val = 129, y val = 128
46417,-0.027027,0.058824, x val = 129, y val = 128
46432,-0.027027,0.058824, x val = 129, y val = 128
46447,-0.027027,0.058824, x val = 129, y val = 128
46462,-0.027027,0.058824, x val = 129, y val = 128
46477,-0.027027,0.058824, x val = 129, y val = 128
46492,-0.027027,0.058824, x val = 129, y val = 128
46507,-0.027027,0.058824, x val = 129, y val = 128
46522,-0.027027,0.058824, x val = 129, y val = 128
46537,-0.027027,0.058824, x val = 129, y val = 128
46552,-0.027027,0.058824, x val = 129, y val = 128
46567,-0.027027,0.058824, x val = 129, y val = 128
46582,-0.027027,0.058824, x val = 129, y val = 128
46597,-0.027027,0.058824, x val = 129, y val = 128
46612,-0.027027,0.058824, x val = 129, y val = 128
46627,-0.027027,0.058824, x val = 129, y val = 128
46642,-0.027027,0.058824, x val = 129, y val = 128
46657,-0.027027,0.058824, x val = 129, y val = 128
46672,-0.027027,0.058824, x val = 129, y val = 128
46687,-0.027027,0.058824, x val = 129, y val = 128
46702,-0.027027,0.058824, x val = 129, y val = 128
46717,-0.027027,0.058824, x val = 129, y val = 128
46732,-0.027027,0.058824, x val = 129, y val = 128
46747,-0.027027,0.058824, x val = 129, y val = 128
46762,-0.027027,0.058824, x val = 129, y val = 128
46777,-0.027027,0.058824, x val = 129, y val = 128
46792,-0.027027,0.058824, x val = 129, y val = 128
46807,-0.027027,0.058824, x val = 129, y val = 128
46822,-0.027027,0.058824, x val = 129, y val = 128
46837,-0.027027,0.058824, x val = 129, y val = 128
46852,-0.027027,0.058824, x val = 129, y val = 128
46867,-0.027027,0.058824, x val = 129, y val = 128
46882,-0.027027,0.058824, x val = 129, y val = 128
46897,-0.027027,0.058824, x val = 129, y val = 128
46912,-0.027027,0.058824, x val = 129, y val = 128
46927,-0.027027,0.058824, x val = 129, y val = 128
46942,-0.027027,0.058824, x val = 129, y val = 128
46957,-0.027027,0.058824, x val = 129, y val = 128
46972,-0.027027,0.058824, x val = 129, y val = 128
46987,-0.027027,0.058824, x val = 129, y val = 128
47002,-0.027027,0.058824, x val = 129, y val = 128
47017,-0.027027,0.058824, x val = 129, y val = 128
47032,-0.027027,0.058824, x val = 129, y val = 128
47047,-0.027027,0.058824, x val = 129, y val = 128
47062,-0.027027,0.058824, x val = 129, y val = 128
47077,-0.027027,0.058824, x val = 129, y val = 128
47092,-0.027027,0.058824, x val = 129, y val = 128
47107,-0.027027,0.058824, x val = 129, y val = 128
47122,-0.027027,0.058824, x val = 129, y val = 128
47137,-0.027027,0.058824, x val = 129, y val = 128
47152,-0.027027,0.058824, x val = 129, y val = 128
47167,-0.027027,0.058824, x val = 129, y val = 128
47182,-0.027027,0.058824, x val = 129, y val = 128
47197,-0.027027,0.058824, x val = 129, y val = 128
47212,-0.027027,0.058824, x val = 129, y val = 128
47227,-0.027027,0.058824, x val = 129, y val = 128
47242,-0.027027,0.058824, x val = 129, y val = 128
47257,-0.027027,0.058824, x val = 129, y val = 128
47272,-0.027027,0.058824, x val = 129, y val = 128
47287,-0.027027,0.058824, x val = 129, y val = 128
47302,-0.027027,0.058824, x val = 129, y val = 128
47317,-0.027027,0.058824, x val = 129, y val = 128
47332,-0.027027,0.058824, x val = 129, y val = 128
47347,-0.027027,0.058824, x val = 129, y val = 128
47362,-0.027027,0.058824, x val = 129, y val = 128
47377,-0.027027,0.058824, x val = 129, y val = 128
47392,-0.027027,0.058824, x val = 129, y val = 128
47407,-0.027027,0.058824, x val = 129, y val = 128
47422,-0.027027,0.058824, x val = 129, y val = 128
47437,-0.027027,0.058824, x val = 129, y val = 128
47452,-0.027027,0.058824, x val = 129, y val = 128
47467,-0.027027,0.058824, x val = 129, y val = 128
47482,-0.027027,0.058824, x val = 129, y val = 128
47497,-0.027027,0.058824, x val = 129, y val = 128
47512,-0.027027,0.058824, x val = 129, y val = 128
47527,-0.027027,0.058824, x val = 129, y val = 128
47542,-0.027027,0.058824, x val = 129, y val = 128
47557,-0.027027,0.058824, x val = 129, y val = 128
47572,-0.027027,0.058824, x val = 129, y val = 128
47587,-0.027027,0.058824, x val = 129, y val = 128
47602,-0.027027,0.058824, x val = 129, y val = 128
47617,-0.027027,0.058824, x val = 129, y val = 128
47632,-0.027027,0.058824, x val = 129, y val = 128
47647,-0.027027,0.058824, x val = 129, y val = 128
47662,-0.027027,0.058824, x val = 129, y val = 128
47677,-0.027027,0.058824, x val = 129, y val = 128
47692,-0.027027,0.058824, x val = 129, y val = 128
47707,-0.027027,0.058824, x val = 129, y val = 128
47722,-0.027027,0.058824, x val = 129, y val = 128
47737,-0.027027,0.058824, x val = 129, y val = 128
47752,-0.027027,0.058824, x val = 129, y val = 128
47767,-0.027027,0.058824, x val = 129, y val = 128
47782,-0.027027,0.058824, x val = 129, y val = 128
47797,-0.027027,0.058824, x val = 129, y val = 128
47812,-0.027027,0.058824, x val = 129, y val = 128
47827,-0.027027,0.058824, x val = 129, y val = 128
47842,-0.027027,0.058824, x val = 129, y val = 128
47857,-0.027027,0.058824, x val = 129, y val = 128
47872,-0.027027,0.058824, x val = 129, y val = 128
47887,-0.027027,0.058824, x val = 129, y val = 128
47902,-0.027027,0.058824, x val = 129, y val = 128
47917,-0.027027,0.058824, x val = 129, y val = 128
47932,-0.027027,0.058824, x val = 129, y val = 128
47947,-0.027027,0.058824, x val = 129, y val = 128
47962,-0.027027,0.058824, x val = 129, y val = 128
47977,-0.027027,0.058824, x val = 129, y val = 128
47992,-0.027027,0.058824, x val = 129, y val = 128
48007,-0.027027,0.058824, x val = 129, y val = 128
48022,-0.027027,0.058824, x val = 129, y val = 128
48037,-0.027027,0.058824, x val = 129, y val = 128
48052,-0.027027,0.058824, x val = 129, y val = 128
48067,-0.027027,0.058824, x val = 129, y val = 128
48082,-0.027027,0.058824, x val = 129, y val = 128
48097,-0.027027,0.058824, x val = 129, y val = 128
48112,-0.027027,0.058824, x val = 129, y val = 128
48127,-0.027027,0.058824, x val = 129, y val = 128
48142,-0.027027,0.058824, x val = 129, y val = 128
48157,-0.027027,0.058824, x val = 129, y val = 128
48172,-0.027027,0.058824, x val = 129, y val = 128
48187,-0.027027,0.058824, x val = 129, y val = 128
48202,-0.027027,0.058824, x val = 129, y val = 128
48217,-0.027027,0.058824, x val = 129, y val = 128
48232,-0.027027,0.058824, x val = 129, y val = 128
48247,-0.027027,0.058824, x val = 129, y val = 128
48262,-0.027027,0.058824, x val = 129, y val = 128
48277,-0.027027,0.058824, x val = 129, y val = 128
48292,-0.027027,0.058824, x val = 129, y val = 128
48307,-0.027027,0.058824, x val = 129, y val = 128
48322,-0.027027,0.058824, x val = 129, y val = 128
48337,-0.027027,0.058824, x val = 129, y val = 128
48352,-0.027027,0.058824, x val = 129, y val = 128
48367,-0.027027,0.058824, x val = 129, y val = 128
48382,-0.027027,0.058824, x val = 129, y val = 128
48397,-0.027027,0.058824, x val = 129, y val = 128
48412,-0.027027,0.058824, x val = 129, y val = 128
48427,-0.027027,0.058824, x val = 129, y val = 128
48442,-0.027027,0.058824, x val = 129, y val = 128
48457,-0.027027,0.058824, x val = 129, y val = 128
48472,-0.027027,0.058824, x val = 129, y val = 128
48487,-0.027027,0.058824, x val = 129, y val = 128
48502,-0.027027,0.058824, x val = 129, y val = 128
48517,-0.027027,0.058824, x val = 129, y val = 128
48532,-0.027027,0.058824, x val = 129, y val = 128
48547,-0.027027,0.058824, x val = 129, y val = 128
48562,-0.027027,0.058824, x val = 129, y val = 128
48577,-0.027027,0.058824, x val = 129, y val = 128
48592,-0.027027,0.058824, x val = 129, y val = 128
48607,-0.027027,0.058824, x val = 129, y val = 128
48622,-0.027027,0.058824, x val = 129, y val = 128
48637,-0.027027,0.058824, x val = 129, y val = 128
48652,-0.027027,0.058824, x val = 129, y val = 128
48667,-0.027027,0.058824, x val = 129, y val = 128
48682,-0.027027,0.058824, x val = 129, y val = 128
