943030,-0.02,0.01
943042,-0.02,0.01
943054,-0.02,0.01
943066,-0.02,0.01
943078,-0.02,0.01
943090,-0.02,0.01
943102,-0.02,0.01
943114,-0.02,0.01
943126,-0.02,0.01
943138,-0.02,0.01
943150,-0.02,0.01
943162,-0.02,0.01
943174,-0.02,0.01
943186,-0.02,0.01
943198,-0.02,0.01
943210,-0.02,0.01
943222,-0.02,0.01
943234,-0.02,0.01
943246,-0.02,0.01
943258,-0.02,0.01
943270,-0.02,0.01
943282,-0.02,0.01
943294,-0.02,0.01
943306,-0.02,0.01
943318,-0.02,0.01
943330,-0.02,0.01
943342,-0.02,0.01
943354,-0.02,0.01
943366,-0.02,0.01
943378,-0.02,0.01
943390,-0.02,0.01
943402,-0.02,0.01
943414,-0.02,0.01
943426,-0.02,0.01
943438,-0.02,0.01
943450,-0.02,0.01
943462,-0.02,0.01
943474,-0.02,0.01
943486,-0.02,0.01
943498,-0.02,0.01
943510,-0.02,0.01
943522,-0.02,0.01
943534,-0.02,0.01
943546,-0.02,0.01
943558,-0.02,0.01
943570,-0.02,0.01
943582,-0.02,0.01
943594,-0.02,0.01
943606,-0.02,0.01
943618,-0.02,0.01
943630,-0.02,0.01
943642,-0.02,0.01
943654,-0.02,0.01
943666,-0.02,0.01
943678,-0.02,0.01
943690,-0.02,0.01
943702,-0.02,0.01
943714,-0.02,0.01
943726,-0.02,0.01
943738,-0.02,0.01
943750,-0.02,0.01
943762,-0.02,0.01
943774,-0.02,0.01
943786,-0.02,0.01
943798,-0.02,0.01
943810,-0.01,0.01
943822,-0.02,0.01
943834,-0.02,0.01
943846,-0.02,0.01
943858,-0.02,0.01
943870,-0.02,0.01
943882,-0.02,0.01
943894,-0.02,0.01
943906,-0.01,0.01
943918,-0.01,0.01
943930,-0.02,0.01
943942,-0.02,0.01
943954,-0.02,0.01
943966,-0.02,0.01
943978,-0.02,0.01
943990,-0.02,0.01
944002,-0.02,0.01
944014,-0.02,0.01
944026,-0.02,0.01
944038,-0.02,0.01
944050,-0.02,0.01
944062,-0.02,0.01
944074,-0.02,0.01
944086,-0.02,0.01
944098,-0.02,0.01
944110,-0.02,0.01
944122,-0.02,0.01
944134,-0.02,0.01
944146,-0.02,0.01
944158,-0.02,0.01
944170,-0.01,0.01
944182,-0.02,0.01
944194,-0.02,0.01
944206,-0.02,0.01
944218,-0.02,0.01
944230,-0.02,0.01
944242,-0.02,0.01
944254,-0.02,0.01
944266,-0.02,0.01
944278,-0.02,0.01
944290,-0.02,0.01
944302,-0.02,0.01
944314,-0.02,0.01
944326,-0.02,0.01
944338,-0.02,0.01
944350,-0.02,0.01
944362,-0.02,0.01
944374,-0.02,0.01
944386,-0.02,0.01
944398,-0.02,0.01
944410,-0.02,0.01
944422,-0.02,0.01
944434,-0.02,0.01
944446,-0.02,0.01
944458,-0.02,0.01
944470,-0.01,0.01
944482,-0.02,0.01
944494,-0.02,0.01
944506,-0.02,0.01
944518,-0.02,0.01
944530,-0.02,0.01
944542,-0.02,0.01
944554,-0.02,0.01
944566,-0.02,0.01
944578,-0.02,0.01
944590,-0.02,0.01
944602,-0.02,0.01
944614,-0.02,0.01
944626,-0.02,0.01
944638,-0.02,0.01
944650,-0.02,0.01
944662,-0.02,0.01
944674,-0.02,0.01
944686,-0.02,0.01
944698,-0.02,0.01
944710,-0.02,0.01
944722,-0.02,0.01
944734,-0.02,0.01
944746,-0.02,0.01
944758,-0.02,0.01
944770,-0.02,0.01
944782,-0.01,0.01
944794,-0.02,0.01
944806,-0.02,0.01
944818,-0.02,0.01
944830,-0.02,0.01
944842,-0.02,0.01
944854,-0.02,0.01
944866,-0.02,0.01
944878,-0.02,0.01
944890,-0.02,0.01
944902,-0.02,0.01
944914,-0.02,0.01
944926,-0.02,0.01
944938,-0.02,0.01
944950,-0.02,0.01
944962,-0.02,0.01
944974,-0.02,-0.00
944986,-0.02,-0.01
944998,-0.02,-0.01
945010,-0.02,-0.02
945022,-0.03,-0.02
945034,-0.03,-0.01
945046,-0.03,-0.02
945058,-0.03,-0.02
945070,-0.03,-0.01
945082,-0.03,-0.02
945094,-0.03,-0.02
945106,-0.03,-0.02
945118,-0.03,-0.02
945130,-0.03,-0.02
945142,-0.03,-0.01
945154,-0.03,-0.02
945166,-0.03,-0.01
945178,-0.03,-0.01
945190,-0.03,-0.00
945202,-0.03,-0.00
945214,-0.03,0.00
945226,-0.03,0.01
945238,-0.03,0.01
945250,-0.03,0.01
945262,-0.03,0.01
945274,-0.03,0.01
945286,-0.03,0.01
945298,-0.03,0.01
945310,-0.03,0.01
945322,-0.03,0.02
945334,-0.03,0.02
945346,-0.03,0.02
945358,-0.03,0.02
945370,-0.03,0.02
945382,-0.03,0.02
945394,-0.03,0.03
945406,-0.03,0.04
945418,-0.03,0.05
945430,-0.03,0.07
945442,-0.03,0.08
945454,-0.03,0.11
945466,-0.03,0.11
945478,-0.03,0.12
945490,-0.03,0.14
945502,-0.03,0.15
945514,-0.03,0.18
945526,-0.03,0.19
945538,-0.03,0.21
945550,-0.03,0.22
945562,-0.03,0.24
945574,-0.03,0.25
945586,-0.03,0.26
945598,-0.03,0.27
945610,-0.03,0.29
945622,-0.03,0.30
945634,-0.03,0.30
945646,-0.03,0.31
945658,-0.03,0.31
945670,-0.03,0.31
945682,-0.03,0.31
945694,-0.03,0.32
945706,-0.03,0.33
945718,-0.03,0.35
945730,-0.02,0.36
945742,-0.03,0.38
945754,-0.03,0.40
945766,-0.02,0.42
945778,-0.02,0.44
945790,-0.02,0.46
945802,-0.02,0.49
945814,-0.02,0.51
945826,-0.01,0.54
945838,-0.01,0.56
945850,-0.01,0.58
945862,-0.00,0.61
945874,0.00,0.65
945886,0.00,0.67
945898,0.00,0.72
945910,0.01,0.74
945922,0.01,0.78
945934,0.02,0.83
945946,0.02,0.93
945958,0.02,0.97
945970,0.02,0.97
945982,0.03,0.97
945994,0.04,0.97
946006,0.04,0.97
946018,0.05,0.97
946030,0.05,0.97
946042,0.05,0.97
946054,0.05,0.97
946066,0.05,0.97
946078,0.05,0.97
946090,0.05,0.97
946102,0.05,0.97
946114,0.05,0.97
946126,0.05,0.97
946138,0.05,0.97
946150,0.05,0.97
946162,0.05,0.97
946174,0.05,0.97
946186,0.05,0.97
946198,0.05,0.97
946210,0.05,0.97
946222,0.05,0.97
946234,0.05,0.97
946246,0.05,0.97
946258,0.05,0.97
946270,0.05,0.97
946282,0.05,0.97
946294,0.05,0.97
946306,0.05,0.97
946318,0.05,0.97
946330,0.05,0.97
946342,0.05,0.97
946354,0.05,0.97
946366,0.05,0.97
946378,0.05,0.97
946390,0.05,0.97
946402,0.05,0.97
946414,0.05,0.97
946426,0.05,0.97
946438,0.05,0.97
946450,0.05,0.97
946462,0.05,0.97
946474,0.05,0.97
946486,0.05,0.97
946498,0.05,0.97
946510,0.05,0.97
946522,0.05,0.97
946534,0.05,0.97
946546,0.05,0.97
946558,0.05,0.97
946570,0.05,0.97
946582,0.05,0.97
946594,0.06,0.97
946606,0.05,0.97
946618,0.05,0.97
946630,0.06,0.97
946642,0.05,0.97
946654,0.06,0.97
946666,0.06,0.97
946678,0.05,0.97
946690,0.05,0.97
946702,0.06,0.97
946714,0.06,0.97
946726,0.06,0.97
946738,0.06,0.97
946750,0.06,0.97
946762,0.06,0.97
946774,0.06,0.97
946786,0.06,0.97
946798,0.07,0.97
946810,0.08,0.97
946822,0.08,0.97
946834,0.09,0.97
946846,0.10,0.97
946858,0.11,0.97
946870,0.12,0.97
946882,0.13,0.97
946894,0.14,0.97
946906,0.16,0.97
946918,0.17,0.97
946930,0.19,0.97
946942,0.21,0.97
946954,0.22,0.97
946966,0.24,0.97
946978,0.26,0.97
946990,0.27,0.98
947002,0.29,0.98
947014,0.31,0.98
947026,0.32,0.98
947038,0.32,0.98
947050,0.33,0.98
947062,0.33,0.98
947074,0.33,0.98
947086,0.34,0.98
947098,0.34,0.98
947110,0.34,0.98
947122,0.34,0.98
947134,0.34,0.98
947146,0.35,0.98
947158,0.35,0.98
947170,0.35,0.98
947182,0.35,0.98
947194,0.35,0.98
947206,0.35,0.98
947218,0.35,0.98
947230,0.35,0.98
947242,0.36,0.98
947254,0.36,0.98
947266,0.36,0.98
947278,0.36,0.98
947290,0.36,0.98
947302,0.37,0.98
947314,0.37,0.98
947326,0.38,0.98
947338,0.38,0.98
947350,0.39,0.97
947362,0.40,0.97
947374,0.41,0.97
947386,0.41,0.97
947398,0.41,0.97
947410,0.41,0.97
947422,0.42,0.97
947434,0.42,0.97
947446,0.42,0.97
947458,0.42,0.96
947470,0.42,0.96
947482,0.43,0.96
947494,0.43,0.96
947506,0.44,0.96
947518,0.44,0.96
947530,0.45,0.96
947542,0.45,0.95
947554,0.45,0.95
947566,0.45,0.95
947578,0.46,0.95
947590,0.46,0.95
947602,0.46,0.95
947614,0.47,0.95
947626,0.47,0.95
947638,0.48,0.94
947650,0.49,0.94
947662,0.50,0.93
947674,0.50,0.93
947686,0.50,0.93
947698,0.50,0.92
947710,0.51,0.92
947722,0.52,0.91
947734,0.52,0.91
947746,0.54,0.90
947758,0.54,0.90
947770,0.55,0.89
947782,0.56,0.88
947794,0.57,0.88
947806,0.58,0.88
947818,0.59,0.87
947830,0.59,0.86
947842,0.60,0.85
947854,0.60,0.85
947866,0.61,0.84
947878,0.62,0.84
947890,0.63,0.84
947902,0.62,0.83
947914,0.64,0.83
947926,0.64,0.82
947938,0.65,0.81
947950,0.66,0.80
947962,0.67,0.78
947974,0.69,0.78
947986,0.70,0.77
947998,0.70,0.76
948010,0.71,0.75
948022,0.71,0.75
948034,0.72,0.75
948046,0.74,0.74
948058,0.74,0.73
948070,0.74,0.72
948082,0.75,0.72
948094,0.76,0.71
948106,0.76,0.70
948118,0.76,0.70
948130,0.76,0.70
948142,0.76,0.70
948154,0.77,0.70
948166,0.77,0.70
948178,0.78,0.70
948190,0.78,0.70
948202,0.78,0.69
948214,0.79,0.69
948226,0.79,0.68
948238,0.79,0.67
948250,0.80,0.67
948262,0.80,0.66
948274,0.81,0.65
948286,0.82,0.65
948298,0.82,0.64
948310,0.82,0.63
948322,0.83,0.63
948334,0.83,0.62
948346,0.83,0.61
948358,0.84,0.60
948370,0.85,0.58
948382,0.85,0.57
948394,0.86,0.57
948406,0.86,0.57
948418,0.87,0.56
948430,0.87,0.56
948442,0.87,0.56
948454,0.87,0.55
948466,0.87,0.54
948478,0.87,0.53
948490,0.88,0.53
948502,0.88,0.52
948514,0.88,0.52
948526,0.88,0.52
948538,0.89,0.51
948550,0.89,0.50
948562,0.90,0.49
948574,0.90,0.49
948586,0.90,0.48
948598,0.90,0.47
948610,0.90,0.47
948622,0.90,0.47
948634,0.91,0.46
948646,0.91,0.46
948658,0.91,0.45
948670,0.91,0.45
948682,0.91,0.44
948694,0.92,0.43
948706,0.92,0.43
948718,0.92,0.42
948730,0.92,0.42
948742,0.92,0.41
948754,0.92,0.41
948766,0.93,0.40
948778,0.93,0.39
948790,0.93,0.38
948802,0.93,0.38
948814,0.94,0.37
948826,0.94,0.36
948838,0.94,0.36
948850,0.94,0.36
948862,0.94,0.36
948874,0.94,0.36
948886,0.94,0.35
948898,0.94,0.35
948910,0.94,0.34
948922,0.94,0.33
948934,0.94,0.32
948946,0.94,0.31
948958,0.95,0.30
948970,0.95,0.29
948982,0.95,0.28
948994,0.95,0.28
949006,0.96,0.28
949018,0.96,0.27
949030,0.96,0.27
949042,0.96,0.27
949054,0.97,0.26
949066,0.97,0.25
949078,0.97,0.24
949090,0.97,0.23
949102,0.97,0.23
949114,0.97,0.23
949126,0.97,0.23
949138,0.97,0.22
949150,0.97,0.22
949162,0.97,0.21
949174,0.97,0.21
949186,0.98,0.20
949198,0.97,0.19
949210,0.97,0.18
949222,0.97,0.18
949234,0.97,0.17
949246,0.98,0.15
949258,0.97,0.13
949270,0.97,0.13
949282,0.98,0.12
949294,0.98,0.11
949306,0.98,0.10
949318,0.98,0.09
949330,0.98,0.08
949342,0.98,0.07
949354,0.98,0.06
949366,0.98,0.05
949378,0.98,0.04
949390,0.99,0.02
949402,0.99,0.01
949414,0.99,-0.00
949426,0.99,-0.01
949438,0.99,-0.01
949450,0.99,-0.02
949462,0.99,-0.02
949474,0.99,-0.02
949486,0.99,-0.02
949498,0.99,-0.02
949510,0.99,-0.03
949522,0.99,-0.03
949534,0.99,-0.04
949546,0.99,-0.05
949558,0.99,-0.05
949570,0.99,-0.06
949582,0.99,-0.07
949594,0.99,-0.07
949606,0.99,-0.07
949618,0.99,-0.08
949630,0.99,-0.08
949642,0.99,-0.08
949654,0.99,-0.08
949666,0.99,-0.09
949678,0.99,-0.10
949690,0.99,-0.10
949702,0.99,-0.11
949714,0.99,-0.12
949726,0.99,-0.13
949738,0.99,-0.14
949750,0.99,-0.15
949762,0.99,-0.16
949774,0.99,-0.17
949786,0.99,-0.18
949798,0.99,-0.19
949810,0.99,-0.20
949822,0.99,-0.20
949834,0.99,-0.21
949846,0.99,-0.22
949858,0.99,-0.23
949870,0.99,-0.23
949882,0.99,-0.24
949894,0.99,-0.24
949906,0.99,-0.24
949918,0.99,-0.26
949930,0.99,-0.27
949942,0.99,-0.28
949954,0.99,-0.30
949966,0.99,-0.30
949978,0.99,-0.30
949990,0.99,-0.32
950002,0.99,-0.33
950014,0.99,-0.34
950026,0.99,-0.34
950038,0.98,-0.36
950050,0.98,-0.36
950062,0.98,-0.37
950074,0.98,-0.38
950086,0.97,-0.39
950098,0.97,-0.39
950110,0.97,-0.40
950122,0.97,-0.41
950134,0.97,-0.42
950146,0.96,-0.43
950158,0.95,-0.44
950170,0.95,-0.45
950182,0.95,-0.45
950194,0.95,-0.47
950206,0.94,-0.48
950218,0.94,-0.49
950230,0.94,-0.49
950242,0.94,-0.50
950254,0.93,-0.52
950266,0.93,-0.53
950278,0.93,-0.53
950290,0.92,-0.54
950302,0.92,-0.55
950314,0.92,-0.56
950326,0.91,-0.57
950338,0.91,-0.58
950350,0.90,-0.58
950362,0.90,-0.59
950374,0.90,-0.59
950386,0.90,-0.60
950398,0.89,-0.60
950410,0.89,-0.60
950422,0.88,-0.61
950434,0.88,-0.62
950446,0.88,-0.62
950458,0.88,-0.62
950470,0.87,-0.62
950482,0.87,-0.63
950494,0.87,-0.63
950506,0.87,-0.63
950518,0.87,-0.63
950530,0.86,-0.64
950542,0.85,-0.64
950554,0.85,-0.65
950566,0.84,-0.65
950578,0.84,-0.66
950590,0.83,-0.66
950602,0.83,-0.67
950614,0.83,-0.67
950626,0.83,-0.67
950638,0.82,-0.68
950650,0.82,-0.68
950662,0.81,-0.68
950674,0.81,-0.68
950686,0.80,-0.68
950698,0.80,-0.69
950710,0.79,-0.69
950722,0.79,-0.70
950734,0.78,-0.70
950746,0.77,-0.70
950758,0.76,-0.71
950770,0.76,-0.72
950782,0.76,-0.72
950794,0.75,-0.72
950806,0.75,-0.73
950818,0.75,-0.73
950830,0.74,-0.74
950842,0.74,-0.74
950854,0.74,-0.75
950866,0.73,-0.75
950878,0.73,-0.75
950890,0.73,-0.75
950902,0.72,-0.76
950914,0.72,-0.76
950926,0.72,-0.76
950938,0.72,-0.76
950950,0.71,-0.76
950962,0.71,-0.76
950974,0.71,-0.76
950986,0.71,-0.77
950998,0.70,-0.77
951010,0.70,-0.78
951022,0.70,-0.78
951034,0.70,-0.78
951046,0.69,-0.79
951058,0.68,-0.79
951070,0.68,-0.79
951082,0.68,-0.79
951094,0.67,-0.79
951106,0.67,-0.79
951118,0.67,-0.79
951130,0.67,-0.80
951142,0.67,-0.80
951154,0.66,-0.81
951166,0.66,-0.81
951178,0.66,-0.81
951190,0.66,-0.81
951202,0.65,-0.82
951214,0.65,-0.82
951226,0.64,-0.82
951238,0.64,-0.83
951250,0.63,-0.84
951262,0.63,-0.84
951274,0.61,-0.85
951286,0.61,-0.86
951298,0.60,-0.86
951310,0.59,-0.87
951322,0.59,-0.87
951334,0.58,-0.88
951346,0.58,-0.88
951358,0.58,-0.89
951370,0.58,-0.89
951382,0.57,-0.90
951394,0.56,-0.90
951406,0.56,-0.90
951418,0.55,-0.91
951430,0.55,-0.91
951442,0.54,-0.91
951454,0.54,-0.91
951466,0.54,-0.92
951478,0.53,-0.92
951490,0.53,-0.92
951502,0.53,-0.92
951514,0.52,-0.92
951526,0.52,-0.92
951538,0.52,-0.93
951550,0.52,-0.93
951562,0.51,-0.93
951574,0.51,-0.93
951586,0.51,-0.93
951598,0.51,-0.94
951610,0.51,-0.94
951622,0.51,-0.94
951634,0.50,-0.94
951646,0.50,-0.94
951658,0.50,-0.94
951670,0.50,-0.94
951682,0.50,-0.94
951694,0.50,-0.94
951706,0.49,-0.94
951718,0.49,-0.95
951730,0.49,-0.95
951742,0.49,-0.95
951754,0.49,-0.95
951766,0.48,-0.95
951778,0.48,-0.95
951790,0.48,-0.95
951802,0.48,-0.95
951814,0.48,-0.95
951826,0.48,-0.95
951838,0.48,-0.95
951850,0.47,-0.95
951862,0.47,-0.96
951874,0.47,-0.96
951886,0.47,-0.96
951898,0.47,-0.96
951910,0.47,-0.96
951922,0.46,-0.96
951934,0.46,-0.96
951946,0.45,-0.96
951958,0.45,-0.96
951970,0.45,-0.96
951982,0.45,-0.96
951994,0.45,-0.97
952006,0.45,-0.96
952018,0.44,-0.97
952030,0.45,-0.97
952042,0.44,-0.97
952054,0.44,-0.97
952066,0.44,-0.97
952078,0.44,-0.97
952090,0.44,-0.97
952102,0.43,-0.97
952114,0.43,-0.97
952126,0.43,-0.97
952138,0.43,-0.97
952150,0.43,-0.97
952162,0.43,-0.97
952174,0.43,-0.97
952186,0.43,-0.97
952198,0.43,-0.97
952210,0.43,-0.97
952222,0.42,-0.97
952234,0.42,-0.97
952246,0.42,-0.97
952258,0.41,-0.97
952270,0.40,-0.97
952282,0.39,-0.97
952294,0.38,-0.97
952306,0.37,-0.97
952318,0.36,-0.97
952330,0.35,-0.97
952342,0.35,-0.97
952354,0.34,-0.97
952366,0.34,-0.97
952378,0.33,-0.97
952390,0.33,-0.97
952402,0.32,-0.97
952414,0.31,-0.97
952426,0.31,-0.97
952438,0.30,-0.97
952450,0.29,-0.97
952462,0.27,-0.97
952474,0.27,-0.97
952486,0.26,-0.97
952498,0.25,-0.97
952510,0.24,-0.97
952522,0.23,-0.97
952534,0.21,-0.97
952546,0.19,-0.97
952558,0.17,-0.97
952570,0.15,-0.97
952582,0.14,-0.97
952594,0.12,-0.97
952606,0.10,-0.97
952618,0.08,-0.97
952630,0.07,-0.97
952642,0.07,-0.97
952654,0.05,-0.97
952666,0.04,-0.97
952678,0.02,-0.97
952690,0.00,-0.97
952702,-0.00,-0.97
952714,-0.03,-0.97
952726,-0.04,-0.97
952738,-0.07,-0.97
952750,-0.10,-0.97
952762,-0.11,-0.97
952774,-0.13,-0.97
952786,-0.16,-0.97
952798,-0.18,-0.97
952810,-0.20,-0.97
952822,-0.22,-0.97
952834,-0.24,-0.97
952846,-0.26,-0.97
952858,-0.29,-0.97
952870,-0.30,-0.97
952882,-0.32,-0.97
952894,-0.34,-0.97
952906,-0.37,-0.97
952918,-0.38,-0.97
952930,-0.39,-0.98
952942,-0.40,-0.98
952954,-0.40,-0.98
952966,-0.41,-0.98
952978,-0.41,-0.98
952990,-0.41,-0.98
953002,-0.42,-0.98
953014,-0.42,-0.98
953026,-0.42,-0.98
953038,-0.42,-0.98
953050,-0.42,-0.98
953062,-0.43,-0.98
953074,-0.43,-0.98
953086,-0.43,-0.98
953098,-0.43,-0.98
953110,-0.43,-0.98
953122,-0.44,-0.98
953134,-0.44,-0.97
953146,-0.44,-0.98
953158,-0.44,-0.98
953170,-0.44,-0.97
953182,-0.44,-0.98
953194,-0.45,-0.97
953206,-0.45,-0.97
953218,-0.46,-0.97
953230,-0.46,-0.97
953242,-0.47,-0.97
953254,-0.47,-0.97
953266,-0.47,-0.97
953278,-0.47,-0.96
953290,-0.47,-0.96
953302,-0.47,-0.96
953314,-0.48,-0.96
953326,-0.48,-0.96
953338,-0.49,-0.96
953350,-0.49,-0.96
953362,-0.50,-0.96
953374,-0.51,-0.96
953386,-0.51,-0.95
953398,-0.52,-0.95
953410,-0.52,-0.95
953422,-0.52,-0.94
953434,-0.52,-0.94
953446,-0.53,-0.94
953458,-0.54,-0.94
953470,-0.54,-0.93
953482,-0.55,-0.93
953494,-0.57,-0.92
953506,-0.58,-0.93
953518,-0.59,-0.92
953530,-0.59,-0.91
953542,-0.60,-0.91
953554,-0.60,-0.91
953566,-0.60,-0.91
953578,-0.60,-0.90
953590,-0.61,-0.90
953602,-0.61,-0.90
953614,-0.61,-0.90
953626,-0.61,-0.90
953638,-0.61,-0.90
953650,-0.62,-0.89
953662,-0.63,-0.89
953674,-0.63,-0.89
953686,-0.64,-0.89
953698,-0.64,-0.89
953710,-0.64,-0.88
953722,-0.65,-0.88
953734,-0.65,-0.88
953746,-0.65,-0.88
953758,-0.65,-0.88
953770,-0.65,-0.87
953782,-0.66,-0.87
953794,-0.66,-0.87
953806,-0.66,-0.87
953818,-0.67,-0.87
953830,-0.67,-0.86
953842,-0.68,-0.86
953854,-0.68,-0.85
953866,-0.69,-0.85
953878,-0.70,-0.85
953890,-0.70,-0.84
953902,-0.71,-0.83
953914,-0.72,-0.83
953926,-0.72,-0.83
953938,-0.72,-0.83
953950,-0.72,-0.83
953962,-0.72,-0.83
953974,-0.72,-0.82
953986,-0.72,-0.82
953998,-0.73,-0.82
954010,-0.73,-0.82
954022,-0.73,-0.81
954034,-0.74,-0.80
954046,-0.74,-0.79
954058,-0.75,-0.77
954070,-0.76,-0.77
954082,-0.77,-0.77
954094,-0.78,-0.76
954106,-0.78,-0.75
954118,-0.79,-0.75
954130,-0.79,-0.74
954142,-0.80,-0.74
954154,-0.80,-0.74
954166,-0.80,-0.74
954178,-0.80,-0.74
954190,-0.80,-0.74
954202,-0.80,-0.73
954214,-0.80,-0.73
954226,-0.81,-0.73
954238,-0.81,-0.73
954250,-0.81,-0.72
954262,-0.81,-0.72
954274,-0.81,-0.72
954286,-0.81,-0.72
954298,-0.82,-0.72
954310,-0.82,-0.71
954322,-0.82,-0.71
954334,-0.82,-0.70
954346,-0.82,-0.70
954358,-0.83,-0.69
954370,-0.83,-0.69
954382,-0.83,-0.69
954394,-0.83,-0.69
954406,-0.83,-0.69
954418,-0.83,-0.69
954430,-0.83,-0.69
954442,-0.83,-0.69
954454,-0.83,-0.69
954466,-0.84,-0.69
954478,-0.84,-0.69
954490,-0.84,-0.69
954502,-0.84,-0.68
954514,-0.84,-0.68
954526,-0.85,-0.67
954538,-0.85,-0.67
954550,-0.86,-0.66
954562,-0.86,-0.66
954574,-0.86,-0.65
954586,-0.87,-0.65
954598,-0.87,-0.64
954610,-0.87,-0.62
954622,-0.87,-0.61
954634,-0.87,-0.61
954646,-0.87,-0.61
954658,-0.88,-0.61
954670,-0.88,-0.60
954682,-0.88,-0.60
954694,-0.88,-0.60
954706,-0.88,-0.60
954718,-0.88,-0.60
954730,-0.89,-0.59
954742,-0.89,-0.59
954754,-0.89,-0.59
954766,-0.89,-0.58
954778,-0.89,-0.58
954790,-0.89,-0.57
954802,-0.90,-0.57
954814,-0.90,-0.56
954826,-0.90,-0.55
954838,-0.91,-0.54
954850,-0.91,-0.53
954862,-0.92,-0.52
954874,-0.92,-0.51
954886,-0.92,-0.50
954898,-0.92,-0.49
954910,-0.92,-0.48
954922,-0.93,-0.46
954934,-0.93,-0.45
954946,-0.93,-0.44
954958,-0.94,-0.44
954970,-0.94,-0.43
954982,-0.94,-0.42
954994,-0.94,-0.42
955006,-0.95,-0.41
955018,-0.95,-0.41
955030,-0.95,-0.40
955042,-0.95,-0.39
955054,-0.95,-0.38
955066,-0.96,-0.37
955078,-0.96,-0.37
955090,-0.96,-0.36
955102,-0.96,-0.34
955114,-0.97,-0.33
955126,-0.97,-0.33
955138,-0.97,-0.32
955150,-0.97,-0.32
955162,-0.97,-0.31
955174,-0.97,-0.30
955186,-0.97,-0.30
955198,-0.97,-0.29
955210,-0.97,-0.28
955222,-0.97,-0.27
955234,-0.97,-0.27
955246,-0.97,-0.26
955258,-0.98,-0.25
955270,-0.98,-0.24
955282,-0.98,-0.23
955294,-0.98,-0.21
955306,-0.99,-0.20
955318,-0.99,-0.19
955330,-0.99,-0.18
955342,-0.99,-0.17
955354,-0.99,-0.16
955366,-0.99,-0.14
955378,-0.99,-0.13
955390,-0.99,-0.12
955402,-0.99,-0.11
955414,-0.99,-0.09
955426,-0.99,-0.08
955438,-0.99,-0.07
955450,-0.99,-0.05
955462,-0.99,-0.03
955474,-0.99,-0.02
955486,-0.99,0.00
955498,-0.99,0.02
955510,-0.99,0.03
955522,-0.99,0.05
955534,-0.99,0.06
955546,-0.99,0.07
955558,-0.99,0.09
955570,-0.99,0.11
955582,-0.99,0.11
955594,-0.99,0.12
955606,-0.99,0.13
955618,-0.99,0.14
955630,-0.99,0.15
955642,-0.99,0.16
955654,-0.99,0.18
955666,-0.99,0.19
955678,-0.99,0.19
955690,-0.99,0.20
955702,-0.99,0.22
955714,-0.99,0.23
955726,-0.99,0.24
955738,-0.99,0.24
955750,-0.99,0.25
955762,-0.99,0.26
955774,-0.99,0.26
955786,-0.99,0.27
955798,-0.98,0.28
955810,-0.98,0.28
955822,-0.98,0.29
955834,-0.98,0.30
955846,-0.98,0.30
955858,-0.98,0.30
955870,-0.98,0.31
955882,-0.97,0.31
955894,-0.97,0.31
955906,-0.97,0.32
955918,-0.97,0.32
955930,-0.97,0.33
955942,-0.97,0.34
955954,-0.97,0.34
955966,-0.97,0.35
955978,-0.96,0.35
955990,-0.96,0.36
956002,-0.96,0.37
956014,-0.96,0.37
956026,-0.95,0.38
956038,-0.95,0.39
956050,-0.95,0.40
956062,-0.95,0.40
956074,-0.95,0.40
956086,-0.95,0.41
956098,-0.94,0.41
956110,-0.94,0.42
956122,-0.94,0.43
956134,-0.94,0.43
956146,-0.93,0.44
956158,-0.93,0.45
956170,-0.93,0.46
956182,-0.92,0.47
956194,-0.92,0.47
956206,-0.92,0.48
956218,-0.91,0.48
956230,-0.91,0.49
956242,-0.91,0.49
956254,-0.91,0.51
956266,-0.90,0.52
956278,-0.90,0.52
956290,-0.90,0.53
956302,-0.90,0.53
956314,-0.89,0.54
956326,-0.89,0.55
956338,-0.89,0.55
956350,-0.89,0.55
956362,-0.89,0.55
956374,-0.89,0.55
956386,-0.89,0.55
956398,-0.89,0.56
956410,-0.88,0.56
956422,-0.88,0.56
956434,-0.88,0.56
956446,-0.88,0.57
956458,-0.88,0.57
956470,-0.88,0.57
956482,-0.88,0.57
956494,-0.87,0.57
956506,-0.87,0.57
956518,-0.87,0.57
956530,-0.87,0.58
956542,-0.87,0.58
956554,-0.87,0.58
956566,-0.87,0.58
956578,-0.87,0.58
956590,-0.86,0.58
956602,-0.86,0.59
956614,-0.86,0.59
956626,-0.86,0.60
956638,-0.86,0.61
956650,-0.86,0.61
956662,-0.85,0.62
956674,-0.85,0.63
956686,-0.85,0.64
956698,-0.84,0.64
956710,-0.84,0.65
956722,-0.83,0.65
956734,-0.83,0.66
956746,-0.82,0.66
956758,-0.82,0.67
956770,-0.81,0.68
956782,-0.81,0.68
956794,-0.81,0.69
956806,-0.80,0.70
956818,-0.80,0.70
956830,-0.80,0.70
956842,-0.79,0.72
956854,-0.79,0.72
956866,-0.79,0.72
956878,-0.78,0.73
956890,-0.78,0.73
956902,-0.78,0.73
956914,-0.78,0.73
956926,-0.78,0.73
956938,-0.78,0.73
956950,-0.78,0.73
956962,-0.78,0.74
956974,-0.77,0.74
956986,-0.77,0.74
956998,-0.77,0.74
957010,-0.76,0.74
957022,-0.76,0.74
957034,-0.76,0.75
957046,-0.76,0.75
957058,-0.75,0.75
957070,-0.75,0.76
957082,-0.74,0.76
957094,-0.74,0.77
957106,-0.74,0.78
957118,-0.74,0.78
957130,-0.73,0.79
957142,-0.72,0.80
957154,-0.72,0.81
957166,-0.70,0.82
957178,-0.69,0.82
957190,-0.69,0.83
957202,-0.68,0.83
957214,-0.67,0.84
957226,-0.66,0.85
957238,-0.65,0.85
957250,-0.65,0.86
957262,-0.63,0.86
957274,-0.62,0.87
957286,-0.61,0.87
957298,-0.61,0.88
957310,-0.59,0.88
957322,-0.59,0.88
957334,-0.59,0.89
957346,-0.58,0.90
957358,-0.58,0.90
957370,-0.57,0.90
957382,-0.56,0.90
957394,-0.55,0.91
957406,-0.54,0.91
957418,-0.53,0.92
957430,-0.53,0.92
957442,-0.52,0.92
957454,-0.52,0.92
957466,-0.52,0.93
957478,-0.51,0.93
957490,-0.51,0.94
957502,-0.50,0.94
957514,-0.50,0.94
957526,-0.50,0.95
957538,-0.49,0.95
957550,-0.49,0.95
957562,-0.48,0.95
957574,-0.48,0.95
957586,-0.47,0.95
957598,-0.47,0.95
957610,-0.47,0.95
957622,-0.46,0.95
957634,-0.46,0.95
957646,-0.46,0.96
957658,-0.46,0.96
957670,-0.45,0.96
957682,-0.44,0.96
957694,-0.44,0.96
957706,-0.43,0.97
957718,-0.43,0.97
957730,-0.43,0.97
957742,-0.43,0.97
957754,-0.42,0.97
957766,-0.42,0.97
957778,-0.42,0.97
957790,-0.42,0.97
957802,-0.42,0.97
957814,-0.42,0.97
957826,-0.42,0.97
957838,-0.42,0.97
957850,-0.41,0.98
957862,-0.41,0.97
957874,-0.41,0.98
957886,-0.41,0.98
957898,-0.41,0.98
957910,-0.41,0.98
957922,-0.41,0.98
957934,-0.41,0.98
957946,-0.40,0.98
957958,-0.40,0.98
957970,-0.40,0.98
957982,-0.39,0.98
957994,-0.39,0.98
958006,-0.39,0.98
958018,-0.39,0.98
958030,-0.38,0.99
958042,-0.38,0.99
958054,-0.37,0.99
958066,-0.37,0.99
958078,-0.36,0.99
958090,-0.36,0.99
958102,-0.36,0.99
958114,-0.36,1.00
958126,-0.36,1.00
958138,-0.36,1.00
958150,-0.36,0.99
958162,-0.36,0.99
958174,-0.36,1.00
958186,-0.36,1.00
958198,-0.36,0.99
958210,-0.36,1.00
958222,-0.36,1.00
958234,-0.36,1.00
958246,-0.35,1.00
958258,-0.35,1.00
958270,-0.35,1.00
958282,-0.35,1.00
958294,-0.35,1.00
958306,-0.35,1.00
958318,-0.34,1.00
958330,-0.34,1.00
958342,-0.34,1.00
958354,-0.34,1.00
958366,-0.33,1.00
958378,-0.33,1.00
958390,-0.32,1.00
958402,-0.32,1.00
958414,-0.32,1.00
958426,-0.32,1.00
958438,-0.32,1.00
958450,-0.31,1.00
958462,-0.30,1.00
958474,-0.28,1.00
958486,-0.28,1.00
958498,-0.27,1.00
958510,-0.26,1.00
958522,-0.24,1.00
958534,-0.23,1.00
958546,-0.22,1.00
958558,-0.21,1.00
958570,-0.21,1.00
958582,-0.19,1.00
958594,-0.17,1.00
958606,-0.16,1.00
958618,-0.14,1.00
958630,-0.13,1.00
958642,-0.12,0.99
958654,-0.12,1.00
958666,-0.11,1.00
958678,-0.10,1.00
958690,-0.09,1.00
958702,-0.09,1.00
958714,-0.08,1.00
958726,-0.06,1.00
958738,-0.05,0.99
958750,-0.04,1.00
958762,-0.04,1.00
958774,-0.03,1.00
958786,-0.02,1.00
958798,-0.01,1.00
958810,0.00,1.00
958822,0.01,1.00
958834,0.01,1.00
958846,0.01,1.00
958858,0.01,1.00
958870,0.02,1.00
958882,0.03,1.00
958894,0.04,1.00
958906,0.05,1.00
958918,0.07,0.99
958930,0.08,1.00
958942,0.10,1.00
958954,0.11,1.00
958966,0.12,1.00
958978,0.13,1.00
958990,0.14,1.00
959002,0.15,1.00
959014,0.16,1.00
959026,0.18,1.00
959038,0.19,1.00
959050,0.19,1.00
959062,0.21,0.99
959074,0.22,1.00
959086,0.22,1.00
959098,0.23,1.00
959110,0.24,1.00
959122,0.26,1.00
959134,0.26,1.00
959146,0.26,1.00
959158,0.27,1.00
959170,0.27,1.00
959182,0.27,1.00
959194,0.27,1.00
959206,0.27,1.00
959218,0.27,1.00
959230,0.27,1.00
959242,0.27,1.00
959254,0.27,1.00
959266,0.27,0.99
959278,0.27,1.00
959290,0.27,1.00
959302,0.27,1.00
959314,0.27,1.00
959326,0.27,1.00
959338,0.27,1.00
959350,0.27,1.00
959362,0.27,1.00
959374,0.27,1.00
959386,0.27,1.00
959398,0.27,1.00
959410,0.27,1.00
959422,0.26,1.00
959434,0.26,1.00
959446,0.26,1.00
959458,0.26,1.00
959470,0.25,0.99
959482,0.25,1.00
959494,0.25,1.00
959506,0.25,1.00
959518,0.24,1.00
959530,0.24,0.99
959542,0.23,1.00
959554,0.23,1.00
959566,0.23,1.00
959578,0.23,1.00
959590,0.23,0.99
959602,0.23,1.00
959614,0.22,1.00
959626,0.22,0.99
959638,0.22,1.00
959650,0.22,1.00
959662,0.22,1.00
959674,0.22,1.00
959686,0.22,0.99
959698,0.22,0.99
959710,0.22,0.99
959722,0.22,0.99
959734,0.22,0.99
959746,0.22,1.00
959758,0.22,0.99
959770,0.22,0.99
959782,0.22,0.99
959794,0.22,0.99
959806,0.21,0.99
959818,0.21,0.99
959830,0.21,0.99
959842,0.21,0.99
959854,0.21,0.99
959866,0.21,0.99
959878,0.21,0.99
959890,0.21,0.99
959902,0.21,0.99
959914,0.21,0.99
959926,0.21,0.99
959938,0.21,0.99
959950,0.21,0.99
959962,0.21,0.99
959974,0.21,0.99
959986,0.21,0.99
959998,0.21,0.99
960010,0.21,0.99
960022,0.21,0.99
960034,0.21,0.99
960046,0.21,0.99
960058,0.21,0.99
960070,0.21,0.99
960082,0.21,0.99
960094,0.21,0.99
960106,0.20,0.99
960118,0.20,0.99
960130,0.20,0.99
960142,0.20,0.98
960154,0.20,0.98
960166,0.19,0.98
960178,0.19,0.98
960190,0.19,0.98
960202,0.19,0.98
960214,0.19,0.98
960226,0.19,0.98
960238,0.19,0.98
960250,0.19,0.98
960262,0.18,0.98
960274,0.18,0.98
960286,0.18,0.98
960298,0.18,0.97
960310,0.18,0.97
960322,0.18,0.97
960334,0.18,0.96
960346,0.18,0.95
960358,0.18,0.95
960370,0.18,0.95
960382,0.18,0.94
960394,0.18,0.93
960406,0.18,0.92
960418,0.18,0.92
960430,0.18,0.91
960442,0.18,0.90
960454,0.18,0.90
960466,0.18,0.89
960478,0.18,0.87
960490,0.18,0.83
960502,0.18,0.78
960514,0.18,0.72
960526,0.18,0.66
960538,0.18,0.59
960550,0.18,0.52
960562,0.18,0.45
960574,0.18,0.39
960586,0.18,0.32
960598,0.17,0.26
960610,0.17,0.21
960622,0.15,0.14
960634,0.11,0.07
960646,0.02,0.00
960658,0.00,-0.02
960670,0.00,-0.02
960682,0.00,-0.03
960694,-0.00,-0.04
960706,-0.01,-0.05
960718,-0.01,-0.06
960730,-0.01,-0.07
960742,-0.01,-0.07
960754,-0.01,-0.07
960766,-0.01,-0.07
960778,-0.01,-0.07
960790,-0.01,-0.07
960802,-0.01,-0.07
960814,-0.01,-0.07
960826,-0.01,-0.07
960838,-0.01,-0.07
960850,-0.01,-0.07
960862,-0.01,-0.07
960874,-0.01,-0.06
960886,-0.01,-0.05
960898,-0.01,-0.05
960910,-0.01,-0.05
960922,-0.01,-0.05
960934,-0.01,-0.05
960946,-0.01,-0.04
960958,-0.01,-0.04
960970,-0.01,-0.04
960982,-0.01,-0.04
960994,-0.01,-0.04
961006,-0.01,-0.04
961018,-0.01,-0.04
961030,-0.01,-0.04
961042,-0.01,-0.04
961054,-0.01,-0.04
961066,-0.01,-0.04
961078,-0.01,-0.04
961090,-0.01,-0.04
961102,-0.01,-0.04
961114,-0.01,-0.04
961126,-0.01,-0.04
961138,-0.01,-0.04
961150,-0.01,-0.04
961162,-0.01,-0.04
961174,-0.01,-0.04
961186,-0.01,-0.04
961198,-0.01,-0.04
961210,-0.01,-0.04
961222,-0.01,-0.04
961234,-0.01,-0.04
961246,-0.01,-0.04
961258,-0.01,-0.04
961270,-0.01,-0.04
961282,-0.01,-0.04
961294,-0.01,-0.04
961306,-0.01,-0.04
961318,-0.01,-0.04
961330,-0.01,-0.04
961342,-0.01,-0.04
961354,-0.01,-0.04
961366,-0.01,-0.04
961378,-0.01,-0.04
961390,-0.01,-0.04
961402,-0.01,-0.04
961414,-0.01,-0.04
961426,-0.01,-0.04
961438,-0.01,-0.04
961450,-0.01,-0.04
961462,-0.01,-0.04
961474,-0.01,-0.04
961486,-0.01,-0.04
961498,-0.01,-0.04
961510,-0.01,-0.04
961522,-0.01,-0.04
961534,-0.01,-0.04
961546,-0.01,-0.04
961558,-0.01,-0.04
961570,-0.01,-0.04
961582,-0.01,-0.04
961594,-0.01,-0.04
961606,-0.01,-0.04
961618,-0.01,-0.04
961630,-0.01,-0.04
961642,-0.01,-0.04
961654,-0.01,-0.04
961666,-0.01,-0.04
961678,-0.01,-0.04
961690,-0.01,-0.04
961702,-0.01,-0.04
961714,-0.01,-0.04
961726,-0.01,-0.04
961738,-0.01,-0.04
961750,-0.01,-0.04
961762,-0.01,-0.04
961774,-0.01,-0.04
961786,-0.01,-0.04
961798,-0.01,-0.04
961810,-0.01,-0.04
961822,-0.01,-0.04
961834,-0.01,-0.04
961846,-0.01,-0.04
961858,-0.01,-0.04
961870,-0.01,-0.04
961882,-0.01,-0.04
961894,-0.01,-0.04
961906,-0.01,-0.04
961918,-0.01,-0.04
961930,-0.01,-0.04
961942,-0.01,-0.04
961954,-0.01,-0.04
961966,-0.01,-0.04
961978,-0.01,-0.04
961990,-0.01,-0.04
962002,-0.01,-0.04
962014,-0.01,-0.04
962026,-0.01,-0.04
962038,-0.01,-0.04
962050,-0.01,-0.04
962062,-0.01,-0.04
962074,-0.01,-0.04
962086,-0.01,-0.04
962098,-0.01,-0.04
962110,-0.01,-0.04
962122,-0.01,-0.04
962134,-0.01,-0.04
962146,-0.01,-0.04
962158,-0.01,-0.04
962170,-0.01,-0.04
962182,-0.01,-0.04
962194,-0.01,-0.04
962206,-0.01,-0.04
962218,-0.01,-0.04
962230,-0.01,-0.04
962242,-0.01,-0.04
962254,-0.01,-0.04
962266,-0.01,-0.04
962278,-0.01,-0.04
962290,-0.01,-0.04
962302,-0.01,-0.04
962314,-0.01,-0.04
962326,-0.01,-0.04
962338,-0.01,-0.04
962350,-0.01,-0.04
962362,-0.01,-0.04
962374,-0.01,-0.04
962386,-0.01,-0.04
962398,-0.01,-0.04
962410,-0.01,-0.04
962422,-0.01,-0.04
962434,-0.01,-0.04
962446,-0.01,-0.04
962458,-0.01,-0.04
962470,-0.01,-0.04
962482,-0.01,-0.04
962494,-0.01,-0.04
962506,-0.01,-0.04
962518,-0.01,-0.04
962530,-0.01,-0.04
962542,-0.01,-0.04
962554,-0.01,-0.04
962566,-0.01,-0.04
962578,-0.01,-0.04
962590,-0.01,-0.04
962602,-0.01,-0.04
962614,-0.01,-0.04
962626,-0.01,-0.04
962638,-0.01,-0.04
962650,-0.01,-0.04
962662,-0.01,-0.04
962674,-0.01,-0.04
962686,-0.01,-0.04
962698,-0.01,-0.04
962710,-0.01,-0.04
