253594,-0.02,-0.04
253606,-0.02,-0.04
253618,-0.02,-0.04
253630,-0.02,-0.04
253642,-0.02,-0.04
253654,-0.02,-0.04
253666,-0.02,-0.04
253678,-0.02,-0.04
253690,-0.02,-0.04
253702,-0.02,-0.04
253714,-0.02,-0.04
253726,-0.02,-0.04
253738,-0.02,-0.04
253750,-0.02,-0.04
253762,-0.02,-0.04
253774,-0.02,-0.04
253786,-0.02,-0.04
253798,-0.02,-0.04
253810,-0.02,-0.04
253822,-0.03,-0.04
253834,-0.02,-0.04
253846,-0.02,-0.04
253858,-0.02,-0.04
253870,-0.02,-0.04
253882,-0.02,-0.04
253894,-0.02,-0.04
253906,-0.03,-0.04
253918,-0.02,-0.04
253930,-0.03,-0.04
253942,-0.02,-0.04
253954,-0.03,-0.04
253966,-0.02,-0.04
253978,-0.02,-0.04
253990,-0.02,-0.04
254002,-0.02,-0.04
254014,-0.02,-0.04
254026,-0.02,-0.04
254038,-0.02,-0.04
254050,-0.02,-0.04
254062,-0.02,-0.04
254074,-0.02,-0.04
254086,-0.02,-0.04
254098,-0.02,-0.04
254110,-0.02,-0.04
254122,-0.02,-0.04
254134,-0.02,-0.04
254146,-0.02,-0.04
254158,-0.02,-0.04
254170,-0.02,-0.04
254182,-0.02,-0.04
254194,-0.02,-0.04
254206,-0.02,-0.04
254218,-0.02,-0.04
254230,-0.02,-0.04
254242,-0.02,-0.04
254254,-0.02,-0.04
254266,-0.02,-0.04
254278,-0.02,-0.04
254290,-0.02,-0.04
254302,-0.02,-0.04
254314,-0.02,-0.04
254326,-0.03,-0.04
254338,-0.02,-0.04
254350,-0.02,-0.04
254362,-0.02,-0.04
254374,-0.02,-0.04
254386,-0.02,-0.04
254398,-0.02,-0.04
254410,-0.02,-0.04
254422,-0.02,-0.04
254434,-0.02,-0.04
254446,-0.02,-0.04
254458,-0.02,-0.04
254470,-0.02,-0.04
254482,-0.02,-0.04
254494,-0.02,-0.04
254506,-0.02,-0.04
254518,-0.02,-0.04
254530,-0.02,-0.04
254542,-0.02,-0.04
254554,-0.02,-0.04
254566,-0.02,-0.04
254578,-0.02,-0.04
254590,-0.02,-0.04
254602,-0.02,-0.04
254614,-0.02,-0.04
254626,-0.02,-0.04
254638,-0.02,-0.04
254650,-0.02,-0.04
254662,-0.02,-0.04
254674,-0.02,-0.04
254686,-0.02,-0.04
254698,-0.02,-0.04
254710,-0.02,-0.04
254722,-0.02,-0.04
254734,-0.02,-0.04
254746,-0.02,-0.04
254758,-0.02,-0.04
254770,-0.02,-0.04
254782,-0.02,-0.04
254794,-0.02,-0.04
254806,-0.02,-0.04
254818,-0.02,-0.04
254830,-0.02,-0.04
254842,-0.02,-0.04
254854,-0.02,-0.04
254866,-0.02,-0.04
254878,-0.02,-0.04
254890,-0.02,-0.04
254902,-0.02,-0.04
254914,-0.02,-0.04
254926,-0.02,-0.04
254938,-0.02,-0.04
254950,-0.02,-0.04
254962,-0.02,-0.04
254974,-0.02,-0.04
254986,-0.03,-0.04
254998,-0.02,-0.04
255010,-0.02,-0.04
255022,-0.02,-0.04
255034,-0.02,-0.04
255046,-0.02,-0.04
255058,-0.02,-0.04
255070,-0.02,-0.04
255082,-0.02,-0.04
255094,-0.02,-0.04
255106,-0.02,-0.04
255118,-0.02,-0.04
255130,-0.02,-0.04
255142,-0.02,-0.04
255154,-0.02,-0.04
255166,-0.02,-0.04
255178,-0.02,-0.04
255190,-0.02,-0.04
255202,-0.02,-0.04
255214,-0.02,-0.04
255226,-0.02,-0.04
255238,-0.02,-0.04
255250,-0.02,-0.04
255262,-0.02,-0.04
255274,-0.02,-0.04
255286,-0.02,-0.04
255298,-0.02,-0.04
255310,-0.02,-0.04
255322,-0.02,-0.04
255334,-0.02,-0.04
255346,-0.02,-0.04
255358,-0.02,-0.04
255370,-0.02,-0.04
255382,-0.02,-0.04
255394,-0.02,-0.04
255406,-0.02,-0.04
255418,-0.02,-0.04
255430,-0.02,-0.04
255442,-0.02,-0.04
255454,-0.02,-0.04
255466,-0.02,-0.04
255478,-0.02,-0.04
255490,-0.02,-0.04
255502,-0.02,-0.04
255514,-0.02,-0.04
255526,-0.02,-0.04
255538,-0.02,-0.04
255550,-0.02,-0.04
255562,-0.02,-0.04
255574,-0.02,-0.04
255586,-0.02,-0.04
255598,-0.02,-0.04
255610,-0.02,-0.04
255622,-0.02,-0.04
255634,-0.02,-0.04
255646,-0.02,-0.04
255658,-0.02,-0.04
255670,-0.02,-0.04
255682,-0.02,-0.04
255694,-0.02,-0.04
255706,-0.02,-0.04
255718,-0.02,-0.04
255730,-0.02,-0.04
255742,-0.02,-0.04
255754,-0.02,-0.04
255766,-0.02,-0.04
255778,-0.02,-0.04
255790,-0.02,-0.04
255802,-0.02,-0.04
255814,-0.02,-0.04
255826,-0.02,-0.04
255838,-0.02,-0.04
255850,-0.02,-0.04
255862,-0.02,-0.04
255874,-0.02,-0.04
255886,-0.02,-0.04
255898,-0.02,-0.04
255910,-0.02,-0.04
255922,-0.02,-0.04
255934,-0.02,-0.04
255946,-0.02,-0.04
255958,-0.02,-0.04
255970,-0.02,-0.04
255982,-0.02,-0.04
255994,-0.02,-0.04
256006,-0.02,-0.04
256018,-0.02,-0.04
256030,-0.02,-0.04
256042,-0.02,-0.04
256054,-0.02,-0.04
256066,-0.02,-0.04
256078,-0.02,-0.04
256090,-0.02,-0.04
256102,-0.02,-0.04
256114,-0.02,-0.04
256126,-0.02,-0.04
256138,-0.02,-0.04
256150,-0.02,-0.04
256162,-0.02,-0.04
256174,-0.02,-0.04
256186,-0.02,-0.04
256198,-0.03,-0.04
256210,-0.03,-0.04
256222,-0.03,-0.04
256234,-0.03,-0.04
256246,-0.03,-0.04
256258,-0.03,-0.04
256270,-0.03,-0.04
256282,-0.03,-0.04
256294,-0.03,-0.03
256306,-0.04,-0.03
256318,-0.04,-0.03
256330,-0.03,-0.02
256342,-0.04,-0.02
256354,-0.03,-0.02
256366,-0.03,-0.01
256378,-0.03,-0.01
256390,-0.03,-0.01
256402,-0.04,-0.00
256414,-0.03,-0.00
256426,-0.03,0.00
256438,-0.03,0.00
256450,-0.03,0.01
256462,-0.03,0.01
256474,-0.03,0.01
256486,-0.03,0.02
256498,-0.03,0.03
256510,-0.03,0.04
256522,-0.03,0.05
256534,-0.03,0.06
256546,-0.03,0.10
256558,-0.03,0.12
256570,-0.04,0.15
256582,-0.03,0.19
256594,-0.04,0.23
256606,-0.03,0.26
256618,-0.03,0.30
256630,-0.03,0.34
256642,-0.03,0.37
256654,-0.03,0.40
256666,-0.03,0.43
256678,-0.03,0.47
256690,-0.03,0.50
256702,-0.03,0.53
256714,-0.03,0.57
256726,-0.03,0.61
256738,-0.03,0.66
256750,-0.02,0.70
256762,-0.02,0.75
256774,-0.02,0.81
256786,-0.02,0.88
256798,-0.02,0.99
256810,-0.02,0.99
256822,-0.02,0.99
256834,-0.02,0.99
256846,-0.02,0.99
256858,-0.02,0.99
256870,-0.02,0.99
256882,-0.02,0.99
256894,-0.02,0.99
256906,-0.02,0.99
256918,-0.02,0.99
256930,-0.02,0.99
256942,-0.02,0.99
256954,-0.02,0.99
256966,-0.02,0.99
256978,-0.02,0.99
256990,-0.02,0.99
257002,-0.02,0.99
257014,-0.02,0.99
257026,-0.02,0.99
257038,-0.02,0.99
257050,-0.02,0.99
257062,-0.02,0.99
257074,-0.02,0.99
257086,-0.02,0.99
257098,-0.01,0.99
257110,-0.02,0.99
257122,-0.02,0.99
257134,-0.01,0.99
257146,-0.01,0.99
257158,-0.01,0.99
257170,-0.02,0.99
257182,-0.02,0.99
257194,-0.02,0.99
257206,-0.02,0.99
257218,-0.01,0.99
257230,-0.02,0.99
257242,-0.02,0.99
257254,-0.02,0.99
257266,-0.01,0.99
257278,-0.02,0.99
257290,-0.02,0.99
257302,-0.02,0.99
257314,-0.01,0.99
257326,-0.02,0.99
257338,-0.02,0.99
257350,-0.02,0.99
257362,-0.01,0.99
257374,-0.02,0.99
257386,-0.01,0.99
257398,-0.02,0.99
257410,-0.01,0.99
257422,-0.02,0.99
257434,-0.01,0.99
257446,-0.01,0.99
257458,-0.01,0.99
257470,-0.01,0.99
257482,-0.02,0.99
257494,-0.02,0.99
257506,-0.01,0.99
257518,-0.02,0.99
257530,-0.01,0.99
257542,-0.01,0.99
257554,-0.02,0.99
257566,-0.02,0.99
257578,-0.01,0.99
257590,-0.01,0.99
257602,-0.01,0.99
257614,-0.01,0.99
257626,-0.01,0.99
257638,-0.01,0.99
257650,-0.02,0.99
257662,-0.01,0.99
257674,-0.01,0.99
257686,-0.01,0.99
257698,-0.01,0.99
257710,-0.01,0.99
257722,-0.02,0.99
257734,-0.02,0.99
257746,-0.01,0.98
257758,-0.01,0.97
257770,-0.01,0.97
257782,-0.01,0.96
257794,-0.01,0.95
257806,-0.01,0.93
257818,-0.01,0.93
257830,-0.01,0.90
257842,-0.02,0.87
257854,-0.01,0.80
257866,-0.02,0.74
257878,-0.02,0.68
257890,-0.01,0.62
257902,-0.01,0.57
257914,-0.02,0.52
257926,-0.02,0.47
257938,-0.02,0.42
257950,-0.01,0.37
257962,-0.02,0.32
257974,-0.02,0.27
257986,-0.02,0.24
257998,-0.02,0.19
258010,-0.02,0.14
258022,-0.03,0.11
258034,-0.03,0.06
258046,-0.03,0.02
258058,-0.03,0.01
258070,-0.04,0.00
258082,-0.04,-0.01
258094,-0.04,-0.02
258106,-0.04,-0.02
258118,-0.04,-0.03
258130,-0.04,-0.03
258142,-0.04,-0.03
258154,-0.04,-0.03
258166,-0.05,-0.03
258178,-0.04,-0.03
258190,-0.04,-0.03
258202,-0.04,-0.03
258214,-0.04,-0.03
258226,-0.05,-0.03
258238,-0.04,-0.03
258250,-0.04,-0.03
258262,-0.04,-0.03
258274,-0.04,-0.03
258286,-0.04,-0.03
258298,-0.05,-0.03
258310,-0.04,-0.03
258322,-0.04,-0.03
258334,-0.04,-0.03
258346,-0.04,-0.03
258358,-0.04,-0.03
258370,-0.04,-0.03
258382,-0.04,-0.03
258394,-0.04,-0.03
258406,-0.04,-0.03
258418,-0.04,-0.03
258430,-0.04,-0.03
258442,-0.04,-0.03
258454,-0.04,-0.03
258466,-0.04,-0.03
258478,-0.04,-0.03
258490,-0.04,-0.03
258502,-0.04,-0.03
258514,-0.04,-0.03
258526,-0.04,-0.03
258538,-0.04,-0.03
258550,-0.04,-0.03
258562,-0.04,-0.03
258574,-0.04,-0.03
258586,-0.04,-0.03
258598,-0.04,-0.03
258610,-0.04,-0.03
258622,-0.04,-0.03
258634,-0.04,-0.03
258646,-0.04,-0.03
258658,-0.04,-0.03
258670,-0.05,-0.03
258682,-0.04,-0.03
258694,-0.04,-0.03
258706,-0.04,-0.03
258718,-0.04,-0.03
258730,-0.04,-0.03
258742,-0.04,-0.03
258754,-0.04,-0.03
258766,-0.04,-0.03
258778,-0.04,-0.03
258790,-0.04,-0.03
258802,-0.04,-0.03
258814,-0.04,-0.03
258826,-0.04,-0.03
258838,-0.04,-0.03
258850,-0.04,-0.03
258862,-0.04,-0.03
258874,-0.04,-0.03
258886,-0.04,-0.03
258898,-0.04,-0.03
258910,-0.04,-0.03
258922,-0.04,-0.03
258934,-0.04,-0.03
258946,-0.04,-0.03
258958,-0.04,-0.03
258970,-0.04,-0.03
258982,-0.04,-0.03
258994,-0.04,-0.03
259006,-0.04,-0.03
259018,-0.04,-0.03
259030,-0.04,-0.03
259042,-0.04,-0.03
259054,-0.03,-0.03
259066,-0.03,-0.03
259078,-0.02,-0.03
259090,-0.02,-0.03
259102,-0.02,-0.02
259114,-0.02,-0.02
259126,-0.01,-0.02
259138,-0.01,-0.02
259150,-0.01,-0.01
259162,-0.01,-0.01
259174,-0.01,-0.00
259186,-0.00,0.00
259198,-0.00,0.00
259210,0.00,0.01
259222,0.01,0.01
259234,0.04,0.02
259246,0.05,0.03
259258,0.06,0.04
259270,0.07,0.05
259282,0.08,0.06
259294,0.10,0.07
259306,0.12,0.08
259318,0.14,0.10
259330,0.16,0.11
259342,0.18,0.12
259354,0.21,0.14
259366,0.23,0.18
259378,0.26,0.20
259390,0.29,0.23
259402,0.32,0.26
259414,0.35,0.28
259426,0.38,0.30
259438,0.41,0.32
259450,0.43,0.35
259462,0.46,0.37
259474,0.50,0.40
259486,0.53,0.42
259498,0.56,0.45
259510,0.59,0.47
259522,0.62,0.51
259534,0.66,0.55
259546,0.73,0.62
259558,0.78,0.68
259570,0.78,0.69
259582,0.78,0.68
259594,0.78,0.68
259606,0.78,0.69
259618,0.78,0.69
259630,0.78,0.69
259642,0.78,0.68
259654,0.78,0.69
259666,0.78,0.69
259678,0.78,0.69
259690,0.78,0.69
259702,0.78,0.68
259714,0.78,0.68
259726,0.78,0.69
259738,0.78,0.69
259750,0.78,0.68
259762,0.78,0.69
259774,0.78,0.68
259786,0.78,0.69
259798,0.78,0.69
259810,0.78,0.69
259822,0.78,0.68
259834,0.78,0.69
259846,0.78,0.69
259858,0.78,0.69
259870,0.78,0.69
259882,0.78,0.69
259894,0.78,0.69
259906,0.78,0.68
259918,0.78,0.69
259930,0.78,0.69
259942,0.78,0.69
259954,0.78,0.69
259966,0.78,0.68
259978,0.78,0.69
259990,0.78,0.69
260002,0.78,0.69
260014,0.78,0.68
260026,0.78,0.68
260038,0.78,0.68
260050,0.78,0.69
260062,0.78,0.68
260074,0.78,0.69
260086,0.78,0.69
260098,0.78,0.69
260110,0.78,0.68
260122,0.78,0.68
260134,0.78,0.69
260146,0.78,0.68
260158,0.78,0.69
260170,0.78,0.69
260182,0.78,0.68
260194,0.78,0.68
260206,0.78,0.69
260218,0.78,0.69
260230,0.78,0.69
260242,0.78,0.69
260254,0.78,0.69
260266,0.78,0.69
260278,0.78,0.68
260290,0.78,0.69
260302,0.78,0.69
260314,0.78,0.68
260326,0.78,0.69
260338,0.78,0.69
260350,0.78,0.68
260362,0.78,0.69
260374,0.78,0.68
260386,0.78,0.69
260398,0.78,0.69
260410,0.78,0.69
260422,0.78,0.69
260434,0.78,0.69
260446,0.78,0.69
260458,0.78,0.69
260470,0.77,0.69
260482,0.76,0.69
260494,0.75,0.69
260506,0.74,0.69
260518,0.72,0.69
260530,0.70,0.68
260542,0.67,0.67
260554,0.64,0.63
260566,0.61,0.57
260578,0.57,0.51
260590,0.52,0.45
260602,0.47,0.40
260614,0.42,0.35
260626,0.37,0.30
260638,0.31,0.26
260650,0.26,0.23
260662,0.21,0.19
260674,0.15,0.16
260686,0.11,0.12
260698,0.07,0.08
260710,0.03,0.04
260722,-0.01,0.01
260734,-0.02,0.00
260746,-0.03,-0.01
260758,-0.04,-0.02
260770,-0.04,-0.03
260782,-0.05,-0.03
260794,-0.05,-0.03
260806,-0.05,-0.03
260818,-0.05,-0.03
260830,-0.05,-0.03
260842,-0.05,-0.03
260854,-0.05,-0.03
260866,-0.05,-0.03
260878,-0.05,-0.03
260890,-0.05,-0.03
260902,-0.05,-0.03
260914,-0.05,-0.03
260926,-0.05,-0.03
260938,-0.05,-0.03
260950,-0.05,-0.03
260962,-0.05,-0.03
260974,-0.05,-0.03
260986,-0.05,-0.03
260998,-0.05,-0.03
261010,-0.05,-0.03
261022,-0.05,-0.03
261034,-0.05,-0.03
261046,-0.05,-0.03
261058,-0.05,-0.03
261070,-0.05,-0.03
261082,-0.05,-0.03
261094,-0.05,-0.03
261106,-0.05,-0.03
261118,-0.05,-0.03
261130,-0.05,-0.03
261142,-0.05,-0.03
261154,-0.05,-0.03
261166,-0.05,-0.03
261178,-0.05,-0.03
261190,-0.05,-0.03
261202,-0.05,-0.03
261214,-0.05,-0.03
261226,-0.05,-0.03
261238,-0.05,-0.03
261250,-0.05,-0.03
261262,-0.05,-0.03
261274,-0.05,-0.03
261286,-0.05,-0.03
261298,-0.05,-0.03
261310,-0.05,-0.03
261322,-0.05,-0.03
261334,-0.05,-0.03
261346,-0.05,-0.03
261358,-0.05,-0.03
261370,-0.05,-0.03
261382,-0.05,-0.03
261394,-0.05,-0.03
261406,-0.05,-0.03
261418,-0.05,-0.03
261430,-0.05,-0.03
261442,-0.05,-0.03
261454,-0.05,-0.03
261466,-0.05,-0.03
261478,-0.05,-0.03
261490,-0.05,-0.03
261502,-0.05,-0.03
261514,-0.05,-0.03
261526,-0.05,-0.03
261538,-0.04,-0.03
261550,-0.04,-0.03
261562,-0.04,-0.03
261574,-0.03,-0.03
261586,-0.02,-0.03
261598,-0.02,-0.03
261610,-0.01,-0.03
261622,-0.01,-0.03
261634,-0.01,-0.03
261646,-0.01,-0.03
261658,-0.01,-0.03
261670,-0.01,-0.03
261682,-0.01,-0.03
261694,-0.00,-0.03
261706,0.01,-0.03
261718,0.03,-0.03
261730,0.05,-0.03
261742,0.06,-0.03
261754,0.08,-0.03
261766,0.10,-0.03
261778,0.12,-0.03
261790,0.14,-0.03
261802,0.17,-0.03
261814,0.20,-0.03
261826,0.23,-0.03
261838,0.27,-0.03
261850,0.32,-0.03
261862,0.35,-0.03
261874,0.40,-0.03
261886,0.44,-0.03
261898,0.49,-0.03
261910,0.53,-0.03
261922,0.58,-0.03
261934,0.62,-0.03
261946,0.66,-0.03
261958,0.70,-0.03
261970,0.74,-0.03
261982,0.78,-0.02
261994,0.83,-0.02
262006,0.90,-0.02
262018,0.99,-0.02
262030,0.99,-0.01
262042,0.99,-0.01
262054,0.99,-0.01
262066,0.99,-0.01
262078,0.99,-0.02
262090,0.99,-0.01
262102,0.99,-0.01
262114,0.99,-0.01
262126,0.99,-0.01
262138,0.99,-0.01
262150,0.99,-0.01
262162,0.99,-0.02
262174,0.99,-0.01
262186,0.99,-0.01
262198,0.99,-0.01
262210,0.99,-0.01
262222,0.99,-0.02
262234,0.99,-0.01
262246,0.99,-0.01
262258,0.99,-0.01
262270,0.99,-0.01
262282,0.99,-0.01
262294,0.99,-0.01
262306,0.99,-0.01
262318,0.99,-0.01
262330,0.99,-0.01
262342,0.99,-0.01
262354,0.99,-0.01
262366,0.99,-0.01
262378,0.99,-0.01
262390,0.99,-0.01
262402,0.99,-0.02
262414,0.99,-0.01
262426,0.99,-0.01
262438,0.99,-0.01
262450,0.99,-0.01
262462,0.99,-0.01
262474,0.99,-0.01
262486,0.99,-0.01
262498,0.99,-0.01
262510,0.99,-0.01
262522,0.99,-0.01
262534,1.00,-0.01
262546,0.99,-0.01
262558,0.99,-0.01
262570,1.00,-0.01
262582,0.99,-0.01
262594,0.99,-0.01
262606,0.99,-0.01
262618,1.00,-0.01
262630,1.00,-0.01
262642,1.00,-0.01
262654,0.99,-0.01
262666,0.99,-0.01
262678,1.00,-0.01
262690,0.99,-0.01
262702,1.00,-0.02
262714,1.00,-0.02
262726,1.00,-0.01
262738,0.99,-0.01
262750,1.00,-0.01
262762,1.00,-0.01
262774,1.00,-0.02
262786,1.00,-0.01
262798,1.00,-0.01
262810,1.00,-0.02
262822,1.00,-0.01
262834,1.00,-0.02
262846,1.00,-0.01
262858,1.00,-0.01
262870,1.00,-0.01
262882,1.00,-0.02
262894,1.00,-0.01
262906,0.99,-0.01
262918,0.98,-0.01
262930,0.97,-0.01
262942,0.94,-0.01
262954,0.91,-0.01
262966,0.87,-0.01
262978,0.79,-0.02
262990,0.72,-0.01
263002,0.66,-0.01
263014,0.61,-0.01
263026,0.56,-0.01
263038,0.50,-0.01
263050,0.46,-0.01
263062,0.41,-0.01
263074,0.38,-0.01
263086,0.34,-0.02
263098,0.32,-0.02
263110,0.29,-0.02
263122,0.26,-0.02
263134,0.23,-0.03
263146,0.19,-0.03
263158,0.15,-0.03
263170,0.11,-0.03
263182,0.07,-0.03
263194,0.02,-0.03
263206,-0.01,-0.03
263218,-0.01,-0.03
263230,-0.02,-0.03
263242,-0.03,-0.03
263254,-0.04,-0.03
263266,-0.04,-0.03
263278,-0.05,-0.03
263290,-0.05,-0.03
263302,-0.05,-0.03
263314,-0.05,-0.03
263326,-0.05,-0.03
263338,-0.05,-0.03
263350,-0.05,-0.03
263362,-0.05,-0.03
263374,-0.05,-0.03
263386,-0.05,-0.03
263398,-0.05,-0.03
263410,-0.05,-0.03
263422,-0.05,-0.03
263434,-0.05,-0.03
263446,-0.04,-0.03
263458,-0.05,-0.03
263470,-0.03,-0.03
263482,-0.03,-0.03
263494,-0.03,-0.03
263506,-0.03,-0.03
263518,-0.03,-0.03
263530,-0.03,-0.03
263542,-0.03,-0.03
263554,-0.03,-0.03
263566,-0.03,-0.03
263578,-0.03,-0.03
263590,-0.03,-0.03
263602,-0.03,-0.03
263614,-0.03,-0.03
263626,-0.03,-0.03
263638,-0.03,-0.03
263650,-0.03,-0.03
263662,-0.03,-0.03
263674,-0.03,-0.03
263686,-0.03,-0.03
263698,-0.03,-0.03
263710,-0.03,-0.03
263722,-0.03,-0.03
263734,-0.03,-0.03
263746,-0.03,-0.03
263758,-0.03,-0.03
263770,-0.03,-0.03
263782,-0.03,-0.03
263794,-0.03,-0.03
263806,-0.03,-0.03
263818,-0.03,-0.03
263830,-0.03,-0.03
263842,-0.03,-0.03
263854,-0.03,-0.03
263866,-0.03,-0.03
263878,-0.03,-0.03
263890,-0.03,-0.03
263902,-0.03,-0.03
263914,-0.03,-0.03
263926,-0.03,-0.03
263938,-0.03,-0.03
263950,-0.03,-0.03
263962,-0.03,-0.03
263974,-0.02,-0.03
263986,-0.02,-0.03
263998,-0.02,-0.03
264010,-0.02,-0.04
264022,-0.02,-0.04
264034,-0.02,-0.05
264046,-0.01,-0.05
264058,-0.01,-0.05
264070,-0.01,-0.05
264082,-0.01,-0.06
264094,-0.00,-0.07
264106,-0.00,-0.08
264118,-0.00,-0.09
264130,0.01,-0.09
264142,0.02,-0.10
264154,0.04,-0.12
264166,0.05,-0.12
264178,0.05,-0.13
264190,0.06,-0.15
264202,0.07,-0.16
264214,0.08,-0.18
264226,0.11,-0.20
264238,0.12,-0.22
264250,0.15,-0.24
264262,0.19,-0.28
264274,0.21,-0.29
264286,0.23,-0.32
264298,0.26,-0.33
264310,0.27,-0.36
264322,0.30,-0.38
264334,0.32,-0.40
264346,0.34,-0.43
264358,0.36,-0.44
264370,0.38,-0.47
264382,0.41,-0.51
264394,0.44,-0.55
264406,0.50,-0.61
264418,0.56,-0.69
264430,0.69,-0.80
264442,0.69,-0.80
264454,0.69,-0.80
264466,0.69,-0.80
264478,0.69,-0.80
264490,0.69,-0.80
264502,0.69,-0.80
264514,0.69,-0.80
264526,0.69,-0.80
264538,0.69,-0.80
264550,0.69,-0.80
264562,0.69,-0.80
264574,0.69,-0.80
264586,0.69,-0.80
264598,0.69,-0.80
264610,0.69,-0.80
264622,0.69,-0.80
264634,0.69,-0.80
264646,0.69,-0.80
264658,0.69,-0.80
264670,0.69,-0.80
264682,0.69,-0.80
264694,0.69,-0.80
264706,0.69,-0.80
264718,0.69,-0.80
264730,0.69,-0.80
264742,0.69,-0.80
264754,0.69,-0.80
264766,0.69,-0.80
264778,0.69,-0.80
264790,0.69,-0.80
264802,0.69,-0.80
264814,0.69,-0.80
264826,0.69,-0.80
264838,0.69,-0.80
264850,0.69,-0.80
264862,0.69,-0.80
264874,0.69,-0.80
264886,0.69,-0.80
264898,0.69,-0.80
264910,0.69,-0.80
264922,0.69,-0.80
264934,0.69,-0.80
264946,0.69,-0.80
264958,0.69,-0.80
264970,0.69,-0.80
264982,0.69,-0.80
264994,0.69,-0.80
265006,0.69,-0.80
265018,0.69,-0.80
265030,0.69,-0.80
265042,0.69,-0.80
265054,0.69,-0.80
265066,0.69,-0.80
265078,0.69,-0.80
265090,0.69,-0.80
265102,0.69,-0.80
265114,0.69,-0.80
265126,0.69,-0.80
265138,0.69,-0.80
265150,0.69,-0.80
265162,0.69,-0.80
265174,0.69,-0.80
265186,0.69,-0.80
265198,0.69,-0.80
265210,0.69,-0.80
265222,0.69,-0.80
265234,0.69,-0.80
265246,0.69,-0.80
265258,0.69,-0.80
265270,0.69,-0.80
265282,0.69,-0.80
265294,0.69,-0.80
265306,0.69,-0.80
265318,0.69,-0.80
265330,0.69,-0.80
265342,0.69,-0.81
265354,0.69,-0.82
265366,0.69,-0.81
265378,0.68,-0.82
265390,0.68,-0.82
265402,0.68,-0.82
265414,0.67,-0.82
265426,0.67,-0.82
265438,0.67,-0.82
265450,0.67,-0.82
265462,0.67,-0.82
265474,0.66,-0.82
265486,0.66,-0.81
265498,0.66,-0.81
265510,0.65,-0.81
265522,0.64,-0.81
265534,0.64,-0.81
265546,0.64,-0.80
265558,0.64,-0.80
265570,0.64,-0.80
265582,0.64,-0.79
265594,0.63,-0.78
265606,0.60,-0.74
265618,0.52,-0.65
265630,0.41,-0.52
265642,0.28,-0.40
265654,0.19,-0.29
265666,0.12,-0.21
265678,0.05,-0.13
265690,-0.00,-0.08
265702,-0.01,-0.07
265714,-0.01,-0.07
265726,-0.02,-0.07
265738,-0.03,-0.07
265750,-0.03,-0.07
265762,-0.03,-0.07
265774,-0.04,-0.07
265786,-0.04,-0.06
265798,-0.04,-0.06
265810,-0.04,-0.06
265822,-0.04,-0.05
265834,-0.04,-0.06
265846,-0.04,-0.05
265858,-0.04,-0.05
265870,-0.04,-0.05
265882,-0.04,-0.05
265894,-0.04,-0.05
265906,-0.04,-0.05
265918,-0.04,-0.05
265930,-0.04,-0.05
265942,-0.04,-0.05
265954,-0.04,-0.04
265966,-0.04,-0.04
265978,-0.04,-0.04
265990,-0.04,-0.04
266002,-0.04,-0.04
266014,-0.04,-0.04
266026,-0.04,-0.04
266038,-0.04,-0.04
266050,-0.04,-0.04
266062,-0.04,-0.04
266074,-0.04,-0.04
266086,-0.04,-0.04
266098,-0.04,-0.04
266110,-0.04,-0.04
266122,-0.04,-0.04
266134,-0.04,-0.04
266146,-0.04,-0.04
266158,-0.04,-0.04
266170,-0.04,-0.04
266182,-0.04,-0.04
266194,-0.04,-0.04
266206,-0.04,-0.04
266218,-0.04,-0.04
266230,-0.04,-0.04
266242,-0.04,-0.04
266254,-0.04,-0.04
266266,-0.04,-0.04
266278,-0.04,-0.04
266290,-0.04,-0.04
266302,-0.04,-0.04
266314,-0.04,-0.04
266326,-0.04,-0.04
266338,-0.04,-0.04
266350,-0.04,-0.04
266362,-0.04,-0.04
266374,-0.04,-0.04
266386,-0.04,-0.04
266398,-0.04,-0.04
266410,-0.04,-0.04
266422,-0.04,-0.04
266434,-0.04,-0.04
266446,-0.04,-0.04
266458,-0.04,-0.04
266470,-0.04,-0.04
266482,-0.04,-0.04
266494,-0.04,-0.04
266506,-0.04,-0.04
266518,-0.04,-0.04
266530,-0.04,-0.04
266542,-0.04,-0.04
266554,-0.04,-0.04
266566,-0.04,-0.04
266578,-0.04,-0.05
266590,-0.04,-0.05
266602,-0.04,-0.06
266614,-0.04,-0.06
266626,-0.04,-0.06
266638,-0.04,-0.07
266650,-0.04,-0.07
266662,-0.04,-0.08
266674,-0.04,-0.08
266686,-0.04,-0.09
266698,-0.04,-0.09
266710,-0.04,-0.10
266722,-0.04,-0.12
266734,-0.04,-0.14
266746,-0.04,-0.17
266758,-0.04,-0.20
266770,-0.04,-0.25
266782,-0.04,-0.29
266794,-0.04,-0.35
266806,-0.04,-0.39
266818,-0.04,-0.43
266830,-0.04,-0.47
266842,-0.04,-0.51
266854,-0.04,-0.54
266866,-0.04,-0.57
266878,-0.04,-0.61
266890,-0.04,-0.63
266902,-0.04,-0.68
266914,-0.04,-0.71
266926,-0.04,-0.75
266938,-0.04,-0.79
266950,-0.04,-0.81
266962,-0.04,-0.87
266974,-0.04,-0.92
266986,-0.04,-0.95
266998,-0.04,-0.96
267010,-0.04,-0.97
267022,-0.04,-0.97
267034,-0.05,-0.97
267046,-0.07,-0.97
267058,-0.08,-0.98
267070,-0.08,-0.98
267082,-0.09,-0.98
267094,-0.09,-0.98
267106,-0.09,-0.98
267118,-0.09,-0.98
267130,-0.10,-0.98
267142,-0.10,-0.98
267154,-0.11,-0.98
267166,-0.12,-0.98
267178,-0.13,-0.98
267190,-0.14,-0.98
267202,-0.15,-0.98
267214,-0.16,-0.98
267226,-0.17,-0.98
267238,-0.17,-0.99
267250,-0.18,-0.99
267262,-0.18,-0.99
267274,-0.18,-0.99
267286,-0.18,-0.99
267298,-0.18,-0.99
267310,-0.18,-0.99
267322,-0.18,-0.99
267334,-0.18,-0.99
267346,-0.18,-0.99
267358,-0.17,-0.98
267370,-0.18,-0.99
267382,-0.18,-0.99
267394,-0.18,-0.98
267406,-0.18,-0.99
267418,-0.18,-0.99
267430,-0.19,-0.99
267442,-0.19,-0.98
267454,-0.19,-0.98
267466,-0.19,-0.98
267478,-0.19,-0.97
267490,-0.19,-0.96
267502,-0.19,-0.96
267514,-0.19,-0.96
267526,-0.19,-0.96
267538,-0.19,-0.96
267550,-0.19,-0.96
267562,-0.19,-0.96
267574,-0.19,-0.96
267586,-0.19,-0.96
267598,-0.19,-0.96
267610,-0.19,-0.96
267622,-0.19,-0.96
267634,-0.19,-0.96
267646,-0.19,-0.96
267658,-0.19,-0.96
267670,-0.19,-0.96
267682,-0.19,-0.96
267694,-0.19,-0.96
267706,-0.19,-0.96
267718,-0.19,-0.96
267730,-0.19,-0.96
267742,-0.19,-0.96
267754,-0.19,-0.96
267766,-0.19,-0.96
267778,-0.19,-0.96
267790,-0.19,-0.96
267802,-0.19,-0.96
267814,-0.19,-0.96
267826,-0.19,-0.96
267838,-0.19,-0.96
267850,-0.19,-0.96
267862,-0.19,-0.96
267874,-0.19,-0.96
267886,-0.19,-0.96
267898,-0.19,-0.96
267910,-0.19,-0.96
267922,-0.19,-0.96
267934,-0.19,-0.96
267946,-0.19,-0.96
267958,-0.19,-0.96
267970,-0.19,-0.96
267982,-0.19,-0.96
267994,-0.19,-0.96
268006,-0.19,-0.96
268018,-0.19,-0.95
268030,-0.19,-0.93
268042,-0.19,-0.91
268054,-0.19,-0.89
268066,-0.19,-0.85
268078,-0.19,-0.79
268090,-0.19,-0.73
268102,-0.19,-0.67
268114,-0.19,-0.60
268126,-0.19,-0.53
268138,-0.18,-0.46
268150,-0.18,-0.40
268162,-0.17,-0.33
268174,-0.16,-0.28
268186,-0.15,-0.21
268198,-0.13,-0.17
268210,-0.10,-0.12
268222,-0.10,-0.08
268234,-0.08,-0.07
268246,-0.08,-0.05
268258,-0.07,-0.05
268270,-0.07,-0.05
268282,-0.07,-0.04
268294,-0.07,-0.04
268306,-0.07,-0.04
268318,-0.07,-0.04
268330,-0.07,-0.04
268342,-0.07,-0.04
268354,-0.07,-0.04
268366,-0.07,-0.04
268378,-0.07,-0.04
268390,-0.07,-0.03
268402,-0.06,-0.03
268414,-0.05,-0.03
268426,-0.05,-0.03
268438,-0.04,-0.03
268450,-0.04,-0.03
268462,-0.04,-0.03
268474,-0.04,-0.03
268486,-0.04,-0.03
268498,-0.04,-0.03
268510,-0.04,-0.03
268522,-0.04,-0.03
268534,-0.04,-0.03
268546,-0.04,-0.03
268558,-0.04,-0.03
268570,-0.04,-0.03
268582,-0.04,-0.03
268594,-0.04,-0.03
268606,-0.04,-0.03
268618,-0.04,-0.03
268630,-0.04,-0.03
268642,-0.04,-0.03
268654,-0.04,-0.03
268666,-0.04,-0.03
268678,-0.04,-0.03
268690,-0.04,-0.03
268702,-0.04,-0.03
268714,-0.04,-0.03
268726,-0.04,-0.03
268738,-0.04,-0.03
268750,-0.04,-0.03
268762,-0.04,-0.03
268774,-0.04,-0.03
268786,-0.04,-0.03
268798,-0.04,-0.03
268810,-0.04,-0.03
268822,-0.04,-0.03
268834,-0.04,-0.03
268846,-0.04,-0.03
268858,-0.04,-0.03
268870,-0.04,-0.03
268882,-0.04,-0.03
268894,-0.04,-0.03
268906,-0.04,-0.03
268918,-0.04,-0.03
268930,-0.04,-0.03
268942,-0.04,-0.03
268954,-0.04,-0.03
268966,-0.04,-0.03
268978,-0.04,-0.03
268990,-0.04,-0.03
269002,-0.04,-0.03
269014,-0.04,-0.03
269026,-0.04,-0.03
269038,-0.04,-0.04
269050,-0.04,-0.04
269062,-0.04,-0.05
269074,-0.04,-0.05
269086,-0.05,-0.05
269098,-0.05,-0.05
269110,-0.06,-0.06
269122,-0.07,-0.06
269134,-0.08,-0.06
269146,-0.08,-0.07
269158,-0.09,-0.07
269170,-0.10,-0.07
269182,-0.10,-0.08
269194,-0.10,-0.09
269206,-0.12,-0.11
269218,-0.13,-0.12
269230,-0.16,-0.14
269242,-0.18,-0.17
269254,-0.20,-0.19
269266,-0.23,-0.21
269278,-0.25,-0.24
269290,-0.29,-0.26
269302,-0.30,-0.28
269314,-0.33,-0.30
269326,-0.35,-0.32
269338,-0.38,-0.35
269350,-0.40,-0.37
269362,-0.41,-0.39
269374,-0.44,-0.41
269386,-0.46,-0.44
269398,-0.48,-0.45
269410,-0.51,-0.47
269422,-0.53,-0.48
269434,-0.55,-0.50
269446,-0.58,-0.52
269458,-0.60,-0.53
269470,-0.62,-0.55
269482,-0.65,-0.56
269494,-0.67,-0.57
269506,-0.70,-0.60
269518,-0.73,-0.62
269530,-0.76,-0.64
269542,-0.80,-0.69
269554,-0.83,-0.69
269566,-0.83,-0.70
269578,-0.83,-0.70
269590,-0.83,-0.70
269602,-0.84,-0.70
269614,-0.83,-0.70
269626,-0.84,-0.70
269638,-0.84,-0.70
269650,-0.83,-0.70
269662,-0.84,-0.70
269674,-0.84,-0.70
269686,-0.83,-0.70
269698,-0.84,-0.70
269710,-0.83,-0.70
269722,-0.83,-0.71
269734,-0.84,-0.71
269746,-0.83,-0.71
269758,-0.83,-0.71
269770,-0.84,-0.71
269782,-0.83,-0.71
269794,-0.83,-0.71
269806,-0.83,-0.71
269818,-0.83,-0.71
269830,-0.84,-0.71
269842,-0.83,-0.71
269854,-0.83,-0.71
269866,-0.83,-0.71
269878,-0.83,-0.71
269890,-0.83,-0.71
269902,-0.83,-0.71
269914,-0.83,-0.71
269926,-0.83,-0.71
269938,-0.83,-0.71
269950,-0.83,-0.71
269962,-0.83,-0.71
269974,-0.84,-0.71
269986,-0.83,-0.71
269998,-0.83,-0.71
270010,-0.83,-0.71
270022,-0.84,-0.71
270034,-0.83,-0.71
270046,-0.83,-0.71
270058,-0.84,-0.71
270070,-0.83,-0.71
270082,-0.83,-0.71
270094,-0.83,-0.71
270106,-0.83,-0.71
270118,-0.83,-0.71
270130,-0.83,-0.71
270142,-0.83,-0.71
270154,-0.84,-0.71
270166,-0.83,-0.71
270178,-0.83,-0.71
270190,-0.83,-0.71
270202,-0.83,-0.71
270214,-0.83,-0.71
270226,-0.83,-0.71
270238,-0.83,-0.71
270250,-0.84,-0.71
270262,-0.84,-0.71
270274,-0.83,-0.71
270286,-0.83,-0.71
270298,-0.83,-0.71
270310,-0.83,-0.71
270322,-0.83,-0.71
270334,-0.83,-0.71
270346,-0.83,-0.71
270358,-0.83,-0.71
270370,-0.83,-0.71
270382,-0.83,-0.71
270394,-0.83,-0.71
270406,-0.83,-0.71
270418,-0.83,-0.71
270430,-0.83,-0.71
270442,-0.84,-0.71
270454,-0.83,-0.71
270466,-0.83,-0.71
270478,-0.83,-0.71
270490,-0.84,-0.71
270502,-0.83,-0.71
270514,-0.83,-0.71
270526,-0.83,-0.71
270538,-0.84,-0.71
270550,-0.83,-0.71
270562,-0.83,-0.71
270574,-0.84,-0.71
270586,-0.83,-0.71
270598,-0.82,-0.71
270610,-0.81,-0.71
270622,-0.80,-0.70
270634,-0.80,-0.70
270646,-0.78,-0.70
270658,-0.76,-0.70
270670,-0.74,-0.69
270682,-0.72,-0.68
270694,-0.69,-0.65
270706,-0.65,-0.61
270718,-0.61,-0.57
270730,-0.58,-0.55
270742,-0.53,-0.52
270754,-0.50,-0.48
270766,-0.44,-0.45
270778,-0.39,-0.41
270790,-0.34,-0.38
270802,-0.30,-0.33
270814,-0.24,-0.29
270826,-0.20,-0.25
270838,-0.16,-0.21
270850,-0.12,-0.17
270862,-0.10,-0.13
270874,-0.09,-0.10
270886,-0.06,-0.08
270898,-0.05,-0.08
270910,-0.05,-0.07
270922,-0.04,-0.07
270934,-0.04,-0.06
270946,-0.03,-0.05
270958,-0.03,-0.05
270970,-0.03,-0.05
270982,-0.03,-0.04
270994,-0.03,-0.04
271006,-0.03,-0.04
271018,-0.03,-0.03
271030,-0.03,-0.03
271042,-0.03,-0.03
271054,-0.03,-0.03
271066,-0.03,-0.03
271078,-0.03,-0.03
271090,-0.03,-0.03
271102,-0.03,-0.03
271114,-0.03,-0.03
271126,-0.03,-0.03
271138,-0.03,-0.03
271150,-0.03,-0.03
271162,-0.03,-0.03
271174,-0.03,-0.03
271186,-0.03,-0.03
271198,-0.03,-0.03
271210,-0.03,-0.03
271222,-0.03,-0.03
271234,-0.03,-0.03
271246,-0.03,-0.03
271258,-0.03,-0.03
271270,-0.03,-0.03
271282,-0.03,-0.03
271294,-0.03,-0.03
271306,-0.03,-0.03
271318,-0.03,-0.03
271330,-0.03,-0.03
271342,-0.03,-0.03
271354,-0.03,-0.03
271366,-0.03,-0.03
271378,-0.03,-0.03
271390,-0.03,-0.03
271402,-0.03,-0.03
271414,-0.03,-0.03
271426,-0.03,-0.03
271438,-0.03,-0.03
271450,-0.03,-0.03
271462,-0.03,-0.03
271474,-0.03,-0.03
271486,-0.03,-0.03
271498,-0.03,-0.03
271510,-0.03,-0.03
271522,-0.03,-0.03
271534,-0.03,-0.03
271546,-0.03,-0.03
271558,-0.03,-0.03
271570,-0.03,-0.03
271582,-0.03,-0.03
271594,-0.03,-0.03
271606,-0.03,-0.03
271618,-0.03,-0.03
271630,-0.03,-0.03
271642,-0.03,-0.03
271654,-0.03,-0.03
271666,-0.04,-0.03
271678,-0.05,-0.03
271690,-0.04,-0.03
271702,-0.04,-0.03
271714,-0.04,-0.03
271726,-0.05,-0.03
271738,-0.05,-0.03
271750,-0.05,-0.03
271762,-0.05,-0.03
271774,-0.06,-0.03
271786,-0.06,-0.03
271798,-0.06,-0.03
271810,-0.06,-0.03
271822,-0.07,-0.03
271834,-0.07,-0.03
271846,-0.08,-0.03
271858,-0.09,-0.03
271870,-0.10,-0.03
271882,-0.10,-0.04
271894,-0.12,-0.05
271906,-0.14,-0.05
271918,-0.16,-0.05
271930,-0.17,-0.06
271942,-0.20,-0.06
271954,-0.23,-0.06
271966,-0.24,-0.06
271978,-0.27,-0.07
271990,-0.30,-0.06
272002,-0.33,-0.06
272014,-0.37,-0.07
272026,-0.39,-0.06
272038,-0.41,-0.06
272050,-0.43,-0.06
272062,-0.46,-0.06
272074,-0.48,-0.06
272086,-0.48,-0.06
272098,-0.50,-0.06
272110,-0.52,-0.06
272122,-0.53,-0.07
272134,-0.55,-0.06
272146,-0.58,-0.06
272158,-0.60,-0.06
272170,-0.61,-0.06
272182,-0.64,-0.06
272194,-0.66,-0.06
272206,-0.70,-0.06
272218,-0.71,-0.07
272230,-0.74,-0.07
272242,-0.75,-0.07
272254,-0.78,-0.07
272266,-0.80,-0.07
272278,-0.84,-0.08
272290,-0.88,-0.07
272302,-0.94,-0.07
272314,-0.99,-0.06
272326,-1.00,-0.06
272338,-1.00,-0.06
272350,-1.00,-0.06
272362,-1.00,-0.06
272374,-1.00,-0.06
272386,-1.00,-0.06
272398,-1.00,-0.06
272410,-1.00,-0.06
272422,-1.00,-0.06
272434,-1.00,-0.06
272446,-1.00,-0.06
272458,-1.00,-0.06
272470,-1.00,-0.06
272482,-1.00,-0.06
272494,-1.00,-0.06
272506,-1.00,-0.06
272518,-1.00,-0.06
272530,-1.00,-0.06
272542,-1.00,-0.06
272554,-1.00,-0.06
272566,-1.00,-0.06
272578,-1.00,-0.06
272590,-1.00,-0.06
272602,-1.00,-0.06
272614,-1.00,-0.06
272626,-1.00,-0.06
272638,-1.00,-0.06
272650,-1.00,-0.06
272662,-1.00,-0.06
272674,-1.00,-0.06
272686,-1.00,-0.06
272698,-1.00,-0.06
272710,-1.00,-0.06
272722,-1.00,-0.06
272734,-1.00,-0.06
272746,-1.00,-0.06
272758,-1.00,-0.06
272770,-1.00,-0.06
272782,-1.00,-0.06
272794,-1.00,-0.06
272806,-1.00,-0.06
272818,-1.00,-0.06
272830,-1.00,-0.06
272842,-1.00,-0.06
272854,-1.00,-0.06
272866,-1.00,-0.06
272878,-1.00,-0.06
272890,-1.00,-0.06
272902,-1.00,-0.06
272914,-1.00,-0.06
272926,-1.00,-0.06
272938,-1.00,-0.06
272950,-1.00,-0.06
272962,-1.00,-0.06
272974,-1.00,-0.06
272986,-1.00,-0.06
272998,-1.00,-0.06
273010,-1.00,-0.06
273022,-1.00,-0.06
273034,-1.00,-0.06
273046,-1.00,-0.06
273058,-1.00,-0.06
273070,-1.00,-0.06
273082,-1.00,-0.06
273094,-1.00,-0.06
273106,-0.98,-0.06
273118,-0.95,-0.06
273130,-0.91,-0.06
273142,-0.85,-0.07
273154,-0.78,-0.08
273166,-0.72,-0.09
273178,-0.66,-0.09
273190,-0.61,-0.09
273202,-0.55,-0.09
273214,-0.50,-0.09
273226,-0.43,-0.09
273238,-0.38,-0.09
273250,-0.31,-0.09
273262,-0.26,-0.09
273274,-0.21,-0.09
273286,-0.16,-0.09
273298,-0.10,-0.08
273310,-0.09,-0.07
273322,-0.07,-0.06
273334,-0.06,-0.06
273346,-0.05,-0.06
273358,-0.04,-0.06
273370,-0.03,-0.06
273382,-0.03,-0.05
273394,-0.03,-0.05
273406,-0.03,-0.05
273418,-0.02,-0.05
273430,-0.02,-0.05
273442,-0.02,-0.05
273454,-0.02,-0.05
273466,-0.02,-0.05
273478,-0.03,-0.05
273490,-0.02,-0.05
273502,-0.02,-0.05
273514,-0.02,-0.05
273526,-0.02,-0.04
273538,-0.02,-0.04
273550,-0.02,-0.04
273562,-0.02,-0.04
273574,-0.02,-0.04
273586,-0.02,-0.04
273598,-0.02,-0.04
273610,-0.02,-0.04
273622,-0.02,-0.04
273634,-0.02,-0.04
273646,-0.02,-0.04
273658,-0.02,-0.04
273670,-0.02,-0.04
273682,-0.02,-0.04
273694,-0.02,-0.04
273706,-0.02,-0.04
273718,-0.02,-0.04
273730,-0.02,-0.04
273742,-0.02,-0.04
273754,-0.02,-0.04
273766,-0.02,-0.04
273778,-0.02,-0.04
273790,-0.02,-0.04
273802,-0.02,-0.04
273814,-0.02,-0.04
273826,-0.02,-0.04
273838,-0.02,-0.04
273850,-0.02,-0.04
273862,-0.02,-0.04
273874,-0.02,-0.04
273886,-0.02,-0.04
273898,-0.02,-0.04
273910,-0.02,-0.04
273922,-0.02,-0.04
273934,-0.02,-0.04
273946,-0.02,-0.04
273958,-0.02,-0.04
273970,-0.02,-0.04
273982,-0.02,-0.04
273994,-0.02,-0.04
274006,-0.02,-0.04
274018,-0.02,-0.04
274030,-0.02,-0.04
274042,-0.02,-0.04
274054,-0.02,-0.04
274066,-0.02,-0.04
274078,-0.02,-0.04
274090,-0.02,-0.04
274102,-0.02,-0.04
274114,-0.02,-0.04
274126,-0.02,-0.04
274138,-0.02,-0.04
274150,-0.03,-0.04
274162,-0.03,-0.03
274174,-0.03,-0.03
274186,-0.04,-0.03
274198,-0.04,-0.03
274210,-0.04,-0.03
274222,-0.04,-0.03
274234,-0.04,-0.03
274246,-0.04,-0.03
274258,-0.04,-0.03
274270,-0.04,-0.02
274282,-0.05,-0.02
274294,-0.05,-0.01
274306,-0.05,-0.01
274318,-0.05,-0.01
274330,-0.06,-0.00
274342,-0.06,-0.00
274354,-0.06,-0.00
274366,-0.07,0.00
274378,-0.06,0.00
274390,-0.07,0.00
274402,-0.06,0.00
274414,-0.07,0.00
274426,-0.07,0.01
274438,-0.07,0.01
274450,-0.07,0.01
274462,-0.08,0.02
274474,-0.09,0.02
274486,-0.09,0.02
274498,-0.10,0.03
274510,-0.10,0.04
274522,-0.10,0.05
274534,-0.10,0.06
274546,-0.10,0.08
274558,-0.11,0.11
274570,-0.12,0.11
274582,-0.13,0.14
274594,-0.15,0.18
274606,-0.16,0.21
274618,-0.17,0.24
274630,-0.19,0.26
274642,-0.20,0.30
274654,-0.22,0.32
274666,-0.23,0.35
274678,-0.24,0.38
274690,-0.26,0.41
274702,-0.27,0.43
274714,-0.30,0.45
274726,-0.30,0.47
274738,-0.31,0.50
274750,-0.33,0.52
274762,-0.34,0.54
274774,-0.37,0.55
274786,-0.38,0.57
274798,-0.40,0.60
274810,-0.42,0.62
274822,-0.44,0.66
274834,-0.48,0.68
274846,-0.50,0.73
274858,-0.55,0.81
274870,-0.60,0.88
274882,-0.60,0.88
274894,-0.60,0.88
274906,-0.60,0.88
274918,-0.60,0.88
274930,-0.60,0.88
274942,-0.60,0.88
274954,-0.60,0.88
274966,-0.60,0.88
274978,-0.60,0.88
274990,-0.60,0.88
275002,-0.60,0.88
275014,-0.60,0.88
275026,-0.60,0.88
275038,-0.60,0.88
275050,-0.60,0.88
275062,-0.60,0.88
275074,-0.60,0.88
275086,-0.60,0.88
275098,-0.60,0.88
275110,-0.60,0.88
275122,-0.60,0.88
275134,-0.60,0.88
275146,-0.60,0.88
275158,-0.60,0.88
275170,-0.60,0.88
275182,-0.60,0.88
275194,-0.60,0.88
275206,-0.60,0.88
275218,-0.60,0.88
275230,-0.60,0.88
275242,-0.60,0.88
275254,-0.60,0.88
275266,-0.60,0.88
275278,-0.60,0.88
275290,-0.60,0.88
275302,-0.60,0.88
275314,-0.60,0.88
275326,-0.60,0.88
275338,-0.60,0.88
275350,-0.60,0.88
275362,-0.60,0.88
275374,-0.60,0.88
275386,-0.60,0.88
275398,-0.60,0.88
275410,-0.60,0.88
275422,-0.60,0.88
275434,-0.60,0.88
275446,-0.60,0.88
275458,-0.60,0.88
275470,-0.60,0.88
275482,-0.60,0.88
275494,-0.60,0.88
275506,-0.60,0.88
275518,-0.60,0.88
275530,-0.60,0.88
275542,-0.60,0.88
275554,-0.60,0.88
275566,-0.60,0.88
275578,-0.60,0.88
275590,-0.60,0.88
275602,-0.60,0.88
275614,-0.60,0.88
275626,-0.60,0.88
275638,-0.60,0.88
275650,-0.60,0.88
275662,-0.60,0.88
275674,-0.60,0.88
275686,-0.60,0.88
275698,-0.60,0.88
275710,-0.60,0.88
275722,-0.60,0.88
275734,-0.60,0.88
275746,-0.60,0.88
275758,-0.60,0.88
275770,-0.60,0.88
275782,-0.60,0.88
275794,-0.60,0.88
275806,-0.60,0.88
275818,-0.60,0.88
275830,-0.60,0.88
275842,-0.60,0.88
275854,-0.60,0.88
275866,-0.60,0.88
275878,-0.59,0.86
275890,-0.55,0.81
275902,-0.44,0.67
275914,-0.27,0.45
275926,-0.12,0.23
275938,-0.05,0.05
275950,-0.04,0.01
275962,-0.04,0.01
275974,-0.04,0.00
275986,-0.03,-0.00
275998,-0.03,-0.01
276010,-0.03,-0.02
276022,-0.03,-0.02
276034,-0.02,-0.03
276046,-0.02,-0.03
276058,-0.02,-0.03
276070,-0.02,-0.04
276082,-0.01,-0.05
276094,-0.01,-0.06
276106,-0.01,-0.06
276118,-0.01,-0.06
276130,-0.01,-0.06
276142,-0.00,-0.06
276154,-0.00,-0.06
276166,-0.01,-0.06
276178,-0.01,-0.06
276190,-0.00,-0.06
276202,-0.00,-0.06
276214,-0.00,-0.06
276226,-0.01,-0.06
276238,-0.00,-0.06
276250,-0.00,-0.06
276262,-0.00,-0.06
276274,-0.00,-0.06
276286,-0.01,-0.06
276298,-0.00,-0.06
276310,-0.01,-0.05
276322,-0.00,-0.05
276334,-0.00,-0.05
276346,-0.00,-0.05
276358,-0.00,-0.04
276370,-0.00,-0.04
276382,-0.00,-0.04
276394,-0.00,-0.04
276406,-0.00,-0.04
276418,-0.00,-0.04
276430,-0.00,-0.03
276442,-0.00,-0.04
276454,-0.00,-0.03
276466,-0.00,-0.03
276478,-0.00,-0.04
276490,-0.00,-0.03
276502,-0.00,-0.03
276514,-0.00,-0.03
276526,-0.00,-0.03
276538,-0.00,-0.03
276550,-0.00,-0.03
276562,-0.00,-0.03
276574,-0.00,-0.03
276586,-0.00,-0.03
276598,-0.00,-0.03
276610,-0.01,-0.03
276622,-0.01,-0.03
276634,-0.01,-0.03
276646,-0.01,-0.03
276658,-0.01,-0.03
276670,-0.01,-0.03
276682,-0.01,-0.03
276694,-0.01,-0.03
276706,-0.01,-0.03
276718,-0.01,-0.03
276730,-0.01,-0.03
276742,-0.01,-0.03
276754,-0.01,-0.03
276766,-0.01,-0.03
276778,-0.01,-0.03
276790,-0.01,-0.03
276802,-0.01,-0.03
276814,-0.01,-0.03
276826,-0.01,-0.03
276838,-0.01,-0.03
276850,-0.01,-0.03
276862,-0.01,-0.03
276874,-0.01,-0.03
276886,-0.01,-0.03
276898,-0.01,-0.03
276910,-0.01,-0.03
276922,-0.01,-0.03
276934,-0.01,-0.03
276946,-0.01,-0.03
276958,-0.01,-0.03
276970,-0.02,-0.03
276982,-0.02,-0.03
276994,-0.02,-0.03
277006,-0.02,-0.03
277018,-0.02,-0.03
277030,-0.02,-0.03
277042,-0.02,-0.03
277054,-0.02,-0.03
277066,-0.02,-0.03
277078,-0.02,-0.03
277090,-0.02,-0.03
277102,-0.02,-0.03
277114,-0.02,-0.03
277126,-0.02,-0.03
277138,-0.02,-0.03
277150,-0.02,-0.03
277162,-0.02,-0.03
277174,-0.02,-0.03
277186,-0.02,-0.03
277198,-0.02,-0.03
277210,-0.02,-0.03
277222,-0.02,-0.03
277234,-0.02,-0.03
277246,-0.02,-0.03
277258,-0.02,-0.03
277270,-0.02,-0.03
277282,-0.02,-0.03
277294,-0.02,-0.03
277306,-0.02,-0.03
277318,-0.02,-0.03
277330,-0.02,-0.03
277342,-0.02,-0.03
277354,-0.02,-0.03
277366,-0.02,-0.03
277378,-0.02,-0.03
277390,-0.02,-0.03
277402,-0.02,-0.03
277414,-0.02,-0.03
277426,-0.02,-0.03
277438,-0.02,-0.03
277450,-0.02,-0.03
277462,-0.02,-0.03
277474,-0.02,-0.03
277486,-0.02,-0.03
277498,-0.02,-0.03
277510,-0.02,-0.03
277522,-0.02,-0.03
277534,-0.02,-0.03
277546,-0.02,-0.03
277558,-0.02,-0.03
277570,-0.02,-0.03
277582,-0.02,-0.03
277594,-0.02,-0.03
277606,-0.02,-0.03
277618,-0.03,-0.03
277630,-0.02,-0.03
277642,-0.02,-0.03
277654,-0.02,-0.03
277666,-0.02,-0.03
277678,-0.02,-0.03
277690,-0.02,-0.03
277702,-0.02,-0.03
277714,-0.02,-0.03
277726,-0.02,-0.03
277738,-0.02,-0.03
277750,-0.02,-0.03
277762,-0.02,-0.03
277774,-0.02,-0.03
277786,-0.02,-0.03
277798,-0.02,-0.03
277810,-0.02,-0.03
277822,-0.02,-0.03
277834,-0.02,-0.03
277846,-0.02,-0.03
277858,-0.02,-0.03
277870,-0.02,-0.03
277882,-0.02,-0.03
277894,-0.02,-0.03
277906,-0.02,-0.03
277918,-0.02,-0.03
277930,-0.02,-0.03
277942,-0.02,-0.03
277954,-0.02,-0.03
277966,-0.02,-0.03
277978,-0.02,-0.03
277990,-0.02,-0.03
278002,-0.02,-0.03
278014,-0.02,-0.03
278026,-0.02,-0.03
278038,-0.02,-0.03
278050,-0.02,-0.03
278062,-0.02,-0.03
278074,-0.02,-0.03
278086,-0.02,-0.03
278098,-0.02,-0.03
278110,-0.02,-0.03
278122,-0.02,-0.03
278134,-0.02,-0.03
278146,-0.02,-0.03
278158,-0.02,-0.03
278170,-0.02,-0.03
278182,-0.02,-0.03
278194,-0.02,-0.03
278206,-0.02,-0.03
278218,-0.02,-0.03
278230,-0.02,-0.03
278242,-0.02,-0.03
278254,-0.02,-0.03
278266,-0.02,-0.03
278278,-0.02,-0.03
278290,-0.02,-0.03
278302,-0.02,-0.03
278314,-0.02,-0.03
278326,-0.02,-0.03
278338,-0.02,-0.03
278350,-0.02,-0.03
278362,-0.02,-0.03
278374,-0.02,-0.03
278386,-0.02,-0.03
278398,-0.02,-0.03
278410,-0.02,-0.03
278422,-0.02,-0.03
278434,-0.02,-0.03
278446,-0.02,-0.03
278458,-0.02,-0.03
278470,-0.02,-0.03
278482,-0.02,-0.03
278494,-0.02,-0.03
278506,-0.02,-0.03
278518,-0.02,-0.03
278530,-0.02,-0.03
278542,-0.02,-0.03
278554,-0.02,-0.03
278566,-0.02,-0.03
278578,-0.02,-0.03
278590,-0.02,-0.03
278602,-0.02,-0.03
278614,-0.02,-0.03
278626,-0.02,-0.03
278638,-0.02,-0.03
278650,-0.02,-0.03
278662,-0.02,-0.03
278674,-0.02,-0.03
278686,-0.02,-0.03
278698,-0.02,-0.03
278710,-0.02,-0.03
278722,-0.02,-0.03
278734,-0.02,-0.03
278746,-0.02,-0.03
278758,-0.02,-0.03
278770,-0.02,-0.03
278782,-0.02,-0.03
278794,-0.02,-0.03
278806,-0.02,-0.03
278818,-0.02,-0.03
278830,-0.02,-0.03
278842,-0.02,-0.03
278854,-0.02,-0.03
278866,-0.02,-0.03
278878,-0.02,-0.03
278890,-0.02,-0.03
278902,-0.02,-0.03
278914,-0.02,-0.03
278926,-0.02,-0.03
278938,-0.02,-0.03
278950,-0.02,-0.03
278962,-0.02,-0.03
278974,-0.02,-0.03
278986,-0.02,-0.03
278998,-0.02,-0.03
279010,-0.02,-0.03
279022,-0.02,-0.03
279034,-0.02,-0.03
279046,-0.02,-0.03
279058,-0.02,-0.03
279070,-0.02,-0.03
279082,-0.02,-0.03
279094,-0.02,-0.03
279106,-0.02,-0.03
279118,-0.02,-0.03
279130,-0.02,-0.03
279142,-0.02,-0.03
279154,-0.02,-0.03
279166,-0.02,-0.03
279178,-0.02,-0.03
279190,-0.02,-0.03
279202,-0.02,-0.03
279214,-0.02,-0.03
279226,-0.03,-0.03
279238,-0.02,-0.03
279250,-0.02,-0.03
279262,-0.02,-0.03
279274,-0.02,-0.03
279286,-0.02,-0.03
279298,-0.02,-0.03
279310,-0.02,-0.03
279322,-0.02,-0.03
279334,-0.02,-0.03
279346,-0.02,-0.03
279358,-0.02,-0.03
279370,-0.02,-0.03
279382,-0.02,-0.03
279394,-0.02,-0.03
279406,-0.02,-0.03
279418,-0.02,-0.03
279430,-0.02,-0.03
279442,-0.02,-0.03
279454,-0.02,-0.03
279466,-0.02,-0.03
279478,-0.02,-0.03
279490,-0.02,-0.03
279502,-0.02,-0.03
279514,-0.02,-0.03
279526,-0.02,-0.03
279538,-0.02,-0.03
279550,-0.02,-0.03
279562,-0.02,-0.03
279574,-0.02,-0.03
279586,-0.02,-0.03
279598,-0.02,-0.03
279610,-0.02,-0.03
279622,-0.02,-0.03
279634,-0.02,-0.03
279646,-0.02,-0.03
279658,-0.02,-0.03
279670,-0.02,-0.03
279682,-0.02,-0.03
279694,-0.02,-0.03
279706,-0.02,-0.03
279718,-0.02,-0.03
279730,-0.02,-0.03
279742,-0.02,-0.03
279754,-0.02,-0.03
279766,-0.02,-0.03
279778,-0.02,-0.03
279790,-0.02,-0.03
279802,-0.02,-0.03
279814,-0.02,-0.03
279826,-0.02,-0.03
279838,-0.02,-0.03
279850,-0.02,-0.03
279862,-0.02,-0.03
279874,-0.02,-0.03
279886,-0.02,-0.03
279898,-0.02,-0.03
279910,-0.02,-0.03
279922,-0.02,-0.03
279934,-0.02,-0.03
279946,-0.02,-0.03
279958,-0.02,-0.03
279970,-0.02,-0.03
279982,-0.02,-0.03
279994,-0.02,-0.03
280006,-0.02,-0.03
280018,-0.02,-0.03
280030,-0.02,-0.03
280042,-0.02,-0.03
280054,-0.02,-0.03
280066,-0.02,-0.03
280078,-0.02,-0.03
280090,-0.02,-0.03
280102,-0.02,-0.03
280114,-0.02,-0.03
280126,-0.02,-0.03
280138,-0.02,-0.03
280150,-0.02,-0.03
280162,-0.02,-0.03
280174,-0.02,-0.03
280186,-0.02,-0.03
280198,-0.02,-0.03
280210,-0.02,-0.03
280222,-0.02,-0.03
280234,-0.02,-0.03
280246,-0.02,-0.03
280258,-0.02,-0.03
280270,-0.02,-0.03
280282,-0.02,-0.03
