2823,-0.00,0.10
2833,-0.01,0.10
2843,-0.01,0.10
2853,-0.01,0.10
2863,-0.01,0.10
2873,-0.01,0.10
2883,-0.01,0.10
2893,-0.01,0.10
2903,-0.00,0.10
2913,-0.00,0.10
2923,-0.00,0.10
2933,-0.01,0.10
2943,-0.01,0.10
2953,-0.00,0.10
2963,-0.01,0.11
2973,-0.00,0.11
2983,-0.00,0.10
2993,-0.01,0.10
3003,-0.01,0.11
3013,-0.01,0.11
3023,-0.01,0.10
3033,-0.01,0.10
3043,-0.01,0.10
3053,-0.01,0.11
3063,-0.01,0.11
3073,-0.01,0.11
3083,-0.01,0.11
3093,-0.01,0.11
3103,-0.02,0.12
3113,-0.01,0.12
3123,-0.01,0.11
3133,-0.01,0.11
3143,-0.01,0.11
3153,-0.01,0.11
3163,-0.01,0.11
3173,-0.01,0.11
3183,-0.00,0.11
3193,-0.01,0.11
3203,-0.01,0.11
3213,-0.00,0.11
3223,-0.00,0.11
3233,-0.00,0.11
3243,-0.01,0.11
3253,-0.01,0.11
3263,-0.01,0.11
3273,-0.01,0.11
3283,-0.01,0.11
3293,-0.01,0.11
3303,-0.01,0.11
3313,-0.01,0.11
3323,-0.00,0.11
3333,-0.00,0.11
3343,-0.00,0.10
3353,-0.00,0.10
3363,-0.00,0.10
3373,-0.00,0.10
3383,0.00,0.10
3393,-0.00,0.10
3403,-0.00,0.10
3413,0.00,0.10
3423,-0.00,0.10
3433,-0.00,0.10
3443,0.00,0.10
3453,0.00,0.10
3463,-0.00,0.10
3473,-0.00,0.10
3483,-0.00,0.10
3493,-0.00,0.10
3503,-0.00,0.10
3513,-0.00,0.10
3523,-0.00,0.10
3533,0.00,0.10
3543,-0.00,0.10
3553,0.00,0.10
3563,0.00,0.10
3573,-0.00,0.09
3583,0.00,0.09
3593,0.00,0.10
3603,-0.00,0.10
3613,-0.00,0.10
3623,0.00,0.10
3633,-0.00,0.10
3643,-0.00,0.09
3653,-0.00,0.09
3663,0.00,0.09
3673,0.00,0.09
3683,-0.00,0.09
3693,0.00,0.09
3703,-0.00,0.09
3713,-0.00,0.09
3723,-0.00,0.09
3733,-0.00,0.09
3743,-0.00,0.09
3753,-0.00,0.09
3763,-0.00,0.09
3773,-0.00,0.10
3783,0.00,0.09
3793,-0.00,0.09
3803,-0.00,0.09
3813,-0.00,0.09
3823,0.00,0.10
3833,0.00,0.11
3843,0.00,0.12
3853,0.01,0.13
3863,0.01,0.14
3873,0.02,0.16
3883,0.03,0.18
3893,0.03,0.20
3903,0.04,0.22
3913,0.04,0.25
3923,0.05,0.28
3933,0.05,0.31
3943,0.06,0.34
3953,0.06,0.37
3963,0.07,0.41
3973,0.06,0.44
3983,0.06,0.48
3993,0.07,0.51
4003,0.06,0.52
4013,0.06,0.52
4023,0.06,0.52
4033,0.06,0.52
4043,0.06,0.52
4053,0.06,0.52
4063,0.07,0.53
4073,0.06,0.52
4083,0.06,0.52
4093,0.06,0.52
4103,0.06,0.52
4113,0.06,0.52
4123,0.06,0.52
4133,0.06,0.52
4143,0.06,0.52
4153,0.06,0.52
4163,0.06,0.52
4173,0.06,0.52
4183,0.06,0.52
4193,0.06,0.52
4203,0.06,0.52
4213,0.06,0.52
4223,0.06,0.52
4233,0.06,0.52
4243,0.06,0.52
4253,0.06,0.52
4263,0.06,0.52
4273,0.06,0.52
4283,0.06,0.53
4293,0.06,0.53
4303,0.06,0.53
4313,0.06,0.53
4323,0.06,0.53
4333,0.06,0.53
4343,0.06,0.53
4353,0.06,0.53
4363,0.06,0.53
4373,0.06,0.53
4383,0.06,0.53
4393,0.06,0.53
4403,0.06,0.53
4413,0.06,0.53
4423,0.06,0.53
4433,0.06,0.53
4443,0.06,0.53
4453,0.06,0.53
4463,0.06,0.53
4473,0.06,0.53
4483,0.06,0.53
4493,0.06,0.53
4503,0.06,0.53
4513,0.06,0.53
4523,0.06,0.53
4533,0.06,0.53
4543,0.06,0.53
4553,0.06,0.54
4563,0.06,0.53
4573,0.06,0.54
4583,0.06,0.53
4593,0.06,0.53
4603,0.06,0.54
4613,0.06,0.54
4623,0.06,0.54
4633,0.06,0.53
4643,0.06,0.53
4653,0.06,0.53
4663,0.06,0.54
4673,0.06,0.53
4683,0.06,0.54
4693,0.06,0.53
4703,0.06,0.53
4713,0.06,0.54
4723,0.06,0.54
4733,0.06,0.54
4743,0.06,0.53
4753,0.06,0.53
4763,0.06,0.53
4773,0.06,0.54
4783,0.06,0.53
4793,0.06,0.53
4803,0.06,0.54
4813,0.06,0.54
4823,0.06,0.53
4833,0.06,0.53
4843,0.06,0.53
4853,0.06,0.53
4863,0.06,0.54
4873,0.06,0.53
4883,0.06,0.53
4893,0.06,0.53
4903,0.06,0.53
4913,0.06,0.54
4923,0.06,0.53
4933,0.06,0.53
4943,0.06,0.53
4953,0.06,0.54
4963,0.06,0.54
4973,0.06,0.53
4983,0.06,0.54
4993,0.06,0.53
5003,0.06,0.53
5013,0.06,0.53
5023,0.06,0.53
5033,0.06,0.53
5043,0.06,0.54
5053,0.06,0.53
5063,0.06,0.53
5073,0.06,0.54
5083,0.06,0.54
5093,0.06,0.53
5103,0.06,0.53
5113,0.06,0.54
5123,0.06,0.53
5133,0.06,0.53
5143,0.06,0.53
5153,0.06,0.53
5163,0.06,0.54
5173,0.06,0.54
5183,0.06,0.54
5193,0.06,0.53
5203,0.06,0.54
5213,0.06,0.54
5223,0.06,0.54
5233,0.06,0.53
5243,0.06,0.54
5253,0.06,0.53
5263,0.06,0.53
5273,0.06,0.53
5283,0.06,0.53
5293,0.06,0.53
5303,0.06,0.53
5313,0.06,0.54
5323,0.06,0.53
5333,0.06,0.53
5343,0.06,0.54
5353,0.06,0.53
5363,0.06,0.54
5373,0.06,0.53
5383,0.06,0.53
5393,0.06,0.53
5403,0.06,0.54
5413,0.06,0.53
5423,0.06,0.54
5433,0.06,0.53
5443,0.06,0.54
5453,0.06,0.53
5463,0.06,0.53
5473,0.06,0.54
5483,0.06,0.53
5493,0.06,0.53
5503,0.06,0.53
5513,0.06,0.54
5523,0.06,0.54
5533,0.06,0.54
5543,0.06,0.54
5553,0.06,0.54
5563,0.06,0.54
5573,0.06,0.54
5583,0.06,0.54
5593,0.05,0.54
5603,0.06,0.53
5613,0.06,0.53
5623,0.06,0.54
5633,0.06,0.52
5643,0.06,0.51
5653,0.06,0.50
5663,0.06,0.49
5673,0.06,0.47
5683,0.06,0.46
5693,0.06,0.44
5703,0.06,0.42
5713,0.06,0.41
5723,0.06,0.39
5733,0.05,0.38
5743,0.05,0.36
5753,0.05,0.35
5763,0.05,0.33
5773,0.04,0.31
5783,0.04,0.29
5793,0.04,0.28
5803,0.04,0.26
5813,0.03,0.24
5823,0.03,0.23
5833,0.02,0.22
5843,0.02,0.21
5853,0.02,0.20
5863,0.02,0.19
5873,0.02,0.18
5883,0.01,0.17
5893,0.01,0.17
5903,0.01,0.16
5913,0.01,0.16
5923,0.01,0.15
5933,0.01,0.15
5943,0.01,0.14
5953,0.01,0.14
5963,0.01,0.13
5973,0.01,0.13
5983,0.01,0.12
5993,0.00,0.11
6003,-0.00,0.10
6013,-0.00,0.10
6023,-0.00,0.10
6033,-0.00,0.10
6043,-0.01,0.10
6053,-0.01,0.10
6063,-0.01,0.10
6073,-0.01,0.10
6083,-0.02,0.10
6093,-0.02,0.10
6103,-0.02,0.10
6113,-0.02,0.10
6123,-0.02,0.09
6133,-0.02,0.09
6143,-0.02,0.09
6153,-0.02,0.09
6163,-0.02,0.09
6173,-0.02,0.09
6183,-0.02,0.09
6193,-0.02,0.09
6203,-0.02,0.09
6213,-0.02,0.09
6223,-0.02,0.09
6233,-0.02,0.09
6243,-0.02,0.08
6253,-0.02,0.09
6263,-0.02,0.09
6273,-0.01,0.09
6283,-0.02,0.09
6293,-0.01,0.09
6303,-0.01,0.09
6313,-0.01,0.08
6323,-0.01,0.08
6333,-0.01,0.08
6343,-0.01,0.08
6353,-0.01,0.09
6363,-0.01,0.09
6373,-0.00,0.08
6383,-0.00,0.08
6393,-0.00,0.08
6403,-0.01,0.08
6413,-0.00,0.08
6423,-0.00,0.08
6433,-0.00,0.08
6443,-0.00,0.08
6453,-0.00,0.07
6463,-0.00,0.08
6473,-0.00,0.08
6483,-0.00,0.08
6493,-0.00,0.08
6503,0.00,0.07
6513,-0.00,0.08
6523,-0.00,0.08
6533,-0.00,0.08
6543,-0.00,0.08
6553,-0.00,0.08
6563,0.00,0.08
6573,-0.00,0.08
6583,-0.00,0.08
6593,-0.00,0.08
6603,-0.00,0.08
6613,0.00,0.08
6623,-0.00,0.08
6633,0.00,0.08
6643,-0.00,0.08
6653,-0.00,0.08
6663,-0.00,0.08
6673,-0.00,0.07
6683,-0.00,0.07
6693,-0.00,0.08
6703,0.00,0.08
6713,-0.00,0.08
6723,0.00,0.08
6733,-0.00,0.08
6743,-0.00,0.08
6753,-0.00,0.08
6763,-0.00,0.08
6773,-0.00,0.08
6783,-0.00,0.08
6793,-0.00,0.08
6803,-0.00,0.08
6813,-0.01,0.08
6823,-0.00,0.08
6833,-0.01,0.08
6843,-0.00,0.08
6853,-0.01,0.08
6863,-0.01,0.08
6873,-0.00,0.08
6883,0.00,0.09
6893,0.00,0.10
6903,0.01,0.10
6913,0.01,0.11
6923,0.02,0.12
6933,0.03,0.13
6943,0.05,0.14
6953,0.07,0.15
6963,0.10,0.17
6973,0.14,0.20
6983,0.18,0.23
6993,0.22,0.26
7003,0.26,0.28
7013,0.30,0.32
7023,0.35,0.34
7033,0.38,0.38
7043,0.39,0.39
7053,0.40,0.39
7063,0.40,0.40
7073,0.40,0.40
7083,0.40,0.41
7093,0.41,0.41
7103,0.40,0.41
7113,0.40,0.42
7123,0.40,0.42
7133,0.40,0.43
7143,0.40,0.42
7153,0.40,0.43
7163,0.40,0.43
7173,0.40,0.43
7183,0.40,0.43
7193,0.41,0.43
7203,0.40,0.43
7213,0.40,0.43
7223,0.40,0.42
7233,0.40,0.43
7243,0.40,0.43
7253,0.40,0.43
7263,0.40,0.43
7273,0.40,0.43
7283,0.40,0.43
7293,0.40,0.43
7303,0.40,0.43
7313,0.40,0.43
7323,0.40,0.43
7333,0.40,0.43
7343,0.40,0.43
7353,0.40,0.43
7363,0.40,0.43
7373,0.40,0.43
7383,0.40,0.43
7393,0.40,0.43
7403,0.40,0.43
7413,0.40,0.43
7423,0.40,0.43
7433,0.40,0.43
7443,0.40,0.43
7453,0.40,0.43
7463,0.40,0.43
7473,0.40,0.43
7483,0.40,0.43
7493,0.40,0.43
7503,0.40,0.43
7513,0.40,0.43
7523,0.40,0.43
7533,0.40,0.43
7543,0.40,0.43
7553,0.40,0.43
7563,0.40,0.43
7573,0.40,0.43
7583,0.40,0.43
7593,0.40,0.43
7603,0.40,0.43
7613,0.40,0.43
7623,0.40,0.43
7633,0.40,0.43
7643,0.40,0.43
7653,0.40,0.43
7663,0.40,0.43
7673,0.40,0.43
7683,0.40,0.43
7693,0.40,0.43
7703,0.40,0.43
7713,0.40,0.43
7723,0.40,0.43
7733,0.40,0.43
7743,0.40,0.43
7753,0.40,0.43
7763,0.40,0.43
7773,0.40,0.43
7783,0.40,0.43
7793,0.40,0.43
7803,0.40,0.43
7813,0.40,0.43
7823,0.40,0.43
7833,0.40,0.43
7843,0.40,0.43
7853,0.40,0.43
7863,0.40,0.43
7873,0.40,0.43
7883,0.40,0.43
7893,0.40,0.43
7903,0.40,0.43
7913,0.40,0.43
7923,0.40,0.43
7933,0.40,0.43
7943,0.40,0.43
7953,0.40,0.43
7963,0.40,0.43
7973,0.40,0.43
7983,0.40,0.43
7993,0.40,0.43
8003,0.41,0.43
8013,0.40,0.42
8023,0.40,0.43
8033,0.40,0.43
8043,0.40,0.43
8053,0.40,0.43
8063,0.40,0.43
8073,0.40,0.43
8083,0.40,0.43
8093,0.40,0.43
8103,0.40,0.43
8113,0.40,0.43
8123,0.40,0.43
8133,0.40,0.43
8143,0.40,0.43
8153,0.40,0.43
8163,0.40,0.43
8173,0.40,0.43
8183,0.40,0.43
8193,0.40,0.43
8203,0.40,0.42
8213,0.40,0.43
8223,0.40,0.43
8233,0.40,0.43
8243,0.40,0.43
8253,0.40,0.43
8263,0.40,0.43
8273,0.40,0.43
8283,0.40,0.43
8293,0.40,0.43
8303,0.40,0.43
8313,0.40,0.43
8323,0.40,0.43
8333,0.40,0.43
8343,0.40,0.43
8353,0.40,0.43
8363,0.40,0.43
8373,0.40,0.43
8383,0.40,0.43
8393,0.40,0.43
8403,0.40,0.43
8413,0.40,0.43
8423,0.40,0.43
8433,0.40,0.43
8443,0.40,0.43
8453,0.40,0.43
8463,0.40,0.43
8473,0.39,0.43
8483,0.39,0.43
8493,0.39,0.43
8503,0.39,0.43
8513,0.39,0.42
8523,0.39,0.42
8533,0.39,0.42
8543,0.39,0.42
8553,0.39,0.42
8563,0.38,0.41
8573,0.38,0.41
8583,0.37,0.40
8593,0.36,0.39
8603,0.35,0.38
8613,0.34,0.37
8623,0.33,0.36
8633,0.31,0.35
8643,0.30,0.34
8653,0.29,0.33
8663,0.27,0.31
8673,0.25,0.30
8683,0.23,0.29
8693,0.21,0.28
8703,0.20,0.27
8713,0.18,0.25
8723,0.16,0.24
8733,0.15,0.23
8743,0.13,0.22
8753,0.11,0.21
8763,0.10,0.20
8773,0.08,0.18
8783,0.06,0.17
8793,0.04,0.17
8803,0.03,0.16
8813,0.02,0.15
8823,0.01,0.14
8833,0.00,0.13
8843,-0.00,0.13
8853,-0.00,0.13
8863,-0.01,0.12
8873,-0.01,0.12
8883,-0.01,0.11
8893,-0.01,0.11
8903,-0.01,0.11
8913,-0.01,0.11
8923,-0.01,0.10
8933,-0.01,0.10
8943,-0.02,0.10
8953,-0.01,0.10
8963,-0.01,0.10
8973,-0.02,0.10
8983,-0.02,0.10
8993,-0.02,0.10
9003,-0.02,0.10
9013,-0.01,0.10
9023,-0.01,0.10
9033,-0.02,0.10
9043,-0.02,0.10
9053,-0.02,0.10
9063,-0.01,0.10
9073,-0.02,0.10
9083,-0.02,0.10
9093,-0.01,0.10
9103,-0.02,0.09
9113,-0.02,0.10
9123,-0.02,0.09
9133,-0.02,0.10
9143,-0.02,0.10
9153,-0.01,0.10
9163,-0.02,0.10
9173,-0.01,0.10
9183,-0.01,0.10
9193,-0.02,0.09
9203,-0.02,0.10
9213,-0.02,0.10
9223,-0.01,0.10
9233,-0.02,0.10
9243,-0.01,0.09
9253,-0.02,0.09
9263,-0.01,0.10
9273,-0.01,0.09
9283,-0.02,0.09
9293,-0.01,0.09
9303,-0.01,0.09
9313,-0.01,0.09
9323,-0.01,0.09
9333,-0.01,0.09
9343,-0.01,0.09
9353,-0.01,0.09
9363,-0.01,0.09
9373,-0.01,0.10
9383,-0.01,0.09
9393,-0.01,0.09
9403,-0.01,0.09
9413,-0.01,0.09
9423,-0.01,0.09
9433,-0.01,0.09
9443,-0.01,0.09
9453,-0.01,0.09
9463,-0.01,0.09
9473,-0.00,0.09
9483,-0.01,0.09
9493,-0.01,0.09
9503,-0.01,0.09
9513,-0.01,0.09
9523,-0.01,0.09
9533,-0.01,0.09
9543,-0.01,0.09
9553,-0.01,0.09
9563,-0.01,0.09
9573,-0.01,0.09
9583,-0.01,0.10
9593,-0.01,0.10
9603,-0.01,0.09
9613,-0.01,0.09
9623,-0.01,0.10
9633,-0.01,0.09
9643,-0.01,0.09
9653,-0.01,0.10
9663,-0.01,0.10
9673,-0.01,0.10
9683,-0.01,0.10
9693,-0.01,0.10
9703,-0.02,0.10
9713,-0.02,0.10
9723,-0.02,0.10
9733,-0.02,0.10
9743,-0.01,0.10
9753,-0.01,0.10
9763,-0.01,0.10
9773,-0.00,0.10
9783,0.00,0.10
9793,0.01,0.10
9803,0.01,0.10
9813,0.02,0.10
9823,0.03,0.11
9833,0.04,0.11
9843,0.05,0.11
9853,0.07,0.12
9863,0.10,0.12
9873,0.13,0.12
9883,0.18,0.11
9893,0.24,0.11
9903,0.32,0.11
9913,0.39,0.12
9923,0.43,0.14
9933,0.43,0.15
9943,0.43,0.16
9953,0.43,0.18
9963,0.43,0.18
9973,0.43,0.19
9983,0.43,0.19
9993,0.43,0.20
10003,0.43,0.20
10013,0.43,0.20
10023,0.43,0.20
10033,0.43,0.20
10043,0.43,0.20
10053,0.43,0.21
10063,0.43,0.20
10073,0.43,0.20
10083,0.43,0.20
10093,0.43,0.21
10103,0.43,0.20
10113,0.43,0.20
10123,0.43,0.21
10133,0.43,0.20
10143,0.43,0.21
10153,0.43,0.20
10163,0.43,0.20
10173,0.43,0.20
10183,0.42,0.20
10193,0.43,0.20
10203,0.43,0.20
10213,0.43,0.21
10223,0.43,0.20
10233,0.43,0.21
10243,0.43,0.20
10253,0.43,0.21
10263,0.43,0.21
10273,0.42,0.20
10283,0.43,0.20
10293,0.42,0.21
10303,0.42,0.20
10313,0.42,0.21
10323,0.42,0.21
10333,0.42,0.21
10343,0.42,0.21
10353,0.42,0.20
10363,0.43,0.21
10373,0.42,0.20
10383,0.42,0.20
10393,0.43,0.20
10403,0.42,0.21
10413,0.42,0.20
10423,0.43,0.21
10433,0.42,0.20
10443,0.43,0.21
10453,0.43,0.21
10463,0.42,0.21
10473,0.43,0.21
10483,0.43,0.20
10493,0.42,0.20
10503,0.42,0.20
10513,0.43,0.20
10523,0.43,0.21
10533,0.42,0.21
10543,0.43,0.21
10553,0.42,0.20
10563,0.42,0.20
10573,0.43,0.20
10583,0.42,0.20
10593,0.43,0.21
10603,0.43,0.20
10613,0.42,0.20
10623,0.43,0.20
10633,0.42,0.21
10643,0.42,0.20
10653,0.42,0.20
10663,0.42,0.20
10673,0.43,0.20
10683,0.42,0.21
10693,0.43,0.21
10703,0.43,0.21
10713,0.42,0.20
10723,0.43,0.20
10733,0.42,0.20
10743,0.42,0.20
10753,0.43,0.21
10763,0.42,0.20
10773,0.43,0.20
10783,0.43,0.20
10793,0.42,0.21
10803,0.43,0.20
10813,0.43,0.20
10823,0.42,0.20
10833,0.42,0.21
10843,0.42,0.21
10853,0.43,0.21
10863,0.42,0.20
10873,0.43,0.20
10883,0.42,0.21
10893,0.42,0.21
10903,0.43,0.21
10913,0.43,0.21
10923,0.43,0.21
10933,0.42,0.20
10943,0.43,0.21
10953,0.42,0.20
10963,0.43,0.20
10973,0.43,0.21
10983,0.43,0.21
10993,0.42,0.20
11003,0.43,0.20
11013,0.43,0.21
11023,0.43,0.20
11033,0.43,0.21
11043,0.42,0.20
11053,0.42,0.21
11063,0.43,0.20
11073,0.42,0.20
11083,0.42,0.20
11093,0.42,0.21
11103,0.42,0.20
11113,0.43,0.20
11123,0.43,0.21
11133,0.43,0.21
11143,0.42,0.21
11153,0.42,0.21
11163,0.43,0.21
11173,0.43,0.21
11183,0.42,0.20
11193,0.42,0.20
11203,0.43,0.20
11213,0.42,0.20
11223,0.42,0.20
11233,0.42,0.21
11243,0.43,0.20
11253,0.43,0.20
11263,0.43,0.20
11273,0.43,0.20
11283,0.43,0.21
11293,0.43,0.21
11303,0.43,0.20
11313,0.43,0.21
11323,0.43,0.21
11333,0.43,0.20
11343,0.43,0.20
11353,0.43,0.21
11363,0.43,0.20
11373,0.43,0.20
11383,0.43,0.20
11393,0.43,0.20
11403,0.43,0.20
11413,0.43,0.20
11423,0.42,0.20
11433,0.43,0.20
11443,0.43,0.20
11453,0.43,0.20
11463,0.42,0.20
11473,0.43,0.20
11483,0.42,0.20
11493,0.42,0.20
11503,0.42,0.20
11513,0.42,0.20
11523,0.42,0.20
11533,0.41,0.19
11543,0.40,0.19
11553,0.39,0.18
11563,0.37,0.18
11573,0.35,0.17
11583,0.34,0.16
11593,0.32,0.16
11603,0.30,0.16
11613,0.29,0.15
11623,0.27,0.15
11633,0.25,0.14
11643,0.23,0.14
11653,0.20,0.14
11663,0.18,0.13
11673,0.16,0.13
11683,0.14,0.13
11693,0.11,0.13
11703,0.09,0.12
11713,0.08,0.12
11723,0.06,0.12
11733,0.05,0.12
11743,0.04,0.11
11753,0.04,0.11
11763,0.03,0.11
11773,0.03,0.10
11783,0.03,0.10
11793,0.03,0.10
11803,0.03,0.09
11813,0.03,0.09
11823,0.03,0.09
11833,0.02,0.09
11843,0.02,0.09
11853,0.01,0.09
11863,0.01,0.09
11873,0.01,0.09
11883,0.00,0.09
11893,0.00,0.09
11903,0.00,0.09
11913,0.00,0.09
11923,0.00,0.09
11933,0.00,0.09
11943,0.01,0.09
11953,0.01,0.09
11963,0.01,0.09
11973,0.01,0.09
11983,0.00,0.09
11993,0.00,0.09
12003,0.01,0.09
12013,0.01,0.09
12023,0.00,0.09
12033,0.00,0.09
12043,0.00,0.09
12053,0.00,0.09
12063,0.01,0.09
12073,0.00,0.09
12083,0.01,0.09
12093,0.01,0.09
12103,0.00,0.09
12113,0.00,0.09
12123,0.01,0.09
12133,0.01,0.09
12143,0.01,0.09
12153,0.00,0.09
12163,0.01,0.09
12173,0.01,0.09
12183,0.01,0.09
12193,0.01,0.09
12203,0.01,0.09
12213,0.01,0.09
12223,0.00,0.09
12233,0.01,0.09
12243,0.01,0.09
12253,0.01,0.09
12263,0.00,0.09
12273,0.01,0.09
12283,0.01,0.09
12293,0.00,0.09
12303,0.01,0.09
12313,0.01,0.09
12323,0.01,0.09
12333,0.01,0.09
12343,0.01,0.09
12353,0.00,0.09
12363,0.01,0.09
12373,0.00,0.09
12383,0.01,0.09
12393,0.01,0.09
12403,0.01,0.09
12413,0.00,0.09
12423,0.00,0.10
12433,-0.00,0.10
12443,-0.01,0.10
12453,-0.01,0.10
12463,-0.01,0.10
12473,-0.01,0.10
12483,-0.01,0.10
12493,-0.01,0.10
12503,-0.01,0.10
12513,-0.01,0.10
12523,-0.01,0.10
12533,-0.01,0.10
12543,-0.01,0.10
12553,-0.01,0.10
12563,-0.01,0.10
12573,-0.01,0.10
12583,-0.01,0.10
12593,-0.01,0.10
12603,-0.01,0.10
12613,-0.01,0.10
12623,-0.01,0.09
12633,-0.01,0.09
12643,-0.00,0.09
12653,0.00,0.08
12663,0.01,0.08
12673,0.02,0.07
12683,0.03,0.07
12693,0.04,0.06
12703,0.05,0.05
12713,0.07,0.04
12723,0.09,0.02
12733,0.13,-0.01
12743,0.19,-0.06
12753,0.26,-0.13
12763,0.28,-0.17
12773,0.28,-0.17
12783,0.28,-0.17
12793,0.27,-0.17
12803,0.26,-0.17
12813,0.26,-0.17
12823,0.25,-0.17
12833,0.25,-0.17
12843,0.25,-0.18
12853,0.25,-0.17
12863,0.25,-0.17
12873,0.25,-0.17
12883,0.25,-0.17
12893,0.25,-0.17
12903,0.25,-0.17
12913,0.25,-0.17
12923,0.25,-0.18
12933,0.25,-0.17
12943,0.25,-0.17
12953,0.25,-0.18
12963,0.25,-0.17
12973,0.25,-0.18
12983,0.25,-0.17
12993,0.25,-0.17
13003,0.25,-0.18
13013,0.25,-0.17
13023,0.25,-0.18
13033,0.25,-0.17
13043,0.25,-0.18
13053,0.25,-0.18
13063,0.25,-0.18
13073,0.25,-0.17
13083,0.25,-0.18
13093,0.25,-0.17
13103,0.25,-0.18
13113,0.25,-0.17
13123,0.25,-0.17
13133,0.25,-0.17
13143,0.25,-0.18
13153,0.25,-0.17
13163,0.25,-0.17
13173,0.25,-0.18
13183,0.25,-0.17
13193,0.25,-0.18
13203,0.25,-0.17
13213,0.25,-0.18
13223,0.25,-0.17
13233,0.25,-0.18
13243,0.25,-0.17
13253,0.25,-0.18
13263,0.25,-0.17
13273,0.25,-0.18
13283,0.25,-0.18
13293,0.25,-0.18
13303,0.25,-0.18
13313,0.25,-0.18
13323,0.25,-0.17
13333,0.25,-0.17
13343,0.25,-0.18
13353,0.25,-0.17
13363,0.26,-0.17
13373,0.26,-0.17
13383,0.26,-0.17
13393,0.25,-0.17
13403,0.26,-0.17
13413,0.26,-0.17
13423,0.26,-0.17
13433,0.26,-0.17
13443,0.26,-0.17
13453,0.26,-0.17
13463,0.26,-0.17
13473,0.26,-0.17
13483,0.26,-0.17
13493,0.26,-0.17
13503,0.26,-0.17
13513,0.26,-0.17
13523,0.26,-0.17
13533,0.26,-0.17
13543,0.26,-0.17
13553,0.26,-0.17
13563,0.26,-0.17
13573,0.26,-0.18
13583,0.26,-0.17
13593,0.26,-0.17
13603,0.26,-0.17
13613,0.26,-0.17
13623,0.26,-0.17
13633,0.26,-0.17
13643,0.26,-0.17
13653,0.26,-0.17
13663,0.26,-0.17
13673,0.26,-0.17
13683,0.26,-0.17
13693,0.26,-0.17
13703,0.26,-0.17
13713,0.26,-0.17
13723,0.26,-0.17
13733,0.26,-0.17
13743,0.26,-0.17
13753,0.26,-0.17
13763,0.26,-0.17
13773,0.26,-0.17
13783,0.26,-0.17
13793,0.26,-0.17
13803,0.26,-0.17
13813,0.26,-0.17
13823,0.26,-0.17
13833,0.26,-0.17
13843,0.26,-0.17
13853,0.26,-0.17
13863,0.26,-0.17
13873,0.25,-0.17
13883,0.26,-0.17
13893,0.26,-0.17
13903,0.26,-0.17
13913,0.26,-0.17
13923,0.26,-0.17
13933,0.26,-0.17
13943,0.26,-0.17
13953,0.26,-0.17
13963,0.26,-0.17
13973,0.26,-0.17
13983,0.26,-0.17
13993,0.26,-0.17
14003,0.26,-0.17
14013,0.26,-0.17
14023,0.26,-0.17
14033,0.26,-0.17
14043,0.26,-0.17
14053,0.26,-0.17
14063,0.26,-0.17
14073,0.26,-0.17
14083,0.26,-0.17
14093,0.26,-0.17
14103,0.26,-0.18
14113,0.26,-0.17
14123,0.26,-0.17
14133,0.26,-0.18
14143,0.27,-0.18
14153,0.27,-0.18
14163,0.27,-0.18
14173,0.27,-0.18
14183,0.27,-0.18
14193,0.27,-0.18
14203,0.27,-0.18
14213,0.28,-0.19
14223,0.28,-0.19
14233,0.28,-0.19
14243,0.29,-0.19
14253,0.29,-0.19
14263,0.29,-0.19
14273,0.28,-0.18
14283,0.28,-0.18
14293,0.27,-0.17
14303,0.26,-0.15
14313,0.24,-0.14
14323,0.23,-0.13
14333,0.22,-0.11
14343,0.20,-0.10
14353,0.18,-0.08
14363,0.16,-0.06
14373,0.15,-0.05
14383,0.14,-0.03
14393,0.12,-0.03
14403,0.12,-0.01
14413,0.11,0.00
14423,0.09,0.01
14433,0.07,0.03
14443,0.06,0.04
14453,0.05,0.06
14463,0.03,0.07
14473,0.02,0.08
14483,0.01,0.09
14493,0.01,0.09
14503,0.01,0.10
14513,0.00,0.10
14523,-0.00,0.10
14533,-0.00,0.10
14543,0.00,0.10
14553,0.01,0.10
14563,0.01,0.09
14573,0.01,0.08
14583,0.02,0.08
14593,0.02,0.08
14603,0.02,0.08
14613,0.02,0.08
14623,0.02,0.08
14633,0.02,0.08
14643,0.01,0.08
14653,0.02,0.08
14663,0.02,0.08
14673,0.02,0.08
14683,0.01,0.08
14693,0.02,0.08
14703,0.02,0.08
14713,0.01,0.08
14723,0.02,0.08
14733,0.02,0.08
14743,0.01,0.08
14753,0.01,0.08
14763,0.01,0.08
14773,0.01,0.08
14783,0.02,0.08
14793,0.02,0.08
14803,0.02,0.08
14813,0.02,0.08
14823,0.02,0.08
14833,0.02,0.08
14843,0.02,0.08
14853,0.01,0.08
14863,0.02,0.08
14873,0.02,0.08
14883,0.02,0.08
14893,0.02,0.08
14903,0.02,0.08
14913,0.02,0.08
14923,0.02,0.08
14933,0.01,0.08
14943,0.02,0.08
14953,0.02,0.08
14963,0.02,0.08
14973,0.01,0.08
14983,0.02,0.08
14993,0.02,0.08
15003,0.02,0.08
15013,0.02,0.08
15023,0.02,0.08
15033,0.02,0.08
15043,0.02,0.08
15053,0.01,0.08
15063,0.01,0.09
15073,0.01,0.09
15083,0.01,0.09
15093,0.00,0.09
15103,0.00,0.10
15113,0.00,0.10
15123,0.00,0.10
15133,0.00,0.10
15143,0.00,0.10
15153,-0.00,0.10
15163,-0.00,0.10
15173,-0.00,0.10
15183,-0.00,0.10
15193,-0.00,0.10
15203,-0.00,0.10
15213,-0.00,0.10
15223,-0.01,0.10
15233,-0.01,0.10
15243,-0.01,0.10
15253,-0.01,0.09
15263,-0.01,0.10
15273,-0.01,0.10
15283,-0.01,0.09
15293,-0.01,0.09
15303,-0.02,0.09
15313,-0.02,0.08
15323,-0.02,0.09
15333,-0.03,0.08
15343,-0.03,0.08
15353,-0.03,0.07
15363,-0.03,0.07
15373,-0.03,0.06
15383,-0.02,0.04
15393,-0.03,0.03
15403,-0.02,0.01
15413,-0.02,-0.01
15423,-0.02,-0.03
15433,-0.02,-0.06
15443,-0.01,-0.09
15453,-0.00,-0.12
15463,0.00,-0.16
15473,0.01,-0.19
15483,0.02,-0.23
15493,0.03,-0.26
15503,0.04,-0.28
15513,0.04,-0.27
15523,0.03,-0.27
15533,0.03,-0.28
15543,0.03,-0.27
15553,0.03,-0.27
15563,0.02,-0.27
15573,0.02,-0.27
15583,0.02,-0.27
15593,0.01,-0.27
15603,0.01,-0.28
15613,0.01,-0.28
15623,0.01,-0.28
15633,0.01,-0.28
15643,0.01,-0.28
15653,0.01,-0.28
15663,0.01,-0.28
15673,0.01,-0.28
15683,0.01,-0.28
15693,0.01,-0.28
15703,0.01,-0.28
15713,0.01,-0.28
15723,0.01,-0.28
15733,0.01,-0.28
15743,0.01,-0.28
15753,0.01,-0.28
15763,0.01,-0.28
15773,0.01,-0.28
15783,0.01,-0.28
15793,0.01,-0.28
15803,0.01,-0.28
15813,0.01,-0.28
15823,0.01,-0.28
15833,0.01,-0.28
15843,0.01,-0.28
15853,0.01,-0.28
15863,0.01,-0.28
15873,0.01,-0.28
15883,0.01,-0.28
15893,0.01,-0.28
15903,0.01,-0.28
15913,0.01,-0.28
15923,0.01,-0.28
15933,0.01,-0.28
15943,0.01,-0.28
15953,0.01,-0.28
15963,0.01,-0.28
15973,0.01,-0.28
15983,0.01,-0.28
15993,0.01,-0.28
16003,0.01,-0.28
16013,0.01,-0.28
16023,0.01,-0.28
16033,0.01,-0.28
16043,0.01,-0.28
16053,0.01,-0.28
16063,0.01,-0.28
16073,0.01,-0.28
16083,0.01,-0.28
16093,0.01,-0.28
16103,0.01,-0.28
16113,0.01,-0.28
16123,0.01,-0.28
16133,0.01,-0.28
16143,0.01,-0.28
16153,0.01,-0.28
16163,0.01,-0.28
16173,0.01,-0.28
16183,0.01,-0.28
16193,0.01,-0.28
16203,0.00,-0.28
16213,0.01,-0.28
16223,0.01,-0.28
16233,0.01,-0.28
16243,0.01,-0.28
16253,0.01,-0.28
16263,0.01,-0.28
16273,0.01,-0.28
16283,0.01,-0.28
16293,0.01,-0.28
16303,0.01,-0.28
16313,0.01,-0.28
16323,0.01,-0.28
16333,0.01,-0.28
16343,0.01,-0.28
16353,0.01,-0.28
16363,0.00,-0.28
16373,0.01,-0.28
16383,0.01,-0.28
16393,0.01,-0.28
16403,0.01,-0.28
16413,0.01,-0.28
16423,0.01,-0.28
16433,0.01,-0.28
16443,0.01,-0.28
16453,0.01,-0.28
16463,0.01,-0.28
16473,0.01,-0.28
16483,0.01,-0.28
16493,0.01,-0.28
16503,0.01,-0.28
16513,0.01,-0.28
16523,0.01,-0.28
16533,0.01,-0.28
16543,0.01,-0.28
16553,0.01,-0.28
16563,0.01,-0.28
16573,0.01,-0.28
16583,0.01,-0.28
16593,0.01,-0.28
16603,0.01,-0.28
16613,0.01,-0.28
16623,0.01,-0.28
16633,0.01,-0.28
16643,0.01,-0.28
16653,0.01,-0.28
16663,0.01,-0.28
16673,0.01,-0.28
16683,0.01,-0.28
16693,0.01,-0.28
16703,0.01,-0.28
16713,0.01,-0.28
16723,0.01,-0.28
16733,0.01,-0.28
16743,0.01,-0.28
16753,0.01,-0.28
16763,0.01,-0.28
16773,0.01,-0.28
16783,0.01,-0.28
16793,0.01,-0.28
16803,0.01,-0.29
16813,0.01,-0.28
16823,0.01,-0.28
16833,0.01,-0.28
16843,0.01,-0.28
16853,0.01,-0.29
16863,0.01,-0.28
16873,0.01,-0.28
16883,0.01,-0.29
16893,0.01,-0.29
16903,0.01,-0.29
16913,0.01,-0.29
16923,0.01,-0.29
16933,0.01,-0.29
16943,0.01,-0.29
16953,0.01,-0.29
16963,0.01,-0.29
16973,0.01,-0.29
16983,0.01,-0.29
16993,0.01,-0.29
17003,0.01,-0.30
17013,0.01,-0.30
17023,0.01,-0.30
17033,0.01,-0.30
17043,0.01,-0.30
17053,0.02,-0.30
17063,0.01,-0.30
17073,0.01,-0.30
17083,0.01,-0.30
17093,0.01,-0.28
17103,0.01,-0.27
17113,0.01,-0.25
17123,0.01,-0.22
17133,0.01,-0.19
17143,-0.00,-0.14
17153,-0.00,-0.10
17163,0.00,-0.06
17173,0.00,-0.03
17183,0.01,0.01
17193,0.01,0.03
17203,0.00,0.06
17213,-0.01,0.09
17223,-0.02,0.10
17233,-0.02,0.10
17243,-0.02,0.10
17253,-0.02,0.10
17263,-0.01,0.10
17273,-0.02,0.09
17283,-0.02,0.09
17293,-0.01,0.09
17303,-0.01,0.09
17313,-0.01,0.09
17323,-0.02,0.09
17333,-0.02,0.10
17343,-0.02,0.09
17353,-0.02,0.10
17363,-0.02,0.10
17373,-0.01,0.09
17383,-0.02,0.10
17393,-0.02,0.10
17403,-0.01,0.09
17413,-0.01,0.09
17423,-0.02,0.09
17433,-0.01,0.09
17443,-0.01,0.09
17453,-0.01,0.09
17463,-0.01,0.09
17473,-0.01,0.08
17483,-0.01,0.08
17493,-0.01,0.08
17503,-0.01,0.08
17513,-0.01,0.08
17523,-0.01,0.08
17533,-0.00,0.08
17543,-0.00,0.08
17553,-0.00,0.08
17563,-0.00,0.08
17573,-0.00,0.08
17583,-0.00,0.08
17593,-0.00,0.08
17603,0.00,0.08
17613,-0.00,0.08
17623,0.00,0.08
17633,-0.00,0.07
17643,-0.00,0.08
17653,0.00,0.07
17663,-0.00,0.08
17673,-0.00,0.08
17683,-0.00,0.08
17693,-0.01,0.08
17703,-0.01,0.08
17713,-0.01,0.08
17723,-0.01,0.09
17733,-0.01,0.08
17743,-0.02,0.09
17753,-0.01,0.09
17763,-0.01,0.09
17773,-0.02,0.10
17783,-0.02,0.10
17793,-0.01,0.09
17803,-0.01,0.10
17813,-0.01,0.09
17823,-0.01,0.09
17833,-0.01,0.09
17843,-0.01,0.09
17853,-0.01,0.10
17863,-0.01,0.09
17873,-0.01,0.09
17883,-0.01,0.09
17893,-0.01,0.09
17903,-0.01,0.09
17913,-0.01,0.09
17923,-0.01,0.10
17933,-0.01,0.09
17943,-0.02,0.09
17953,-0.01,0.09
17963,-0.02,0.09
17973,-0.02,0.09
17983,-0.02,0.08
17993,-0.02,0.08
18003,-0.03,0.08
18013,-0.02,0.08
18023,-0.03,0.08
18033,-0.03,0.08
18043,-0.04,0.07
18053,-0.04,0.07
18063,-0.05,0.07
18073,-0.06,0.05
18083,-0.07,0.04
18093,-0.08,0.02
18103,-0.11,-0.00
18113,-0.13,-0.02
18123,-0.15,-0.05
18133,-0.17,-0.07
18143,-0.19,-0.09
18153,-0.21,-0.11
18163,-0.23,-0.14
18173,-0.26,-0.16
18183,-0.28,-0.19
18193,-0.30,-0.21
18203,-0.32,-0.23
18213,-0.32,-0.23
18223,-0.32,-0.23
18233,-0.32,-0.23
18243,-0.32,-0.23
18253,-0.32,-0.23
18263,-0.32,-0.23
18273,-0.32,-0.23
18283,-0.32,-0.23
18293,-0.32,-0.24
18303,-0.32,-0.23
18313,-0.32,-0.23
18323,-0.32,-0.23
18333,-0.32,-0.23
18343,-0.32,-0.23
18353,-0.32,-0.23
18363,-0.32,-0.23
18373,-0.32,-0.23
18383,-0.32,-0.23
18393,-0.32,-0.23
18403,-0.32,-0.23
18413,-0.32,-0.23
18423,-0.32,-0.23
18433,-0.32,-0.23
18443,-0.32,-0.23
18453,-0.32,-0.23
18463,-0.32,-0.23
18473,-0.32,-0.23
18483,-0.32,-0.23
18493,-0.32,-0.23
18503,-0.32,-0.23
18513,-0.32,-0.23
18523,-0.32,-0.23
18533,-0.32,-0.23
18543,-0.32,-0.23
18553,-0.32,-0.23
18563,-0.32,-0.23
18573,-0.32,-0.23
18583,-0.32,-0.23
18593,-0.32,-0.23
18603,-0.32,-0.23
18613,-0.32,-0.23
18623,-0.32,-0.23
18633,-0.32,-0.23
18643,-0.32,-0.23
18653,-0.32,-0.23
18663,-0.32,-0.23
18673,-0.32,-0.23
18683,-0.33,-0.23
18693,-0.32,-0.24
18703,-0.32,-0.24
18713,-0.32,-0.24
18723,-0.32,-0.24
18733,-0.32,-0.24
18743,-0.32,-0.24
18753,-0.32,-0.24
18763,-0.32,-0.24
18773,-0.33,-0.24
18783,-0.33,-0.24
18793,-0.33,-0.24
18803,-0.32,-0.24
18813,-0.33,-0.24
18823,-0.32,-0.24
18833,-0.32,-0.24
18843,-0.33,-0.24
18853,-0.32,-0.24
18863,-0.32,-0.24
18873,-0.33,-0.24
18883,-0.33,-0.24
18893,-0.32,-0.24
18903,-0.33,-0.24
18913,-0.32,-0.24
18923,-0.33,-0.24
18933,-0.32,-0.24
18943,-0.33,-0.24
18953,-0.33,-0.24
18963,-0.32,-0.24
18973,-0.33,-0.24
18983,-0.32,-0.24
18993,-0.33,-0.24
19003,-0.32,-0.24
19013,-0.32,-0.24
19023,-0.33,-0.24
19033,-0.33,-0.24
19043,-0.33,-0.24
19053,-0.33,-0.24
19063,-0.33,-0.24
19073,-0.33,-0.24
19083,-0.32,-0.24
19093,-0.33,-0.24
19103,-0.32,-0.24
19113,-0.33,-0.24
19123,-0.33,-0.24
19133,-0.33,-0.24
19143,-0.33,-0.24
19153,-0.33,-0.24
19163,-0.33,-0.24
19173,-0.32,-0.24
19183,-0.33,-0.24
19193,-0.32,-0.24
19203,-0.33,-0.24
19213,-0.33,-0.24
19223,-0.33,-0.24
19233,-0.33,-0.24
19243,-0.33,-0.24
19253,-0.33,-0.24
19263,-0.33,-0.24
19273,-0.33,-0.24
19283,-0.33,-0.24
19293,-0.33,-0.24
19303,-0.33,-0.24
19313,-0.33,-0.24
19323,-0.33,-0.24
19333,-0.32,-0.24
19343,-0.33,-0.24
19353,-0.33,-0.24
19363,-0.33,-0.24
19373,-0.33,-0.24
19383,-0.33,-0.24
19393,-0.33,-0.24
19403,-0.33,-0.24
19413,-0.33,-0.24
19423,-0.33,-0.24
19433,-0.33,-0.24
19443,-0.33,-0.24
19453,-0.33,-0.24
19463,-0.33,-0.24
19473,-0.33,-0.24
19483,-0.33,-0.24
19493,-0.33,-0.24
19503,-0.33,-0.24
19513,-0.33,-0.24
19523,-0.33,-0.24
19533,-0.33,-0.24
19543,-0.33,-0.24
19553,-0.33,-0.24
19563,-0.33,-0.24
19573,-0.33,-0.24
19583,-0.33,-0.24
19593,-0.33,-0.24
19603,-0.33,-0.24
19613,-0.33,-0.24
19623,-0.32,-0.24
19633,-0.32,-0.24
19643,-0.33,-0.24
19653,-0.32,-0.23
19663,-0.32,-0.23
19673,-0.31,-0.23
19683,-0.31,-0.21
19693,-0.29,-0.20
19703,-0.28,-0.19
19713,-0.27,-0.17
19723,-0.26,-0.16
19733,-0.25,-0.16
19743,-0.24,-0.15
19753,-0.23,-0.14
19763,-0.23,-0.13
19773,-0.22,-0.12
19783,-0.21,-0.11
19793,-0.20,-0.10
19803,-0.19,-0.09
19813,-0.18,-0.08
19823,-0.16,-0.06
19833,-0.15,-0.05
19843,-0.13,-0.04
19853,-0.12,-0.02
19863,-0.10,-0.01
19873,-0.09,0.00
19883,-0.08,0.02
19893,-0.06,0.03
19903,-0.05,0.05
19913,-0.03,0.06
19923,-0.02,0.07
19933,-0.02,0.07
19943,-0.01,0.07
19953,-0.01,0.07
19963,-0.01,0.07
19973,-0.01,0.07
19983,-0.01,0.07
19993,-0.01,0.07
20003,-0.01,0.07
20013,-0.01,0.07
20023,-0.01,0.07
20033,-0.01,0.07
20043,-0.01,0.07
20053,-0.01,0.07
20063,-0.01,0.07
20073,-0.01,0.07
20083,-0.01,0.07
20093,-0.01,0.07
20103,-0.01,0.07
20113,-0.01,0.07
20123,-0.01,0.07
20133,-0.01,0.07
20143,-0.01,0.07
20153,-0.01,0.07
20163,-0.01,0.07
20173,-0.01,0.07
20183,-0.01,0.07
20193,-0.01,0.07
20203,-0.01,0.07
20213,-0.01,0.07
20223,-0.01,0.07
20233,-0.01,0.07
20243,-0.01,0.07
20253,-0.01,0.07
20263,-0.01,0.07
20273,-0.01,0.07
20283,-0.01,0.07
20293,-0.01,0.07
20303,-0.01,0.07
20313,-0.01,0.07
20323,-0.01,0.07
20333,-0.01,0.07
20343,-0.01,0.07
20353,-0.01,0.07
20363,-0.01,0.07
20373,-0.01,0.07
20383,-0.01,0.07
20393,-0.01,0.07
20403,-0.01,0.07
20413,-0.01,0.08
20423,-0.01,0.07
20433,-0.01,0.08
20443,-0.01,0.08
20453,-0.01,0.07
20463,-0.01,0.08
20473,-0.01,0.08
20483,-0.01,0.08
20493,-0.01,0.08
20503,-0.01,0.08
20513,-0.01,0.08
20523,-0.01,0.08
20533,-0.01,0.08
20543,-0.01,0.08
20553,-0.01,0.08
20563,-0.01,0.08
20573,-0.01,0.08
20583,-0.01,0.08
20593,-0.01,0.08
20603,-0.01,0.07
20613,-0.01,0.08
20623,-0.01,0.07
20633,-0.01,0.08
20643,-0.01,0.07
20653,-0.01,0.07
20663,-0.01,0.07
20673,-0.01,0.07
20683,-0.01,0.08
20693,-0.01,0.07
20703,-0.01,0.08
20713,-0.01,0.07
20723,-0.01,0.07
20733,-0.01,0.07
20743,-0.01,0.07
20753,-0.01,0.07
20763,-0.01,0.07
20773,-0.01,0.08
20783,-0.01,0.07
20793,-0.01,0.07
20803,-0.01,0.07
20813,-0.01,0.07
20823,-0.01,0.07
20833,-0.01,0.07
20843,-0.01,0.07
20853,-0.01,0.07
20863,-0.01,0.07
20873,-0.02,0.07
20883,-0.02,0.07
20893,-0.03,0.07
20903,-0.04,0.07
20913,-0.05,0.07
20923,-0.08,0.07
20933,-0.11,0.06
20943,-0.15,0.06
20953,-0.17,0.05
20963,-0.20,0.05
20973,-0.23,0.04
20983,-0.26,0.04
20993,-0.29,0.03
21003,-0.32,0.03
21013,-0.33,0.03
21023,-0.33,0.03
21033,-0.33,0.02
21043,-0.33,0.02
21053,-0.33,0.02
21063,-0.33,0.02
21073,-0.35,0.02
21083,-0.36,0.03
21093,-0.36,0.02
21103,-0.36,0.03
21113,-0.36,0.02
21123,-0.36,0.02
21133,-0.35,0.02
21143,-0.35,0.03
21153,-0.35,0.03
21163,-0.35,0.02
21173,-0.35,0.03
21183,-0.35,0.02
21193,-0.35,0.02
21203,-0.35,0.03
21213,-0.35,0.02
21223,-0.35,0.02
21233,-0.35,0.03
21243,-0.34,0.02
21253,-0.34,0.02
21263,-0.35,0.02
21273,-0.34,0.02
21283,-0.34,0.03
21293,-0.34,0.02
21303,-0.34,0.02
21313,-0.34,0.03
21323,-0.34,0.02
21333,-0.34,0.02
21343,-0.34,0.03
21353,-0.34,0.02
21363,-0.34,0.03
21373,-0.34,0.02
21383,-0.34,0.02
21393,-0.34,0.02
21403,-0.34,0.02
21413,-0.34,0.02
21423,-0.34,0.02
21433,-0.34,0.03
21443,-0.34,0.03
21453,-0.34,0.02
21463,-0.34,0.03
21473,-0.34,0.02
21483,-0.34,0.02
21493,-0.34,0.02
21503,-0.34,0.03
21513,-0.34,0.02
21523,-0.34,0.02
21533,-0.34,0.02
21543,-0.34,0.03
21553,-0.33,0.02
21563,-0.34,0.02
21573,-0.34,0.03
21583,-0.34,0.02
21593,-0.34,0.03
21603,-0.34,0.02
21613,-0.34,0.02
21623,-0.34,0.02
21633,-0.34,0.02
21643,-0.34,0.02
21653,-0.34,0.02
21663,-0.34,0.02
21673,-0.34,0.02
21683,-0.34,0.02
21693,-0.34,0.02
21703,-0.34,0.03
21713,-0.34,0.03
21723,-0.34,0.02
21733,-0.34,0.03
21743,-0.34,0.03
21753,-0.34,0.03
21763,-0.34,0.02
21773,-0.34,0.03
21783,-0.34,0.03
21793,-0.34,0.02
21803,-0.34,0.02
21813,-0.34,0.03
21823,-0.34,0.02
21833,-0.34,0.02
21843,-0.34,0.02
21853,-0.34,0.02
21863,-0.34,0.02
21873,-0.34,0.02
21883,-0.34,0.02
21893,-0.34,0.02
21903,-0.34,0.03
21913,-0.34,0.02
21923,-0.34,0.02
21933,-0.34,0.02
21943,-0.34,0.03
21953,-0.34,0.02
21963,-0.34,0.03
21973,-0.34,0.02
21983,-0.34,0.02
21993,-0.34,0.02
22003,-0.34,0.02
22013,-0.34,0.03
22023,-0.34,0.02
22033,-0.34,0.02
22043,-0.34,0.03
22053,-0.34,0.02
22063,-0.34,0.02
22073,-0.34,0.02
22083,-0.34,0.02
22093,-0.34,0.02
22103,-0.34,0.02
22113,-0.34,0.02
22123,-0.34,0.02
22133,-0.34,0.02
22143,-0.34,0.02
22153,-0.34,0.02
22163,-0.34,0.02
22173,-0.34,0.02
22183,-0.34,0.02
22193,-0.34,0.03
22203,-0.34,0.03
22213,-0.34,0.02
22223,-0.34,0.03
22233,-0.34,0.02
22243,-0.34,0.03
22253,-0.34,0.02
22263,-0.34,0.02
22273,-0.34,0.03
22283,-0.34,0.02
22293,-0.34,0.03
22303,-0.34,0.03
22313,-0.34,0.03
22323,-0.34,0.03
22333,-0.34,0.03
22343,-0.34,0.03
22353,-0.34,0.03
22363,-0.34,0.02
22373,-0.34,0.02
22383,-0.34,0.03
22393,-0.34,0.02
22403,-0.34,0.02
22413,-0.34,0.02
22423,-0.34,0.02
22433,-0.34,0.03
22443,-0.34,0.03
22453,-0.34,0.02
22463,-0.35,0.02
22473,-0.34,0.03
22483,-0.34,0.03
22493,-0.34,0.03
22503,-0.34,0.03
22513,-0.35,0.03
22523,-0.34,0.03
22533,-0.34,0.02
22543,-0.34,0.03
22553,-0.34,0.03
22563,-0.34,0.03
22573,-0.35,0.03
22583,-0.35,0.03
22593,-0.34,0.03
22603,-0.34,0.03
22613,-0.34,0.03
22623,-0.34,0.03
22633,-0.34,0.03
22643,-0.34,0.03
22653,-0.33,0.04
22663,-0.33,0.04
22673,-0.33,0.04
22683,-0.32,0.04
22693,-0.31,0.04
22703,-0.30,0.04
22713,-0.29,0.04
22723,-0.27,0.05
22733,-0.26,0.04
22743,-0.25,0.05
22753,-0.24,0.05
22763,-0.23,0.05
22773,-0.22,0.05
22783,-0.21,0.05
22793,-0.21,0.06
22803,-0.20,0.05
22813,-0.20,0.05
22823,-0.19,0.05
22833,-0.18,0.06
22843,-0.16,0.06
22853,-0.15,0.06
22863,-0.13,0.06
22873,-0.12,0.06
22883,-0.10,0.06
22893,-0.09,0.06
22903,-0.08,0.06
22913,-0.07,0.06
22923,-0.06,0.06
22933,-0.05,0.06
22943,-0.04,0.06
22953,-0.03,0.06
22963,-0.02,0.06
22973,-0.00,0.06
22983,0.01,0.06
22993,0.01,0.06
23003,0.01,0.06
23013,0.01,0.06
23023,0.01,0.06
23033,0.01,0.06
23043,0.01,0.06
23053,0.01,0.06
23063,0.01,0.06
23073,0.01,0.06
23083,0.01,0.06
23093,0.01,0.06
23103,0.01,0.06
23113,0.01,0.06
23123,0.01,0.06
23133,0.01,0.06
23143,0.00,0.06
23153,0.00,0.07
23163,0.00,0.07
23173,0.01,0.07
23183,0.01,0.06
23193,0.02,0.06
23203,0.01,0.06
23213,0.01,0.06
23223,0.02,0.06
23233,0.02,0.06
23243,0.02,0.06
23253,0.01,0.06
23263,0.02,0.06
23273,0.02,0.06
23283,0.01,0.06
23293,0.02,0.06
23303,0.02,0.06
23313,0.02,0.06
23323,0.01,0.06
23333,0.01,0.06
23343,0.01,0.06
23353,0.01,0.07
23363,0.01,0.06
23373,0.02,0.06
23383,0.01,0.06
23393,0.01,0.07
23403,0.01,0.07
23413,0.01,0.07
23423,0.01,0.06
23433,0.01,0.07
23443,0.01,0.07
23453,0.01,0.07
23463,0.01,0.07
23473,0.01,0.07
23483,0.01,0.06
23493,0.02,0.06
23503,0.02,0.06
23513,0.02,0.06
23523,0.02,0.06
23533,0.02,0.06
23543,0.01,0.06
23553,0.01,0.06
23563,0.01,0.06
23573,0.02,0.06
23583,0.01,0.06
23593,0.01,0.06
23603,0.01,0.06
23613,0.01,0.06
23623,0.01,0.06
23633,0.02,0.06
23643,0.01,0.06
23653,0.01,0.06
23663,0.01,0.06
23673,0.01,0.06
23683,0.02,0.06
23693,0.01,0.06
23703,0.01,0.06
23713,0.01,0.06
23723,0.01,0.06
23733,0.01,0.06
23743,0.01,0.06
23753,0.01,0.06
23763,0.02,0.05
23773,0.01,0.06
23783,0.01,0.06
23793,0.01,0.06
23803,0.01,0.06
23813,0.01,0.06
23823,0.01,0.06
23833,0.01,0.05
23843,0.02,0.06
23853,0.01,0.05
23863,0.01,0.06
23873,0.01,0.06
23883,0.01,0.06
23893,0.01,0.06
23903,0.01,0.06
23913,0.01,0.06
23923,0.01,0.06
23933,0.00,0.07
23943,0.00,0.08
23953,-0.01,0.09
23963,-0.01,0.10
23973,-0.01,0.10
23983,-0.02,0.11
23993,-0.03,0.12
24003,-0.05,0.13
24013,-0.07,0.14
24023,-0.08,0.15
24033,-0.09,0.17
24043,-0.12,0.18
24053,-0.13,0.20
24063,-0.15,0.21
24073,-0.17,0.24
24083,-0.19,0.26
24093,-0.21,0.27
24103,-0.23,0.29
24113,-0.23,0.30
24123,-0.23,0.29
24133,-0.22,0.28
24143,-0.22,0.28
24153,-0.21,0.28
24163,-0.21,0.28
24173,-0.21,0.28
24183,-0.21,0.27
24193,-0.20,0.27
24203,-0.20,0.27
24213,-0.20,0.27
24223,-0.20,0.27
24233,-0.19,0.27
24243,-0.19,0.26
24253,-0.19,0.26
24263,-0.19,0.26
24273,-0.19,0.26
24283,-0.19,0.26
24293,-0.19,0.26
24303,-0.19,0.26
24313,-0.19,0.26
24323,-0.18,0.26
24333,-0.18,0.26
24343,-0.18,0.26
24353,-0.18,0.26
24363,-0.18,0.26
24373,-0.18,0.26
24383,-0.18,0.26
24393,-0.18,0.26
24403,-0.18,0.26
24413,-0.18,0.26
24423,-0.18,0.26
24433,-0.18,0.26
24443,-0.18,0.26
24453,-0.18,0.26
24463,-0.18,0.25
24473,-0.18,0.26
24483,-0.18,0.26
24493,-0.18,0.25
24503,-0.18,0.26
24513,-0.18,0.26
24523,-0.18,0.26
24533,-0.18,0.26
24543,-0.18,0.26
24553,-0.18,0.26
24563,-0.18,0.26
24573,-0.18,0.26
24583,-0.18,0.26
24593,-0.18,0.26
24603,-0.18,0.26
24613,-0.18,0.26
24623,-0.18,0.26
24633,-0.18,0.26
24643,-0.18,0.25
24653,-0.18,0.25
24663,-0.17,0.25
24673,-0.17,0.26
24683,-0.18,0.26
24693,-0.17,0.25
24703,-0.17,0.26
24713,-0.18,0.26
24723,-0.18,0.26
24733,-0.17,0.26
24743,-0.18,0.26
24753,-0.18,0.26
24763,-0.18,0.26
24773,-0.17,0.26
24783,-0.18,0.26
24793,-0.17,0.26
24803,-0.18,0.26
24813,-0.18,0.26
24823,-0.18,0.25
24833,-0.17,0.26
24843,-0.17,0.26
24853,-0.18,0.26
24863,-0.18,0.26
24873,-0.17,0.26
24883,-0.18,0.26
24893,-0.18,0.26
24903,-0.17,0.26
24913,-0.18,0.26
24923,-0.18,0.26
24933,-0.18,0.26
24943,-0.18,0.26
24953,-0.18,0.26
24963,-0.18,0.26
24973,-0.18,0.26
24983,-0.17,0.26
24993,-0.18,0.26
25003,-0.18,0.26
25013,-0.18,0.26
25023,-0.17,0.26
25033,-0.18,0.26
25043,-0.18,0.26
25053,-0.18,0.26
25063,-0.18,0.26
25073,-0.18,0.26
25083,-0.18,0.26
25093,-0.18,0.26
25103,-0.18,0.26
25113,-0.18,0.26
25123,-0.18,0.26
25133,-0.18,0.26
25143,-0.18,0.26
25153,-0.18,0.26
25163,-0.18,0.26
25173,-0.18,0.26
25183,-0.18,0.26
25193,-0.18,0.26
25203,-0.18,0.26
25213,-0.18,0.26
25223,-0.18,0.26
25233,-0.18,0.26
25243,-0.18,0.26
25253,-0.18,0.26
25263,-0.18,0.26
25273,-0.18,0.26
25283,-0.18,0.26
25293,-0.18,0.26
25303,-0.18,0.26
25313,-0.18,0.26
25323,-0.18,0.26
25333,-0.18,0.26
25343,-0.18,0.26
25353,-0.18,0.26
25363,-0.18,0.26
25373,-0.18,0.26
25383,-0.18,0.26
25393,-0.18,0.26
25403,-0.18,0.26
25413,-0.18,0.26
25423,-0.18,0.26
25433,-0.18,0.26
25443,-0.18,0.26
25453,-0.18,0.26
25463,-0.18,0.26
25473,-0.18,0.26
25483,-0.18,0.26
25493,-0.18,0.26
25503,-0.18,0.26
25513,-0.18,0.27
25523,-0.18,0.27
25533,-0.18,0.26
25543,-0.18,0.27
25553,-0.18,0.27
25563,-0.18,0.27
25573,-0.19,0.27
25583,-0.19,0.27
25593,-0.19,0.27
25603,-0.18,0.27
25613,-0.19,0.27
25623,-0.18,0.27
25633,-0.19,0.27
25643,-0.19,0.27
25653,-0.19,0.28
25663,-0.19,0.28
25673,-0.19,0.28
25683,-0.19,0.28
25693,-0.19,0.28
25703,-0.20,0.28
25713,-0.19,0.28
25723,-0.19,0.27
25733,-0.18,0.27
25743,-0.17,0.26
25753,-0.16,0.26
25763,-0.16,0.25
25773,-0.15,0.24
25783,-0.14,0.23
25793,-0.12,0.22
25803,-0.12,0.21
25813,-0.10,0.21
25823,-0.10,0.20
25833,-0.10,0.21
25843,-0.10,0.21
25853,-0.10,0.21
25863,-0.10,0.20
25873,-0.09,0.19
25883,-0.08,0.19
25893,-0.07,0.18
25903,-0.06,0.17
25913,-0.05,0.16
25923,-0.03,0.15
25933,-0.02,0.14
25943,-0.00,0.14
25953,0.00,0.13
25963,0.01,0.13
25973,0.01,0.12
25983,0.02,0.12
25993,0.03,0.12
26003,0.03,0.12
26013,0.04,0.11
26023,0.05,0.10
26033,0.05,0.09
26043,0.05,0.07
26053,0.04,0.07
26063,0.04,0.06
26073,0.04,0.06
26083,0.04,0.05
26093,0.04,0.05
26103,0.04,0.05
26113,0.04,0.05
26123,0.04,0.05
26133,0.04,0.05
26143,0.04,0.05
26153,0.04,0.05
26163,0.04,0.05
26173,0.04,0.05
26183,0.04,0.05
26193,0.05,0.05
26203,0.05,0.05
26213,0.05,0.05
26223,0.04,0.05
26233,0.05,0.05
26243,0.04,0.05
26253,0.04,0.05
26263,0.04,0.05
26273,0.04,0.05
26283,0.04,0.05
26293,0.05,0.05
26303,0.04,0.05
26313,0.04,0.05
26323,0.05,0.05
26333,0.05,0.06
26343,0.04,0.05
26353,0.05,0.05
26363,0.05,0.05
26373,0.05,0.06
26383,0.04,0.05
26393,0.05,0.06
26403,0.04,0.05
26413,0.05,0.06
26423,0.05,0.05
26433,0.05,0.05
26443,0.05,0.05
26453,0.05,0.05
26463,0.05,0.06
26473,0.05,0.05
26483,0.05,0.05
26493,0.05,0.05
26503,0.05,0.05
26513,0.05,0.05
26523,0.04,0.05
26533,0.05,0.05
26543,0.05,0.05
26553,0.05,0.05
26563,0.05,0.05
26573,0.05,0.05
26583,0.05,0.05
26593,0.05,0.05
26603,0.05,0.05
26613,0.05,0.05
26623,0.04,0.05
26633,0.05,0.05
26643,0.05,0.05
26653,0.05,0.05
26663,0.05,0.05
26673,0.05,0.05
26683,0.05,0.05
26693,0.05,0.05
26703,0.05,0.05
26713,0.05,0.05
26723,0.04,0.05
26733,0.05,0.06
26743,0.05,0.05
26753,0.05,0.06
26763,0.05,0.05
26773,0.05,0.05
26783,0.05,0.05
26793,0.04,0.05
26803,0.05,0.05
26813,0.05,0.05
26823,0.05,0.06
26833,0.05,0.06
26843,0.05,0.05
26853,0.05,0.05
26863,0.05,0.06
26873,0.04,0.05
26883,0.05,0.05
26893,0.04,0.06
26903,0.05,0.06
26913,0.05,0.05
26923,0.05,0.06
26933,0.05,0.05
26943,0.05,0.06
26953,0.04,0.06
26963,0.05,0.06
26973,0.05,0.06
26983,0.05,0.06
26993,0.05,0.06
27003,0.05,0.06
27013,0.05,0.06
27023,0.05,0.06
27033,0.05,0.06
27043,0.05,0.06
27053,0.05,0.06
27063,0.05,0.06
27073,0.05,0.06
27083,0.04,0.06
27093,0.05,0.06
27103,0.05,0.06
27113,0.05,0.06
27123,0.05,0.06
27133,0.04,0.06
27143,0.05,0.06
27153,0.05,0.06
27163,0.05,0.06
27173,0.05,0.06
27183,0.05,0.06
27193,0.04,0.05
27203,0.05,0.06
27213,0.05,0.06
27223,0.05,0.06
27233,0.05,0.06
27243,0.05,0.06
27253,0.05,0.06
27263,0.04,0.06
